date,event,ticker,family,strike,result,settle,bid,ask,cum_vol,oi,quote_ts,spx_open,spx_close,prev_close,ewma,VIX,VIX9D,VIX3M,VIX6M,VIX1Y,VIX1D,SKEW,VIX_spxprev,VIX9D_spxprev,VIX1D_spxprev
2023-06-28,INXDU-23JUN28,INXDU-23JUN28-T4374.99,INXDU,4374.99,1,4376.86,0.32,0.38,0.0,405.0,1687959060,4367.47998046875,4376.85986328125,4378.41015625,,13.74,12.05,16.44,18.88,21.0,10.54,140.56,13.74,12.05,10.54
2023-06-29,INXDU-23JUN29,INXDU-23JUN29-T4374.99,INXDU,4374.99,1,4396.44,0.46,0.51,186.0,199.0,1688045460,4374.93994140625,4396.43994140625,4376.85986328125,,13.43,11.74,15.9,18.34,20.55,11.36,138.37,13.43,11.74,11.36
2023-07-03,INXDU-23JUL03,INXDU-23JUL03-T4449.99,INXDU,4449.99,1,4455.59,0.33,0.41,277.0,116.0,1688391060,4450.47998046875,4455.58984375,4450.3798828125,,13.59,11.53,16.02,18.33,20.53,15.3,149.96,13.59,11.53,15.3
2023-07-05,INXDU-23JUL05,INXDU-23JUL05-T4449.99,INXDU,4449.99,0,4446.82,0.26,0.29,2.0,36.0,1688563860,4442.0400390625,4446.81982421875,4455.58984375,,13.57,12.0,16.07,18.37,20.21,9.89,145.24,13.57,12.0,9.89
2023-07-06,INXDU-23JUL06,INXDU-23JUL06-T4374.99,INXDU,4374.99,1,4411.59,0.86,0.93,242.0,242.0,1688650260,4422.6201171875,4411.58984375,4446.81982421875,,14.18,12.57,16.51,18.71,20.75,9.99,144.08,14.18,12.57,9.99
2023-07-06,INXDU-23JUL06,INXDU-23JUL06-T4449.99,INXDU,4449.99,0,4411.59,0.04,0.1,2.0,131.0,1688650260,4422.6201171875,4411.58984375,4446.81982421875,,14.18,12.57,16.51,18.71,20.75,9.99,144.08,14.18,12.57,9.99
2023-07-07,INXDU-23JUL07,INXDU-23JUL07-T4399.99,INXDU,4399.99,0,4398.95,0.48,0.52,627.0,170.0,1688736660,4404.5400390625,4398.9501953125,4411.58984375,,15.44,13.96,17.52,19.5,21.34,13.92,148.45,15.44,13.96,13.92
2023-07-07,INXDU-23JUL07,INXDU-23JUL07-T4474.99,INXDU,4474.99,0,4398.95,0.0,0.1,0.0,70.0,1688736600,4404.5400390625,4398.9501953125,4411.58984375,,15.44,13.96,17.52,19.5,21.34,13.92,148.45,15.44,13.96,13.92
2023-07-10,INXDU-23JUL10,INXDU-23JUL10-T4399.99,INXDU,4399.99,1,4409.53,0.4,0.48,43.0,1352.0,1688995860,4394.22998046875,4409.52978515625,4398.9501953125,,14.83,12.6,17.24,19.31,21.23,11.25,148.13,14.83,12.6,11.25
2023-07-12,INXDU-23JUL12,INXDU-23JUL12-T4449.99,INXDU,4449.99,1,4472.16,0.78,0.86,50.0,166.0,1689168660,4467.68994140625,4472.16015625,4439.259765625,,14.84,13.7,16.97,18.97,20.89,15.91,143.99,14.84,13.7,15.91
2023-07-12,INXDU-23JUL12,INXDU-23JUL12-T4524.99,INXDU,4524.99,0,4472.16,0.01,0.07,5.0,5.0,1689168660,4467.68994140625,4472.16015625,4439.259765625,,14.84,13.7,16.97,18.97,20.89,15.91,143.99,14.84,13.7,15.91
2023-07-14,INXDU-23JUL14,INXDU-23JUL14-T4424.99,INXDU,4424.99,1,4505.42,0.94,1.0,0.0,10001.0,1689341460,4514.60986328125,4505.419921875,4510.0400390625,,13.61,12.13,16.12,18.24,20.3,12.06,147.08,13.61,12.13,12.06
2023-07-14,INXDU-23JUL14,INXDU-23JUL14-T4574.99,INXDU,4574.99,0,4505.42,0.01,0.04,0.0,2.0,1689341460,4514.60986328125,4505.419921875,4510.0400390625,,13.61,12.13,16.12,18.24,20.3,12.06,147.08,13.61,12.13,12.06
2023-07-18,INXDU-23JUL18,INXDU-23JUL18-T4524.99,INXDU,4524.99,1,4554.98,0.34,0.42,0.0,703.0,1689687000,4521.77978515625,4554.97998046875,4522.7900390625,,13.48,13.09,16.27,18.27,20.59,9.72,142.24,13.48,13.09,9.72
2023-07-19,INXDU-23JUL19,INXDU-23JUL19-T4549.99,INXDU,4549.99,1,4565.72,0.77,0.8,0.0,8.0,1689773460,4563.8701171875,4565.72021484375,4554.97998046875,0.00902009714469142,13.3,13.15,16.13,18.15,20.54,9.63,141.86,13.3,13.15,9.63
2023-07-20,INXDU-23JUL20,INXDU-23JUL20-T4549.99,INXDU,4549.99,0,4534.87,0.59,0.65,5.0,530.0,1689859860,4554.3798828125,4534.8701171875,4565.72021484375,0.008764314487884894,13.76,13.36,16.56,18.59,20.81,10.65,141.25,13.76,13.36,10.65
2023-07-21,INXDU-23JUL21,INXDU-23JUL21-T4524.99,INXDU,4524.99,1,4536.34,0.85,0.91,6.0,198.0,1689946260,4550.16015625,4536.33984375,4534.8701171875,0.008658080748514835,13.99,13.57,16.66,18.74,20.84,11.26,142.82,13.99,13.57,11.26
2023-07-21,INXDU-23JUL21,INXDU-23JUL21-T4599.99,INXDU,4599.99,0,4536.34,0.01,0.04,56.0,56.0,1689946260,4550.16015625,4536.33984375,4534.8701171875,0.008658080748514835,13.99,13.57,16.66,18.74,20.84,11.26,142.82,13.99,13.57,11.26
2023-07-25,INXDU-23JUL25,INXDU-23JUL25-T4549.99,INXDU,4549.99,1,4567.46,0.56,0.58,66.0,141.0,1690291860,4555.18994140625,4567.4599609375,4554.64013671875,0.008198486182456312,13.91,13.41,16.26,18.39,20.54,9.32,143.75,13.91,13.41,9.32
2023-07-26,INXDU-23JUL26,INXDU-23JUL26-T4574.99,INXDU,4574.99,0,4566.75,0.34,0.36,0.0,131.0,1690378260,4558.9599609375,4566.75,4567.4599609375,0.007978489006327675,13.86,13.49,16.22,18.36,20.54,15.14,142.18,13.86,13.49,15.14
2023-07-27,INXDU-23JUL27,INXDU-23JUL27-T4649.99,INXDU,4649.99,0,4537.41,0.0,0.06,1980.0,1980.0,1690464600,4598.259765625,4537.41015625,4566.75,0.007735525817589468,13.19,11.74,15.79,18.12,20.38,10.42,143.58,13.19,11.74,10.42
2023-07-28,INXDU-23JUL28,INXDU-23JUL28-T4524.99,INXDU,4524.99,1,4582.23,0.92,1.0,20.0,138.0,1690551060,4565.75,4582.22998046875,4537.41015625,0.007664246226911725,14.41,13.47,16.63,18.74,20.76,14.81,147.93,14.41,13.47,14.81
2023-07-28,INXDU-23JUL28,INXDU-23JUL28-T4599.99,INXDU,4599.99,0,4582.23,0.06,0.12,0.0,5.0,1690551060,4565.75,4582.22998046875,4537.41015625,0.007664246226911725,14.41,13.47,16.63,18.74,20.76,14.81,147.93,14.41,13.47,14.81
2023-08-02,INXDU-23AUG02,INXDU-23AUG02-T4574.99,INXDU,4574.99,0,4513.39,0.05,0.14,0.0,506.0,1690983000,4550.93017578125,4513.39013671875,4576.72998046875,0.007379709580215901,13.93,13.01,16.34,18.62,20.74,9.42,142.57,13.93,13.01,9.42
2023-08-04,INXDU-23AUG04,INXDU-23AUG04-T4574.99,INXDU,4574.99,0,4478.03,0.01,0.05,0.0,668.0,1691155620,4513.9599609375,4478.02978515625,4501.89013671875,0.0077113820631319885,15.92,15.06,17.72,19.68,21.47,15.3,147.38,15.92,15.06,15.3
2023-08-07,INXDU-23AUG07,INXDU-23AUG07-T4474.99,INXDU,4474.99,1,4518.44,0.81,0.91,0.0,104.0,1691415060,4491.580078125,4518.43994140625,4478.02978515625,0.007588930249453047,17.1,16.09,18.61,20.18,21.78,14.69,153.35,17.1,16.09,14.69
2023-08-07,INXDU-23AUG07,INXDU-23AUG07-T4549.99,INXDU,4549.99,0,4518.44,0.0,0.06,5.0,8.0,1691415060,4491.580078125,4518.43994140625,4478.02978515625,0.007588930249453047,17.1,16.09,18.61,20.18,21.78,14.69,153.35,17.1,16.09,14.69
2023-08-08,INXDU-23AUG08,INXDU-23AUG08-T4524.99,INXDU,4524.99,0,4499.38,0.06,0.08,10.0,124.0,1691501460,4498.02978515625,4499.3798828125,4518.43994140625,0.007679755037243697,15.77,14.68,17.72,19.48,21.44,10.49,148.54,15.77,14.68,10.49
2023-08-09,INXDU-23AUG09,INXDU-23AUG09-T4499.99,INXDU,4499.99,0,4467.71,0.5,0.51,408.0,583.0,1691587860,4501.56982421875,4467.7099609375,4499.3798828125,0.007517450919683467,15.99,14.81,18.13,19.9,21.71,11.08,142.3,15.99,14.81,11.08
2023-08-10,INXDU-23AUG10,INXDU-23AUG10-T4549.99,INXDU,4549.99,0,4468.83,0.01,0.06,100.0,100.0,1691674140,4487.16015625,4468.830078125,4467.7099609375,0.007490997382521226,15.96,15.33,18.05,19.86,21.67,17.44,137.12,15.96,15.33,17.44
2023-08-18,INXDU-23AUG18,INXDU-23AUG18-T4299.99,INXDU,4299.99,1,4369.71,0.89,0.94,0.0,8.0,1692365460,4344.8798828125,4369.7099609375,4370.35986328125,0.007375914585803046,17.89,17.47,19.83,21.42,22.7,15.97,132.51,17.89,17.47,15.97
2023-08-18,INXDU-23AUG18,INXDU-23AUG18-T4374.99,INXDU,4374.99,0,4369.71,0.12,0.17,0.0,7.0,1692365460,4344.8798828125,4369.7099609375,4370.35986328125,0.007375914585803046,17.89,17.47,19.83,21.42,22.7,15.97,132.51,17.89,17.47,15.97
2023-08-23,INXDU-23AUG23,INXDU-23AUG23-T4449.99,INXDU,4449.99,0,4436.01,0.0,0.07,0.0,250.0,1692797220,4396.43994140625,4436.009765625,4387.5498046875,0.006950055205927774,16.97,16.39,18.72,20.77,22.54,12.82,134.06,16.97,16.39,12.82
2023-08-24,INXDU-23AUG24,INXDU-23AUG24-T4499.99,INXDU,4499.99,0,4376.31,0.0,0.09,0.0,6.0,1692883860,4455.16015625,4376.31005859375,4436.009765625,0.007255647011771818,15.98,15.34,17.94,20.06,21.79,15.34,131.82,15.98,15.34,15.34
2023-08-29,INXDU-23AUG29,INXDU-23AUG29-T4474.99,INXDU,4474.99,1,4497.63,0.01,0.11,150.0,450.0,1693315860,4432.75,4497.6298828125,4433.31005859375,0.007717557943424148,15.68,13.78,17.72,19.76,21.5,13.96,132.27,15.08,13.53,11.35
2023-09-11,INXDU-23SEP11,INXDU-23SEP11-T4524.99,INXDU,4524.99,0,4487.46,0.0,0.08,0.0,1.0,1694438640,4480.97998046875,4487.4599609375,4457.490234375,0.007612280844260095,13.84,12.38,16.14,18.27,20.32,10.92,138.18,13.84,12.38,10.92
2023-09-20,INXDU-23SEP20,INXDU-23SEP20-T4524.99,INXDU,4524.99,0,4402.2,0.0,0.08,0.0,6.0,1695216300,4452.81005859375,4402.2001953125,4443.9501953125,0.007419454340123387,14.11,14.23,16.13,18.17,20.19,13.79,137.31,14.11,14.23,13.79
2023-10-02,INXDU-23OCT02,INXDU-23OCT02-T4224.99,INXDU,4224.99,1,4288.39,0.9,1.0,0.0,53.0,1696253460,4284.52001953125,4288.39013671875,4288.0498046875,0.007918481803525779,17.52,17.2,18.51,20.18,21.85,17.29,134.5,17.52,17.2,17.29
2023-10-02,INXDU-23OCT02,INXDU-23OCT02-T4299.99,INXDU,4299.99,0,4288.39,0.22,0.29,4.0,4.0,1696253460,4284.52001953125,4288.39013671875,4288.0498046875,0.007918481803525779,17.52,17.2,18.51,20.18,21.85,17.29,134.5,17.52,17.2,17.29
2023-10-09,INXDU-23OCT09,INXDU-23OCT09-T4224.99,INXDU,4224.99,1,4335.66,0.89,0.98,0.0,100.0,1696858260,4289.02001953125,4335.66015625,4308.5,0.00820944735773933,17.45,16.29,18.73,20.49,22.25,15.47,129.36,17.45,16.29,15.47
2023-10-09,INXDU-23OCT09,INXDU-23OCT09-T4299.99,INXDU,4299.99,1,4335.66,0.34,0.44,45.0,49.0,1696858260,4289.02001953125,4335.66015625,4308.5,0.00820944735773933,17.45,16.29,18.73,20.49,22.25,15.47,129.36,17.45,16.29,15.47
2023-10-10,INXDU-23OCT10,INXDU-23OCT10-T4324.99,INXDU,4324.99,1,4358.24,0.68,0.74,50.0,200.0,1696944660,4339.75,4358.240234375,4335.66015625,0.008106828474567642,17.7,17.88,18.81,20.56,22.42,15.12,133.64,17.7,17.88,15.12
2023-10-17,INXDU-23OCT17,INXDU-23OCT17-T4374.99,INXDU,4374.99,0,4373.2,0.14,0.21,10.0,2800.0,1697549460,4345.22998046875,4373.2001953125,4373.6298828125,0.007783589334877749,17.21,17.19,18.79,20.64,22.62,14.28,137.95,17.21,17.19,14.28
2023-10-18,INXDU-23OCT18,INXDU-23OCT18-T4299.99,INXDU,4299.99,1,4314.6,0.93,1.0,0.0,100.0,1697635860,4357.35009765625,4314.60009765625,4373.2001953125,0.007546508277546223,17.88,17.71,19.26,21.06,22.93,14.33,138.72,17.88,17.71,14.33
2023-10-18,INXDU-23OCT18,INXDU-23OCT18-T4374.99,INXDU,4374.99,0,4314.6,0.22,0.29,0.0,39.0,1697635860,4357.35009765625,4314.60009765625,4373.2001953125,0.007546508277546223,17.88,17.71,19.26,21.06,22.93,14.33,138.72,17.88,17.71,14.33
2023-10-23,INXDU-23OCT23,INXDU-23OCT23-T4299.99,INXDU,4299.99,0,4217.04,0.0,0.09,0.0,10.0,1698067860,4210.39990234375,4217.0400390625,4224.16015625,0.008406399634440866,21.71,20.76,22.44,23.6,24.61,20.71,136.74,21.71,20.76,20.71
2023-10-27,INXDU-23OCT27,INXDU-23OCT27-T4149.99,INXDU,4149.99,0,4117.37,0.51,0.57,252.0,576.0,1698413400,4152.93017578125,4117.3701171875,4137.22998046875,0.00885215868899484,20.68,20.8,21.57,23.02,24.31,18.63,133.38,20.68,20.8,18.63
2023-11-09,INXDU-23NOV09,INXDU-23NOV09-T4374.99,INXDU,4374.99,0,4347.35,0.73,0.79,0.0,10.0,1699540260,4391.41015625,4347.35009765625,4382.77978515625,0.008900080074775643,14.45,13.83,16.64,18.89,21.21,11.15,139.41,14.45,13.83,11.15
2023-11-09,INXDU-23NOV09,INXDU-23NOV09-T4449.99,INXDU,4449.99,0,4347.35,0.0,0.09,2.0,2.0,1699539960,4391.41015625,4347.35009765625,4382.77978515625,0.008900080074775643,14.45,13.83,16.64,18.89,21.21,11.15,139.41,14.45,13.83,11.15
2023-11-10,INXDU-23NOV10,INXDU-23NOV10-T4349.99,INXDU,4349.99,1,4415.24,0.67,0.77,0.0,24.0,1699626660,4364.14990234375,4415.240234375,4347.35009765625,0.008855035263438992,15.29,14.7,17.3,19.37,21.55,13.39,139.28,15.29,14.7,13.39
2023-11-10,INXDU-23NOV10,INXDU-23NOV10-T4424.99,INXDU,4424.99,0,4415.24,0.0,0.06,0.0,215.0,1699626600,4364.14990234375,4415.240234375,4347.35009765625,0.008855035263438992,15.29,14.7,17.3,19.37,21.55,13.39,139.28,15.29,14.7,13.39
2023-11-13,INXDU-23NOV13,INXDU-23NOV13-T4424.99,INXDU,4424.99,0,4411.55,0.15,0.25,30.0,30.0,1699885860,4406.66015625,4411.5498046875,4415.240234375,0.00938690614266701,14.17,12.78,16.52,18.69,21.0,12.17,139.81,14.17,12.78,12.17
2023-11-17,INXDU-23NOV17,INXDU-23NOV17-T4574.99,INXDU,4574.99,0,4514.02,0.0,0.1,0.0,5.0,1700231040,4509.5498046875,4514.02001953125,4508.240234375,0.009380122211035827,14.32,11.81,16.14,18.46,20.83,11.49,154.45,14.32,11.81,11.49
2023-11-27,INXDU-23NOV27,INXDU-23NOV27-T4549.99,INXDU,4549.99,1,4550.43,0.63,0.73,0.0,297.0,1701095460,4554.85986328125,4550.43017578125,4559.33984375,0.008277516548735753,12.46,9.83,15.12,17.81,20.36,8.77,144.54,12.46,9.83,8.77
2023-11-30,INXDU-23NOV30,INXDU-23NOV30-T4549.99,INXDU,4549.99,1,4567.8,0.6,0.67,100.0,103.0,1701354660,4554.8701171875,4567.7998046875,4550.580078125,0.007564398334260922,12.98,12.05,15.51,18.03,20.5,10.39,139.82,12.98,12.05,10.39
2023-12-01,INXDU-23DEC01,INXDU-23DEC01-T4574.99,INXDU,4574.99,1,4594.63,0.25,0.32,4.0,23.0,1701441000,4559.43017578125,4594.6298828125,4567.7998046875,0.007392080531050198,12.92,12.3,15.44,17.91,20.44,11.44,140.91,12.92,12.3,11.44
2023-12-04,INXDU-23DEC04,INXDU-23DEC04-T4599.99,INXDU,4599.99,0,4569.78,0.01,0.1,13.0,47.0,1701700260,4564.3701171875,4569.77978515625,4594.6298828125,0.007309051111077403,12.63,11.98,15.36,17.83,20.39,10.62,138.04,12.63,11.98,10.62
2023-12-18,INXDU-23DEC18,INXDU-23DEC18-T4699.99,INXDU,4699.99,1,4740.56,0.9,0.97,0.0,69.0,1702909800,4725.580078125,4740.56005859375,4719.18994140625,0.0067560597377726815,12.28,10.87,15.13,17.32,19.89,9.84,153.26,12.28,10.87,9.84
2023-12-19,INXDU-23DEC19,INXDU-23DEC19-T4724.99,INXDU,4724.99,1,4768.37,0.78,0.88,2503.0,3003.0,1702996200,4743.72021484375,4768.3701171875,4740.56005859375,0.006643077214950105,12.56,11.44,15.47,17.59,20.03,8.8,139.36,12.56,11.44,8.8
2023-12-19,INXDU-23DEC19,INXDU-23DEC19-T4799.99,INXDU,4799.99,0,4768.37,0.0,0.06,0.0,3.0,1702996260,4743.72021484375,4768.3701171875,4740.56005859375,0.006643077214950105,12.56,11.44,15.47,17.59,20.03,8.8,139.36,12.56,11.44,8.8
2024-01-03,INXDU-24JAN03,INXDU-24JAN03-T4724.99,INXDU,4724.99,0,4704.81,0.41,0.5,29.0,213.0,1704292260,4725.06982421875,4704.81005859375,4742.830078125,0.0065460786979689945,13.2,12.59,15.48,17.68,20.19,9.45,134.8,13.2,12.59,9.45
2024-01-05,INXDU-24JAN05,INXDU-24JAN05-T4674.99,INXDU,4674.99,1,4697.24,0.73,0.76,58.0,1391.0,1704465060,4690.56982421875,4697.240234375,4688.68017578125,0.006498041194324338,14.13,13.06,16.04,18.02,20.28,13.1,136.6,14.13,13.06,13.1
2024-01-08,INXDU-24JAN08,INXDU-24JAN08-T4699.99,INXDU,4699.99,1,4763.54,0.56,0.58,50.0,114.0,1704724260,4703.7001953125,4763.5400390625,4697.240234375,0.006315907502680834,13.35,11.71,15.51,17.56,20.05,10.0,132.68,13.35,11.71,10.0
2024-01-09,INXDU-24JAN09,INXDU-24JAN09-T4749.99,INXDU,4749.99,1,4756.5,0.26,0.36,334.0,378.0,1704810660,4741.93017578125,4756.5,4763.5400390625,0.007020264955480697,13.08,11.7,15.14,17.09,19.61,9.45,137.05,13.08,11.7,9.45
2024-01-10,INXDU-24JAN10,INXDU-24JAN10-T4749.99,INXDU,4749.99,1,4783.45,0.64,0.69,740.0,1010.0,1704897060,4759.93994140625,4783.4501953125,4756.5,0.006816033799503359,12.76,11.35,14.9,16.96,19.66,9.02,140.95,12.76,11.35,9.02
2024-01-11,INXDU-24JAN11,INXDU-24JAN11-T4774.99,INXDU,4774.99,1,4780.24,0.75,0.77,670.0,500.0,1704983460,4792.1298828125,4780.240234375,4783.4501953125,0.006751749917504879,12.69,11.09,14.73,16.75,19.25,13.82,137.4,12.69,11.09,13.82
2024-01-11,INXDU-24JAN11,INXDU-24JAN11-T4849.99,INXDU,4849.99,0,4780.24,0.0,0.07,0.0,26.0,1704983460,4792.1298828125,4780.240234375,4783.4501953125,0.006751749917504879,12.69,11.09,14.73,16.75,19.25,13.82,137.4,12.69,11.09,13.82
2024-01-12,INXDU-24JAN12,INXDU-24JAN12-T4774.99,INXDU,4774.99,1,4783.83,0.77,0.79,510.0,718.0,1705069860,4791.18017578125,4783.830078125,4780.240234375,0.006548129280169258,12.44,10.75,14.56,16.68,19.17,11.15,140.36,12.44,10.75,11.15
2024-01-16,INXDU-24JAN16,INXDU-24JAN16-T4849.99,INXDU,4849.99,0,4765.98,0.24,0.3,7.0,7.0,1705415460,4772.35009765625,4765.97998046875,4783.830078125,0.006351309523079482,12.7,10.52,14.94,16.85,19.47,11.67,143.81,12.7,10.52,11.67
2024-01-18,INXDU-24JAN18,INXDU-24JAN18-T4799.99,INXDU,4799.99,0,4780.94,0.0,0.02,75.0,75.0,1705588260,4760.10009765625,4780.93994140625,4739.2099609375,0.006191566647439787,14.79,13.32,16.38,17.9,20.03,11.38,147.76,14.79,13.32,11.38
2024-01-22,INXU-24JAN22,INXU-24JAN22-T4824.99,INXU,4824.99,1,4850.43,0.9,0.92,136.0,417.0,1705933860,4853.419921875,4850.43017578125,4839.81005859375,0.006869820176260616,13.3,11.82,15.26,16.94,19.18,10.15,147.76,13.3,11.82,10.15
2024-01-22,INXU-24JAN22,INXU-24JAN22-T4899.99,INXU,4899.99,0,4850.43,0.0,0.07,0.0,133.0,1705933860,4853.419921875,4850.43017578125,4839.81005859375,0.006869820176260616,13.3,11.82,15.26,16.94,19.18,10.15,147.76,13.3,11.82,10.15
2024-01-24,INXU-24JAN24,INXU-24JAN24-T4849.99,INXU,4849.99,1,4868.55,0.96,0.98,80.0,129.0,1706106660,4888.56005859375,4868.5498046875,4864.60009765625,0.006517863602312315,12.55,12.49,14.52,16.36,18.68,8.63,148.12,12.55,12.49,8.63
2024-01-24,INXU-24JAN24,INXU-24JAN24-T4924.99,INXU,4924.99,0,4868.55,0.04,0.06,150.0,230.0,1706106660,4888.56005859375,4868.5498046875,4864.60009765625,0.006517863602312315,12.55,12.49,14.52,16.36,18.68,8.63,148.12,12.55,12.49,8.63
2024-01-25,INXU-24JAN25,INXU-24JAN25-T4849.99,INXU,4849.99,1,4894.16,0.89,0.99,103.0,624.0,1706193060,4886.66015625,4894.16015625,4868.5498046875,0.006322429961523782,13.14,13.58,14.97,16.73,18.91,10.74,150.25,13.14,13.58,10.74
2024-01-25,INXU-24JAN25,INXU-24JAN25-T4924.99,INXU,4924.99,0,4894.16,0.0,0.1,20.0,20.0,1706193060,4886.66015625,4894.16015625,4868.5498046875,0.006322429961523782,13.14,13.58,14.97,16.73,18.91,10.74,150.25,13.14,13.58,10.74
2024-01-26,INXU-24JAN26,INXU-24JAN26-T4874.99,INXU,4874.99,1,4890.97,0.76,0.78,43.0,561.0,1706279460,4888.91015625,4890.97021484375,4894.16015625,0.006263088930525349,13.45,13.74,15.1,16.83,19.19,11.06,153.05,13.45,13.74,11.06
2024-01-29,INXU-24JAN29,INXU-24JAN29-T4874.99,INXU,4874.99,1,4927.93,0.77,0.79,121.0,100.0,1706538660,4892.9501953125,4927.93017578125,4890.97021484375,0.006074389926396102,13.26,13.07,15.03,16.86,19.05,9.47,151.36,13.26,13.07,9.47
2024-01-31,INXU-24JAN31,INXU-24JAN31-T4924.99,INXU,4924.99,0,4845.65,0.22,0.3,80.0,403.0,1706711460,4899.18994140625,4845.64990234375,4924.97021484375,0.005985104092561716,13.31,13.72,15.14,16.93,20.55,14.5,148.73,13.31,13.72,14.5
2024-01-31,INXU-24JAN31,INXU-24JAN31-T4999.99,INXU,4999.99,0,4845.65,0.0,0.04,0.0,100.0,1706711400,4899.18994140625,4845.64990234375,4924.97021484375,0.005985104092561716,13.31,13.72,15.14,16.93,20.55,14.5,148.73,13.31,13.72,14.5
2024-02-01,INXU-24FEB01,INXU-24FEB01-T4824.99,INXU,4824.99,1,4906.19,0.93,0.94,404.0,459.0,1706797860,4861.10986328125,4906.18994140625,4845.64990234375,0.007034925709779654,14.35,14.55,15.96,17.58,19.76,13.47,150.21,14.35,14.55,13.47
2024-02-01,INXU-24FEB01,INXU-24FEB01-T4899.99,INXU,4899.99,1,4906.19,0.1,0.12,1034.0,1112.0,1706797860,4861.10986328125,4906.18994140625,4845.64990234375,0.007034925709779654,14.35,14.55,15.96,17.58,19.76,13.47,150.21,14.35,14.55,13.47
2024-02-06,INXU-24FEB06,INXU-24FEB06-T4924.99,INXU,4924.99,1,4954.23,0.9,0.91,20.0,457.0,1707229860,4950.16015625,4954.22998046875,4942.81005859375,0.007500693669537785,13.67,13.35,15.33,17.06,19.26,9.7,155.49,13.67,13.35,9.7
2024-02-07,INXU-24FEB07,INXU-24FEB07-T4949.99,INXU,4949.99,1,4995.06,0.86,0.96,390.0,354.0,1707316260,4973.0498046875,4995.06005859375,4954.22998046875,0.007294129628989387,13.06,12.46,14.99,16.82,19.09,9.86,152.82,13.06,12.46,9.86
2024-02-08,INXU-24FEB08,INXU-24FEB08-T4974.99,INXU,4974.99,1,4997.91,0.75,0.77,83.0,96.0,1707402660,4995.16015625,4997.91015625,4995.06005859375,0.007352143578530115,12.83,11.96,14.85,16.69,18.97,10.1,151.41,12.83,11.96,10.1
2024-02-09,INXU-24FEB09,INXU-24FEB09-T4974.99,INXU,4974.99,1,5026.61,0.84,0.91,521.0,904.0,1707489060,5004.169921875,5026.60986328125,4997.91015625,0.0071295368521324225,12.79,11.6,14.93,16.73,18.94,10.0,150.36,12.79,11.6,10.0
2024-02-09,INXU-24FEB09,INXU-24FEB09-T5049.99,INXU,5049.99,0,5026.61,0.02,0.04,30.0,88.0,1707488940,5004.169921875,5026.60986328125,4997.91015625,0.0071295368521324225,12.79,11.6,14.93,16.73,18.94,10.0,150.36,12.79,11.6,10.0
2024-02-15,INXU-24FEB15,INXU-24FEB15-T4999.99,INXU,4999.99,1,5029.73,0.57,0.6,253.0,500.0,1708007460,5003.14013671875,5029.72998046875,5000.6201171875,0.007583760743101725,14.38,12.92,15.93,17.62,19.48,12.1,160.4,14.38,12.92,12.1
2024-02-16,INXU-24FEB16,INXU-24FEB16-T5024.99,INXU,5024.99,0,5005.57,0.54,0.56,1003.0,1884.0,1708093860,5031.1298828125,5005.56982421875,5029.72998046875,0.007488930827827134,14.01,12.47,15.76,17.53,19.77,12.93,148.9,14.01,12.47,12.93
2024-02-21,INXU-24FEB21,INXU-24FEB21-T4974.99,INXU,4974.99,1,4981.8,0.31,0.37,2.0,3.0,1708525860,4963.02978515625,4981.7998046875,4975.509765625,0.007282883067007501,15.42,14.85,16.41,18.0,20.2,11.88,141.45,15.42,14.85,11.88
2024-02-22,INXU-24FEB22,INXU-24FEB22-T4974.99,INXU,4974.99,1,5087.03,0.96,1.0,0.0,20.0,1708612260,5038.830078125,5087.02978515625,4981.7998046875,0.007067795443002915,15.34,14.65,16.23,17.78,19.87,17.83,142.72,15.34,14.65,17.83
2024-02-22,INXU-24FEB22,INXU-24FEB22-T5049.99,INXU,5049.99,1,5087.03,0.43,0.44,1559.0,610.0,1708612260,5038.830078125,5087.02978515625,4981.7998046875,0.007067795443002915,15.34,14.65,16.23,17.78,19.87,17.83,142.72,15.34,14.65,17.83
2024-02-23,INXU-24FEB23,INXU-24FEB23-T5074.99,INXU,5074.99,1,5088.8,0.86,0.88,381.0,460.0,1708698660,5100.919921875,5088.7998046875,5087.02978515625,0.00855408448351001,14.54,13.17,15.77,17.39,19.51,12.03,145.91,14.54,13.17,12.03
2024-02-27,INXU-24FEB27,INXU-24FEB27-T5049.99,INXU,5049.99,1,5078.18,0.86,0.9,242.0,403.0,1709044260,5074.60009765625,5078.18017578125,5069.52978515625,0.008094786028629106,13.74,13.13,15.22,17.04,19.35,9.82,143.6,13.74,13.13,9.82
2024-02-28,INXU-24FEB28,INXU-24FEB28-T4999.99,INXU,4999.99,1,5069.76,0.98,1.0,0.0,50.0,1709130420,5067.2001953125,5069.759765625,5078.18017578125,0.007859288235868987,13.43,12.84,14.89,16.78,19.18,9.68,147.29,13.43,12.84,9.68
2024-02-28,INXU-24FEB28,INXU-24FEB28-T5074.99,INXU,5074.99,0,5069.76,0.31,0.36,313.0,1182.0,1709130660,5067.2001953125,5069.759765625,5078.18017578125,0.007859288235868987,13.43,12.84,14.89,16.78,19.18,9.68,147.29,13.43,12.84,9.68
2024-02-29,INXU-24FEB29,INXU-24FEB29-T5049.99,INXU,5049.99,1,5096.27,0.9,0.93,919.0,1906.0,1709217060,5085.35986328125,5096.27001953125,5069.759765625,0.007630696785547095,13.84,13.52,15.22,17.03,19.43,12.99,149.09,13.84,13.52,12.99
2024-03-01,INXU-24MAR01,INXU-24MAR01-T5074.99,INXU,5074.99,1,5137.08,0.83,0.9,15.0,1465.0,1709303460,5098.509765625,5137.080078125,5096.27001953125,0.007507723890749905,13.4,12.48,14.93,16.86,19.32,10.95,149.83,13.4,12.48,10.95
2024-03-05,INXU-24MAR05,INXU-24MAR05-T5124.99,INXU,5124.99,0,5078.65,0.24,0.27,0.0,264.0,1709649060,5110.52001953125,5078.64990234375,5130.9501953125,0.00731289070177561,13.49,13.23,15.23,17.12,19.7,8.49,145.94,13.49,13.23,8.49
2024-03-06,INXU-24MAR06,INXU-24MAR06-T5074.99,INXU,5074.99,1,5104.76,0.87,0.91,20.0,92.0,1709735460,5108.02978515625,5104.759765625,5078.64990234375,0.007521150093995147,14.46,14.88,15.91,17.62,20.08,12.84,144.9,14.46,14.88,12.84
2024-03-06,INXU-24MAR06,INXU-24MAR06-T5149.99,INXU,5149.99,0,5104.76,0.09,0.12,65.0,342.0,1709735460,5108.02978515625,5104.759765625,5078.64990234375,0.007521150093995147,14.46,14.88,15.91,17.62,20.08,12.84,144.9,14.46,14.88,12.84
2024-03-07,INXU-24MAR07,INXU-24MAR07-T5099.99,INXU,5099.99,1,5157.36,0.89,0.92,48.0,576.0,1709821860,5132.3798828125,5157.35986328125,5104.759765625,0.007399418555073109,14.5,14.88,15.97,17.67,20.14,11.43,143.64,14.5,14.88,11.43
2024-03-07,INXU-24MAR07,INXU-24MAR07-T5174.99,INXU,5174.99,0,5157.36,0.05,0.07,27.0,1410.0,1709821860,5132.3798828125,5157.35986328125,5104.759765625,0.007399418555073109,14.5,14.88,15.97,17.67,20.14,11.43,143.64,14.5,14.88,11.43
2024-03-08,INXU-24MAR08,INXU-24MAR08-T5074.99,INXU,5074.99,1,5123.69,0.99,1.0,0.0,75.0,1709908260,5164.4599609375,5123.68994140625,5157.35986328125,0.007600773797109852,14.44,14.55,15.91,17.57,20.06,14.65,142.94,14.44,14.55,14.65
2024-03-08,INXU-24MAR08,INXU-24MAR08-T5149.99,INXU,5149.99,0,5123.69,0.64,0.68,34.0,262.0,1709908260,5164.4599609375,5123.68994140625,5157.35986328125,0.007600773797109852,14.44,14.55,15.91,17.57,20.06,14.65,142.94,14.44,14.55,14.65
2024-03-08,INXU-24MAR08,INXU-24MAR08-T5224.99,INXU,5224.99,0,5123.69,0.01,0.03,2100.0,2100.0,1709908260,5164.4599609375,5123.68994140625,5157.35986328125,0.007600773797109852,14.44,14.55,15.91,17.57,20.06,14.65,142.94,14.44,14.55,14.65
2024-03-11,INXU-24MAR11,INXU-24MAR11-T5099.99,INXU,5099.99,1,5117.94,0.67,0.7,95.0,300.0,1710163860,5111.9599609375,5117.93994140625,5123.68994140625,0.0075418537439922466,14.74,14.63,16.3,17.96,20.27,12.51,141.18,14.74,14.63,12.51
2024-03-11,INXU-24MAR11,INXU-24MAR11-T5174.99,INXU,5174.99,0,5117.94,0.02,0.04,0.0,10000.0,1710163860,5111.9599609375,5117.93994140625,5123.68994140625,0.0075418537439922466,14.74,14.63,16.3,17.96,20.27,12.51,141.18,14.74,14.63,12.51
2024-03-12,INXU-24MAR12,INXU-24MAR12-T5099.99,INXU,5099.99,1,5175.27,0.89,0.91,8.0,30.0,1710250260,5134.2998046875,5175.27001953125,5117.93994140625,0.007317269600686664,15.22,16.46,16.46,18.11,20.45,19.19,142.27,15.22,16.46,19.19
2024-03-12,INXU-24MAR12,INXU-24MAR12-T5174.99,INXU,5174.99,1,5175.27,0.16,0.18,0.0,137.0,1710250260,5134.2998046875,5175.27001953125,5117.93994140625,0.007317269600686664,15.22,16.46,16.46,18.11,20.45,19.19,142.27,15.22,16.46,19.19
2024-03-18,INXU-24MAR18,INXU-24MAR18-T5099.99,INXU,5099.99,1,5149.42,0.98,0.99,113.0,218.0,1710768660,5154.77001953125,5149.419921875,5117.08984375,0.007154596980126361,14.41,14.16,16.41,18.17,20.65,11.88,138.91,14.41,14.16,11.88
2024-03-19,INXU-24MAR19,INXU-24MAR19-T5124.99,INXU,5124.99,1,5178.51,0.67,0.71,0.0,500.0,1710855060,5139.08984375,5178.509765625,5149.419921875,0.0071061225954772355,14.33,14.5,16.22,18.0,20.51,12.41,139.97,14.33,14.5,12.41
2024-03-20,INXU-24MAR20,INXU-24MAR20-T5149.99,INXU,5149.99,1,5224.62,0.71,0.75,1.0,30.0,1710941460,5181.68994140625,5224.6201171875,5178.509765625,0.007026463717409899,13.82,13.64,15.77,17.64,20.27,15.0,141.61,13.82,13.64,15.0
2024-03-21,INXU-24MAR21,INXU-24MAR21-T5199.99,INXU,5199.99,1,5241.53,0.95,0.98,58.0,160.0,1711027620,5253.43017578125,5241.52978515625,5224.6201171875,0.007150097403808968,13.04,11.58,15.28,17.27,19.99,10.9,141.19,13.04,11.58,10.9
2024-03-21,INXU-24MAR21,INXU-24MAR21-T5274.99,INXU,5274.99,0,5241.53,0.13,0.18,0.0,3101.0,1711027860,5253.43017578125,5241.52978515625,5224.6201171875,0.007150097403808968,13.04,11.58,15.28,17.27,19.99,10.9,141.19,13.04,11.58,10.9
2024-03-22,INXU-24MAR22,INXU-24MAR22-T5224.99,INXU,5224.99,1,5234.18,0.74,0.77,2.0,492.0,1711114260,5242.47998046875,5234.18017578125,5241.52978515625,0.006977317923818454,12.92,11.17,15.18,17.25,19.97,9.44,154.0,12.92,11.17,9.44
2024-03-25,INXU-24MAR25,INXU-24MAR25-T5224.99,INXU,5224.99,0,5218.19,0.4,0.44,0.0,759.0,1711373460,5219.52001953125,5218.18994140625,5234.18017578125,0.006773487544394171,13.06,10.86,15.3,17.34,20.14,9.37,155.84,13.06,10.86,9.37
2024-03-27,INXU-24MAR27,INXU-24MAR27-T5174.99,INXU,5174.99,1,5248.49,0.98,1.0,60.0,310.0,1711545660,5226.31005859375,5248.490234375,5203.580078125,0.0064450999738231395,13.24,11.59,15.29,17.34,20.1,9.19,157.6,13.24,11.59,9.19
2024-03-27,INXU-24MAR27,INXU-24MAR27-T5224.99,INXU,5224.99,1,5248.49,0.72,0.76,123.0,1379.0,1711546260,5226.31005859375,5248.490234375,5203.580078125,0.0064450999738231395,13.24,11.59,15.29,17.34,20.1,9.19,157.6,13.24,11.59,9.19
2024-03-28,INXU-24MAR28,INXU-24MAR28-T5224.99,INXU,5224.99,1,5254.35,0.85,0.88,12.0,33.0,1711632660,5248.02978515625,5254.35009765625,5248.490234375,0.006593778688040657,12.78,10.53,15.01,17.07,19.88,9.41,157.11,12.78,10.53,9.41
2024-03-28,INXU-24MAR28,INXU-24MAR28-T5274.99,INXU,5274.99,0,5254.35,0.13,0.16,0.0,57.0,1711632660,5248.02978515625,5254.35009765625,5248.490234375,0.006593778688040657,12.78,10.53,15.01,17.07,19.88,9.41,157.11,12.78,10.53,9.41
2024-04-01,INXU-24APR01,INXU-24APR01-T5224.99,INXU,5224.99,1,5243.77,0.92,0.94,1.0,1.0,1711978080,5257.97021484375,5243.77001953125,5254.35009765625,0.006398746346633694,13.01,10.56,15.19,17.19,20.03,10.33,155.44,13.01,10.56,10.33
2024-04-02,INXU-24APR02,INXU-24APR02-T5149.99,INXU,5149.99,1,5205.81,0.95,0.98,2409.0,3245.0,1712064660,5204.2900390625,5205.81005859375,5243.77001953125,0.00622342960439153,13.65,12.62,15.52,17.42,19.93,8.14,146.33,13.65,12.62,8.14
2024-04-02,INXU-24APR02,INXU-24APR02-T5224.99,INXU,5224.99,0,5205.81,0.21,0.25,175.0,319.0,1712064660,5204.2900390625,5205.81005859375,5243.77001953125,0.00622342960439153,13.65,12.62,15.52,17.42,19.93,8.14,146.33,13.65,12.62,8.14
2024-04-03,INXU-24APR03,INXU-24APR03-T5199.99,INXU,5199.99,1,5211.49,0.46,0.5,3050.0,1072.0,1712151060,5194.3701171875,5211.490234375,5205.81005859375,0.006290816321358716,14.61,14.03,16.09,17.84,20.24,10.19,142.14,14.61,14.03,10.19
2024-04-04,INXU-24APR04,INXU-24APR04-T5249.99,INXU,5249.99,0,5147.21,0.57,0.6,284.0,1014.0,1712237460,5244.0498046875,5147.2099609375,5211.490234375,0.006105019114973417,14.33,13.27,15.91,17.74,20.21,9.43,138.52,14.33,13.27,9.43
2024-04-05,INXU-24APR05,INXU-24APR05-T5124.99,INXU,5124.99,1,5204.34,0.79,0.83,0.0,1.0,1712323860,5158.9501953125,5204.33984375,5147.2099609375,0.006654091441939372,16.35,17.14,17.16,18.65,20.78,21.41,142.49,16.35,17.14,21.41
2024-04-05,INXU-24APR05,INXU-24APR05-T5174.99,INXU,5174.99,1,5204.34,0.4,0.44,0.0,102.0,1712323860,5158.9501953125,5204.33984375,5147.2099609375,0.006654091441939372,16.35,17.14,17.16,18.65,20.78,21.41,142.49,16.35,17.14,21.41
2024-04-05,INXU-24APR05,INXU-24APR05-T5249.99,INXU,5249.99,0,5204.34,0.01,0.03,0.0,1005.0,1712323860,5158.9501953125,5204.33984375,5147.2099609375,0.006654091441939372,16.35,17.14,17.16,18.65,20.78,21.41,142.49,16.35,17.14,21.41
2024-04-08,INXU-24APR08,INXU-24APR08-T5124.99,INXU,5124.99,1,5202.39,0.98,1.0,0.0,200.0,1712582880,5211.3701171875,5202.39013671875,5204.33984375,0.006995045368388361,16.03,15.46,17.18,18.68,20.83,14.5,142.64,16.03,15.46,14.5
2024-04-08,INXU-24APR08,INXU-24APR08-T5199.99,INXU,5199.99,1,5202.39,0.65,0.69,0.0,329.0,1712583060,5211.3701171875,5202.39013671875,5204.33984375,0.006995045368388361,16.03,15.46,17.18,18.68,20.83,14.5,142.64,16.03,15.46,14.5
2024-04-09,INXU-24APR09,INXU-24APR09-T5224.99,INXU,5224.99,0,5209.91,0.46,0.5,21.0,21.0,1712669460,5217.02978515625,5209.91015625,5202.39013671875,0.006782569329846811,15.19,14.56,16.56,18.16,20.47,9.65,140.63,15.19,14.56,9.65
2024-04-10,INXU-24APR10,INXU-24APR10-T5124.99,INXU,5124.99,1,5160.64,0.69,0.73,12.0,506.0,1712755860,5167.8798828125,5160.64013671875,5209.91015625,0.006585456500882172,14.98,14.7,16.42,18.07,20.38,18.03,139.28,14.98,14.7,18.03
2024-04-10,INXU-24APR10,INXU-24APR10-T5199.99,INXU,5199.99,0,5160.64,0.11,0.15,0.0,23.0,1712755860,5167.8798828125,5160.64013671875,5209.91015625,0.006585456500882172,14.98,14.7,16.42,18.07,20.38,18.03,139.28,14.98,14.7,18.03
2024-04-11,INXU-24APR11,INXU-24APR11-T5074.99,INXU,5074.99,1,5199.06,0.96,1.0,10.0,110.0,1712842260,5172.9501953125,5199.06005859375,5160.64013671875,0.006795836859502298,15.8,15.81,17.04,18.54,20.7,17.1,139.94,15.8,15.81,17.1
2024-04-11,INXU-24APR11,INXU-24APR11-T5149.99,INXU,5149.99,1,5199.06,0.73,0.77,10.0,15.0,1712842260,5172.9501953125,5199.06005859375,5160.64013671875,0.006795836859502298,15.8,15.81,17.04,18.54,20.7,17.1,139.94,15.8,15.81,17.1
2024-04-11,INXU-24APR11,INXU-24APR11-T5199.99,INXU,5199.99,0,5199.06,0.22,0.26,0.0,110.0,1712842260,5172.9501953125,5199.06005859375,5160.64013671875,0.006795836859502298,15.8,15.81,17.04,18.54,20.7,17.1,139.94,15.8,15.81,17.1
2024-04-12,INXU-24APR12,INXU-24APR12-T5099.99,INXU,5099.99,1,5123.41,0.9,0.93,15.0,15.0,1712928660,5171.509765625,5123.41015625,5199.06005859375,0.006834714271262657,14.91,14.18,16.49,18.15,20.45,13.49,136.16,14.91,14.18,13.49
2024-04-12,INXU-24APR12,INXU-24APR12-T5174.99,INXU,5174.99,0,5123.41,0.38,0.42,64.0,72.0,1712928660,5171.509765625,5123.41015625,5199.06005859375,0.006834714271262657,14.91,14.18,16.49,18.15,20.45,13.49,136.16,14.91,14.18,13.49
2024-04-15,INXU-24APR15,INXU-24APR15-T5149.99,INXU,5149.99,0,5061.82,0.68,0.72,37.0,106.0,1713187860,5149.669921875,5061.81982421875,5123.41015625,0.007536660178712973,17.31,17.33,18.2,19.38,21.29,20.37,142.31,17.31,17.33,20.37
2024-04-16,INXU-24APR16,INXU-24APR16-T4974.99,INXU,4974.99,1,5051.41,0.94,0.97,0.0,5.0,1713274140,5064.58984375,5051.41015625,5061.81982421875,0.007884748029922742,19.23,20.76,19.55,20.41,22.0,19.97,137.72,19.23,20.76,19.97
2024-04-16,INXU-24APR16,INXU-24APR16-T5049.99,INXU,5049.99,1,5051.41,0.63,0.66,0.0,19.0,1713274260,5064.58984375,5051.41015625,5061.81982421875,0.007884748029922742,19.23,20.76,19.55,20.41,22.0,19.97,137.72,19.23,20.76,19.97
2024-04-16,INXU-24APR16,INXU-24APR16-T5099.99,INXU,5099.99,0,5051.41,0.22,0.26,0.0,200.0,1713274260,5064.58984375,5051.41015625,5061.81982421875,0.007884748029922742,19.23,20.76,19.55,20.41,22.0,19.97,137.72,19.23,20.76,19.97
2024-04-17,INXU-24APR17,INXU-24APR17-T5049.99,INXU,5049.99,0,5022.21,0.71,0.75,19.0,55.0,1713360660,5068.97021484375,5022.2099609375,5051.41015625,0.007661161055783286,18.4,19.24,18.84,19.9,21.57,17.38,135.6,18.4,19.24,17.38
2024-04-17,INXU-24APR17,INXU-24APR17-T5099.99,INXU,5099.99,0,5022.21,0.24,0.28,250.0,250.0,1713360660,5068.97021484375,5022.2099609375,5051.41015625,0.007661161055783286,18.4,19.24,18.84,19.9,21.57,17.38,135.6,18.4,19.24,17.38
2024-04-18,INXU-24APR18,INXU-24APR18-T4999.99,INXU,4999.99,1,5011.12,0.82,0.86,1.0,53.0,1713447060,5031.52001953125,5011.1201171875,5022.2099609375,0.0075622967368248455,18.21,18.1,18.77,19.87,21.52,16.59,134.38,18.21,18.1,16.59
2024-04-18,INXU-24APR18,INXU-24APR18-T5049.99,INXU,5049.99,0,5011.12,0.33,0.37,7.0,7.0,1713447060,5031.52001953125,5011.1201171875,5022.2099609375,0.0075622967368248455,18.21,18.1,18.77,19.87,21.52,16.59,134.38,18.21,18.1,16.59
2024-04-19,INXU-24APR19,INXU-24APR19-T4924.99,INXU,4924.99,1,4967.23,0.94,0.97,3001.0,3015.0,1713533400,5005.43994140625,4967.22998046875,5011.1201171875,0.007351887232485852,18.0,17.88,18.66,19.77,21.41,16.16,131.8,18.0,17.88,16.16
2024-04-19,INXU-24APR19,INXU-24APR19-T4999.99,INXU,4999.99,0,4967.23,0.52,0.59,450.0,1230.0,1713533460,5005.43994140625,4967.22998046875,5011.1201171875,0.007351887232485852,18.0,17.88,18.66,19.77,21.41,16.16,131.8,18.0,17.88,16.16
2024-04-22,INXU-24APR22,INXU-24APR22-T4949.99,INXU,4949.99,1,5010.6,0.87,0.9,0.0,27.0,1713792660,4987.330078125,5010.60009765625,4967.22998046875,0.007446514063480764,18.71,18.13,19.25,20.17,21.59,18.36,133.4,18.71,18.13,18.36
2024-04-22,INXU-24APR22,INXU-24APR22-T4999.99,INXU,4999.99,1,5010.6,0.42,0.46,222.0,280.0,1713792660,4987.330078125,5010.60009765625,4967.22998046875,0.007446514063480764,18.71,18.13,19.25,20.17,21.59,18.36,133.4,18.71,18.13,18.36
2024-04-23,INXU-24APR23,INXU-24APR23-T4999.99,INXU,4999.99,1,5070.55,0.82,0.85,20.0,332.0,1713879060,5028.85009765625,5070.5498046875,5010.60009765625,0.007527149143077306,16.94,17.45,17.63,18.86,20.5,13.56,131.68,16.94,17.45,13.56
2024-04-23,INXU-24APR23,INXU-24APR23-T5049.99,INXU,5049.99,1,5070.55,0.26,0.29,1.0,4814.0,1713879060,5028.85009765625,5070.5498046875,5010.60009765625,0.007527149143077306,16.94,17.45,17.63,18.86,20.5,13.56,131.68,16.94,17.45,13.56
2024-04-24,INXU-24APR24,INXU-24APR24-T5049.99,INXU,5049.99,1,5071.63,0.84,0.87,0.0,10.0,1713965460,5084.85986328125,5071.6298828125,5070.5498046875,0.007857861929495997,15.69,16.25,16.68,18.17,20.0,11.59,135.61,15.69,16.25,11.59
2024-04-24,INXU-24APR24,INXU-24APR24-T5099.99,INXU,5099.99,0,5071.63,0.21,0.25,7.0,107.0,1713965460,5084.85986328125,5071.6298828125,5070.5498046875,0.007857861929495997,15.69,16.25,16.68,18.17,20.0,11.59,135.61,15.69,16.25,11.59
2024-04-25,INXU-24APR25,INXU-24APR25-T4974.99,INXU,4974.99,1,5048.42,0.8,0.84,0.0,10.0,1714051860,5019.8798828125,5048.419921875,5071.6298828125,0.0076186584042286795,15.97,16.29,16.84,18.31,20.04,13.32,135.06,15.97,16.29,13.32
2024-04-25,INXU-24APR25,INXU-24APR25-T5049.99,INXU,5049.99,0,5048.42,0.11,0.13,77.0,253.0,1714051860,5019.8798828125,5048.419921875,5071.6298828125,0.0076186584042286795,15.97,16.29,16.84,18.31,20.04,13.32,135.06,15.97,16.29,13.32
2024-04-26,INXU-24APR26,INXU-24APR26-T5024.99,INXU,5024.99,1,5099.96,0.89,0.92,2000.0,1500.0,1714138260,5084.64990234375,5099.9599609375,5048.419921875,0.007471527333012031,15.37,15.81,16.37,17.88,19.6,15.76,134.08,15.37,15.81,15.76
2024-04-26,INXU-24APR26,INXU-24APR26-T5074.99,INXU,5074.99,1,5099.96,0.54,0.58,139.0,3530.0,1714138260,5084.64990234375,5099.9599609375,5048.419921875,0.007471527333012031,15.37,15.81,16.37,17.88,19.6,15.76,134.08,15.37,15.81,15.76
2024-04-29,INXU-24APR29,INXU-24APR29-T4999.99,INXU,4999.99,1,5116.17,0.98,1.0,1.0,1.0,1714397400,5114.1298828125,5116.169921875,5099.9599609375,0.007659284016927646,15.03,14.67,16.27,17.83,19.6,11.24,140.86,15.03,14.67,11.24
2024-04-29,INXU-24APR29,INXU-24APR29-T5074.99,INXU,5074.99,1,5116.17,0.92,0.95,0.0,50.0,1714397460,5114.1298828125,5116.169921875,5099.9599609375,0.007659284016927646,15.03,14.67,16.27,17.83,19.6,11.24,140.86,15.03,14.67,11.24
2024-04-29,INXU-24APR29,INXU-24APR29-T5124.99,INXU,5124.99,0,5116.17,0.35,0.39,1.0,431.0,1714397460,5114.1298828125,5116.169921875,5099.9599609375,0.007659284016927646,15.03,14.67,16.27,17.83,19.6,11.24,140.86,15.03,14.67,11.24
2024-04-30,INXU-24APR30,INXU-24APR30-T5099.99,INXU,5099.99,0,5035.69,0.48,0.52,4.0,354.0,1714483860,5103.77978515625,5035.68994140625,5116.169921875,0.007466524477986879,14.67,15.11,16.0,17.63,19.44,9.8,138.3,14.67,15.11,9.8
2024-04-30,INXU-24APR30,INXU-24APR30-T5149.99,INXU,5149.99,0,5035.69,0.03,0.04,5.0,5.0,1714483860,5103.77978515625,5035.68994140625,5116.169921875,0.007466524477986879,14.67,15.11,16.0,17.63,19.44,9.8,138.3,14.67,15.11,9.8
2024-05-01,INXU-24MAY01,INXU-24MAY01-T5024.99,INXU,5024.99,0,5018.39,0.51,0.55,102.0,609.0,1714570260,5029.02978515625,5018.39013671875,5035.68994140625,0.008215105933944152,15.65,16.66,16.59,17.94,19.65,18.1,132.4,15.65,16.66,18.1
2024-05-02,INXU-24MAY02,INXU-24MAY02-T5049.99,INXU,5049.99,1,5064.2,0.6,0.64,256.0,592.0,1714656660,5049.31982421875,5064.2001953125,5018.39013671875,0.008009324469648457,15.39,15.91,16.57,18.16,19.72,14.12,133.35,15.39,15.91,14.12
2024-05-03,INXU-24MAY03,INXU-24MAY03-T5049.99,INXU,5049.99,1,5127.79,0.95,0.98,72.0,348.0,1714743060,5122.77978515625,5127.7900390625,5064.2001953125,0.008078041254281057,14.68,14.86,16.05,17.71,19.4,18.33,132.12,14.68,14.86,18.33
2024-05-03,INXU-24MAY03,INXU-24MAY03-T5099.99,INXU,5099.99,1,5127.79,0.78,0.81,10335.0,10100.0,1714743060,5122.77978515625,5127.7900390625,5064.2001953125,0.008078041254281057,14.68,14.86,16.05,17.71,19.4,18.33,132.12,14.68,14.86,18.33
2024-05-06,INXU-24MAY06,INXU-24MAY06-T5124.99,INXU,5124.99,1,5180.74,0.84,0.87,39.0,279.0,1715002260,5142.419921875,5180.740234375,5127.7900390625,0.008407281123875534,13.49,12.0,15.27,17.13,18.98,10.48,135.18,13.49,12.0,10.48
2024-05-06,INXU-24MAY06,INXU-24MAY06-T5174.99,INXU,5174.99,1,5180.74,0.12,0.16,3064.0,3122.0,1715002260,5142.419921875,5180.740234375,5127.7900390625,0.008407281123875534,13.49,12.0,15.27,17.13,18.98,10.48,135.18,13.49,12.0,10.48
2024-05-07,INXU-24MAY07,INXU-24MAY07-T5099.99,INXU,5099.99,1,5187.7,0.97,1.0,0.0,32.0,1715088660,5187.2001953125,5187.7001953125,5180.740234375,0.008530748667269387,13.49,13.13,15.02,16.94,18.88,9.13,130.08,13.49,13.13,9.13
2024-05-07,INXU-24MAY07,INXU-24MAY07-T5174.99,INXU,5174.99,1,5187.7,0.75,0.79,452.0,1190.0,1715088660,5187.2001953125,5187.7001953125,5180.740234375,0.008530748667269387,13.49,13.13,15.02,16.94,18.88,9.13,130.08,13.49,13.13,9.13
2024-05-07,INXU-24MAY07,INXU-24MAY07-T5224.99,INXU,5224.99,0,5187.7,0.03,0.05,2000.0,3000.0,1715088660,5187.2001953125,5187.7001953125,5180.740234375,0.008530748667269387,13.49,13.13,15.02,16.94,18.88,9.13,130.08,13.49,13.13,9.13
2024-05-08,INXU-24MAY08,INXU-24MAY08-T5099.99,INXU,5099.99,1,5187.67,0.97,1.0,0.0,100.0,1715175060,5168.97998046875,5187.669921875,5187.7001953125,0.008277402768999792,13.23,12.76,14.95,16.9,18.87,8.4,133.64,13.23,12.76,8.4
2024-05-08,INXU-24MAY08,INXU-24MAY08-T5174.99,INXU,5174.99,1,5187.67,0.45,0.48,250.0,30252.0,1715175060,5168.97998046875,5187.669921875,5187.7001953125,0.008277402768999792,13.23,12.76,14.95,16.9,18.87,8.4,133.64,13.23,12.76,8.4
2024-05-08,INXU-24MAY08,INXU-24MAY08-T5224.99,INXU,5224.99,0,5187.67,0.0,0.03,0.0,24.0,1715175060,5168.97998046875,5187.669921875,5187.7001953125,0.008277402768999792,13.23,12.76,14.95,16.9,18.87,8.4,133.64,13.23,12.76,8.4
2024-05-09,INXU-24MAY09,INXU-24MAY09-T5174.99,INXU,5174.99,1,5214.08,0.78,0.79,120.0,120.0,1715261460,5189.02978515625,5214.080078125,5187.669921875,0.008025239860014459,13.0,12.48,14.9,16.89,18.69,8.82,133.24,13.0,12.48,8.82
2024-05-09,INXU-24MAY09,INXU-24MAY09-T5224.99,INXU,5224.99,0,5214.08,0.04,0.07,0.0,155.0,1715261460,5189.02978515625,5214.080078125,5187.669921875,0.008025239860014459,13.0,12.48,14.9,16.89,18.69,8.82,133.24,13.0,12.48,8.82
2024-05-10,INXU-24MAY10,INXU-24MAY10-T5199.99,INXU,5199.99,1,5222.68,0.88,0.91,11.0,330.0,1715347860,5225.490234375,5222.68017578125,5214.080078125,0.007879554108193647,12.69,11.92,14.71,16.68,18.55,8.45,136.46,12.69,11.92,8.45
2024-05-10,INXU-24MAY10,INXU-24MAY10-T5249.99,INXU,5249.99,0,5222.68,0.12,0.16,0.0,439.0,1715347860,5225.490234375,5222.68017578125,5214.080078125,0.007879554108193647,12.69,11.92,14.71,16.68,18.55,8.45,136.46,12.69,11.92,8.45
2024-05-13,INXU-24MAY13,INXU-24MAY13-T5199.99,INXU,5199.99,1,5221.42,0.95,0.96,206.0,1144.0,1715607000,5233.080078125,5221.419921875,5222.68017578125,0.007650169216472329,12.55,11.82,14.66,16.67,18.68,8.26,137.3,12.55,11.82,8.26
2024-05-13,INXU-24MAY13,INXU-24MAY13-T5249.99,INXU,5249.99,0,5221.42,0.27,0.3,0.0,8301.0,1715607060,5233.080078125,5221.419921875,5222.68017578125,0.007650169216472329,12.55,11.82,14.66,16.67,18.68,8.26,137.3,12.55,11.82,8.26
2024-05-14,INXU-24MAY14,INXU-24MAY14-T5199.99,INXU,5199.99,1,5246.68,0.82,0.85,1000.0,1522.0,1715693460,5221.10009765625,5246.68017578125,5221.419921875,0.007417349714850048,13.6,13.71,14.89,16.86,18.65,11.79,139.65,13.6,13.71,11.79
2024-05-14,INXU-24MAY14,INXU-24MAY14-T5249.99,INXU,5249.99,0,5246.68,0.18,0.22,0.0,400.0,1715693460,5221.10009765625,5246.68017578125,5221.419921875,0.007417349714850048,13.6,13.71,14.89,16.86,18.65,11.79,139.65,13.6,13.71,11.79
2024-05-15,INXU-24MAY15,INXU-24MAY15-T5149.99,INXU,5149.99,1,5308.15,0.99,1.0,0.0,1000.0,1715779740,5263.259765625,5308.14990234375,5246.68017578125,0.007287902763702741,13.42,13.31,14.7,16.76,18.72,16.85,140.18,13.42,13.31,16.85
2024-05-15,INXU-24MAY15,INXU-24MAY15-T5224.99,INXU,5224.99,1,5308.15,0.91,0.95,0.0,1097.0,1715779860,5263.259765625,5308.14990234375,5246.68017578125,0.007287902763702741,13.42,13.31,14.7,16.76,18.72,16.85,140.18,13.42,13.31,16.85
2024-05-15,INXU-24MAY15,INXU-24MAY15-T5274.99,INXU,5274.99,1,5308.15,0.48,0.52,0.0,134.0,1715779860,5263.259765625,5308.14990234375,5246.68017578125,0.007287902763702741,13.42,13.31,14.7,16.76,18.72,16.85,140.18,13.42,13.31,16.85
2024-05-16,INXU-24MAY16,INXU-24MAY16-T5299.99,INXU,5299.99,0,5297.1,0.71,0.75,17.0,409.0,1715866260,5310.06982421875,5297.10009765625,5308.14990234375,0.00762017723975156,12.45,11.42,14.08,16.33,18.28,8.93,140.64,12.45,11.42,8.93
2024-05-16,INXU-24MAY16,INXU-24MAY16-T5349.99,INXU,5349.99,0,5297.1,0.03,0.06,0.0,203.0,1715866260,5310.06982421875,5297.10009765625,5308.14990234375,0.00762017723975156,12.45,11.42,14.08,16.33,18.28,8.93,140.64,12.45,11.42,8.93
2024-05-17,INXU-24MAY17,INXU-24MAY17-T5274.99,INXU,5274.99,1,5303.27,0.86,0.9,600.0,621.0,1715952660,5303.10009765625,5303.27001953125,5297.10009765625,0.007405648318886862,12.42,10.96,14.22,16.46,18.37,9.47,147.85,12.42,10.96,9.47
2024-05-17,INXU-24MAY17,INXU-24MAY17-T5324.99,INXU,5324.99,0,5303.27,0.13,0.17,0.0,502.0,1715952660,5303.10009765625,5303.27001953125,5297.10009765625,0.007405648318886862,12.42,10.96,14.22,16.46,18.37,9.47,147.85,12.42,10.96,9.47
2024-05-20,INXU-24MAY20,INXU-24MAY20-T5324.99,INXU,5324.99,0,5308.13,0.14,0.18,0.0,2.0,1716211860,5305.35009765625,5308.1298828125,5303.27001953125,0.007185702372681149,11.99,9.67,13.99,16.29,18.31,7.5,143.05,11.99,9.67,7.5
2024-05-21,INXU-24MAY21,INXU-24MAY21-T5299.99,INXU,5299.99,1,5321.41,0.57,0.61,18.0,161.0,1716298260,5298.68994140625,5321.41015625,5308.1298828125,0.006970409055519166,12.15,10.53,14.11,16.34,18.33,7.43,144.54,12.15,10.53,7.43
2024-05-21,INXU-24MAY21,INXU-24MAY21-T5349.99,INXU,5349.99,0,5321.41,0.0,0.03,0.0,3.0,1716298260,5298.68994140625,5321.41015625,5308.1298828125,0.006970409055519166,12.15,10.53,14.11,16.34,18.33,7.43,144.54,12.15,10.53,7.43
2024-05-22,INXU-24MAY22,INXU-24MAY22-T5299.99,INXU,5299.99,1,5307.01,0.82,0.86,454.0,454.0,1716384660,5319.27978515625,5307.009765625,5321.41015625,0.006785721469163453,11.86,10.08,13.95,16.2,18.27,7.01,149.52,11.86,10.08,7.01
2024-05-22,INXU-24MAY22,INXU-24MAY22-T5349.99,INXU,5349.99,0,5307.01,0.03,0.06,993.0,993.0,1716384660,5319.27978515625,5307.009765625,5321.41015625,0.006785721469163453,11.86,10.08,13.95,16.2,18.27,7.01,149.52,11.86,10.08,7.01
2024-05-23,INXU-24MAY23,INXU-24MAY23-T5299.99,INXU,5299.99,0,5267.84,0.89,0.92,0.0,1.0,1716471060,5340.259765625,5267.83984375,5307.009765625,0.006612398135405466,12.29,11.14,14.31,16.51,18.47,16.23,150.14,12.29,11.14,16.23
2024-05-23,INXU-24MAY23,INXU-24MAY23-T5349.99,INXU,5349.99,0,5267.84,0.28,0.32,101.0,390.0,1716471060,5340.259765625,5267.83984375,5307.009765625,0.006612398135405466,12.29,11.14,14.31,16.51,18.47,16.23,150.14,12.29,11.14,16.23
2024-05-24,INXU-24MAY24,INXU-24MAY24-T5299.99,INXU,5299.99,1,5304.72,0.28,0.32,100.0,1239.0,1716557460,5281.4501953125,5304.72021484375,5267.83984375,0.006662825643245359,12.77,10.79,14.67,16.7,18.66,11.72,153.33,12.77,10.79,11.72
2024-05-28,INXU-24MAY28,INXU-24MAY28-T5274.99,INXU,5274.99,1,5306.04,0.93,0.95,0.0,18.0,1716902520,5315.91015625,5306.0400390625,5304.72021484375,0.006682066298731476,11.93,9.19,14.17,16.36,18.44,8.59,155.86,11.93,9.19,8.59
2024-05-28,INXU-24MAY28,INXU-24MAY28-T5349.99,INXU,5349.99,0,5306.04,0.01,0.04,0.0,3.0,1716903060,5315.91015625,5306.0400390625,5304.72021484375,0.006682066298731476,11.93,9.19,14.17,16.36,18.44,8.59,155.86,11.93,9.19,8.59
2024-05-29,INXU-24MAY29,INXU-24MAY29-T5274.99,INXU,5274.99,0,5266.95,0.41,0.45,347.0,250.0,1716989460,5278.72998046875,5266.9501953125,5306.0400390625,0.006478790290369586,12.92,11.51,14.72,16.71,18.56,7.99,152.23,12.92,11.51,7.99
2024-05-30,INXU-24MAY30,INXU-24MAY30-T5249.99,INXU,5249.99,0,5235.48,0.55,0.59,0.0,90.0,1717075860,5259.77001953125,5235.47998046875,5266.9501953125,0.00653734060654906,14.28,13.41,15.45,17.21,18.89,10.89,151.8,14.28,13.41,10.89
2024-06-03,INXU-24JUN03,INXU-24JUN03-T5299.99,INXU,5299.99,0,5283.4,0.45,0.49,85.0,950.0,1717421460,5297.14990234375,5283.39990234375,5277.509765625,0.006604838855703766,12.92,11.68,14.66,16.61,18.4,10.2,148.1,12.92,11.68,10.2
2024-06-04,INXU-24JUN04,INXU-24JUN04-T5274.99,INXU,5274.99,1,5291.34,0.49,0.53,2100.0,2069.0,1717507860,5278.240234375,5291.33984375,5283.39990234375,0.006409455058854768,13.11,13.91,14.8,16.74,18.5,9.98,139.01,13.11,13.91,9.98
2024-06-05,INXU-24JUN05,INXU-24JUN05-T5274.99,INXU,5274.99,1,5354.03,0.88,0.91,450.0,470.0,1717594260,5314.47998046875,5354.02978515625,5291.33984375,0.006225074460847349,13.16,14.28,14.88,16.84,18.61,10.68,138.18,13.16,14.28,10.68
2024-06-05,INXU-24JUN05,INXU-24JUN05-T5324.99,INXU,5324.99,1,5354.03,0.3,0.34,100.0,300.0,1717594260,5314.47998046875,5354.02978515625,5291.33984375,0.006225074460847349,13.16,14.28,14.88,16.84,18.61,10.68,138.18,13.16,14.28,10.68
2024-06-06,INXU-24JUN06,INXU-24JUN06-T5374.99,INXU,5374.99,0,5352.96,0.19,0.23,4000.0,4004.0,1717680660,5357.7998046875,5352.9599609375,5354.02978515625,0.006689527138832717,12.63,13.99,14.54,16.61,18.37,9.47,141.4,12.63,13.99,9.47
2024-06-07,INXU-24JUN07,INXU-24JUN07-T5324.99,INXU,5324.99,1,5346.99,0.65,0.69,2000.0,2000.0,1717767060,5343.81005859375,5346.990234375,5352.9599609375,0.006485921970552354,12.58,13.47,14.54,16.62,18.35,13.34,140.18,12.58,13.47,13.34
2024-06-07,INXU-24JUN07,INXU-24JUN07-T5374.99,INXU,5374.99,0,5346.99,0.08,0.12,0.0,1150.0,1717767060,5343.81005859375,5346.990234375,5352.9599609375,0.006485921970552354,12.58,13.47,14.54,16.62,18.35,13.34,140.18,12.58,13.47,13.34
2024-06-10,INXU-24JUN10,INXU-24JUN10-T5324.99,INXU,5324.99,1,5360.79,0.7,0.74,5.0,363.0,1718026260,5341.22021484375,5360.7900390625,5346.990234375,0.0062942724627278535,12.22,12.33,14.41,16.54,18.25,9.3,139.61,12.22,12.33,9.3
2024-06-10,INXU-24JUN10,INXU-24JUN10-T5374.99,INXU,5374.99,0,5360.79,0.04,0.08,0.0,485.0,1718026260,5341.22021484375,5360.7900390625,5346.990234375,0.0062942724627278535,12.22,12.33,14.41,16.54,18.25,9.3,139.61,12.22,12.33,9.3
2024-06-11,INXU-24JUN11,INXU-24JUN11-T5349.99,INXU,5349.99,1,5375.32,0.39,0.43,0.0,30.0,1718112660,5353.0,5375.31982421875,5360.7900390625,0.006135097785388385,12.74,12.85,14.6,16.67,18.32,8.26,141.56,12.74,12.85,8.26
2024-06-11,INXU-24JUN11,INXU-24JUN11-T5399.99,INXU,5399.99,0,5375.32,0.0,0.03,0.0,3.0,1718112600,5353.0,5375.31982421875,5360.7900390625,0.006135097785388385,12.74,12.85,14.6,16.67,18.32,8.26,141.56,12.74,12.85,8.26
2024-06-12,INXU-24JUN12,INXU-24JUN12-T5349.99,INXU,5349.99,1,5421.03,0.91,0.94,0.0,500.0,1718199060,5409.1298828125,5421.02978515625,5375.31982421875,0.005985035559882287,12.85,12.87,14.49,16.59,18.25,18.1,144.7,12.85,12.87,18.1
2024-06-12,INXU-24JUN12,INXU-24JUN12-T5399.99,INXU,5399.99,1,5421.03,0.66,0.7,119.0,113.0,1718199060,5409.1298828125,5421.02978515625,5375.31982421875,0.005985035559882287,12.85,12.87,14.49,16.59,18.25,18.1,144.7,12.85,12.87,18.1
2024-06-12,INXU-24JUN12,INXU-24JUN12-T5474.99,INXU,5474.99,0,5421.03,0.07,0.11,0.0,2.0,1718199060,5409.1298828125,5421.02978515625,5375.31982421875,0.005985035559882287,12.85,12.87,14.49,16.59,18.25,18.1,144.7,12.85,12.87,18.1
2024-06-13,INXU-24JUN13,INXU-24JUN13-T5449.99,INXU,5449.99,0,5433.74,0.27,0.31,2000.0,2052.0,1718285460,5441.93017578125,5433.740234375,5421.02978515625,0.006162268723556207,12.04,10.4,14.12,16.38,18.21,11.11,150.66,12.04,10.4,11.11
2024-06-14,INXU-24JUN14,INXU-24JUN14-T5349.99,INXU,5349.99,1,5431.6,0.94,0.98,0.0,3005.0,1718371500,5424.080078125,5431.60009765625,5433.740234375,0.0060020156750766485,11.94,10.28,14.17,16.49,18.25,8.69,162.25,11.94,10.28,8.69
2024-06-14,INXU-24JUN14,INXU-24JUN14-T5424.99,INXU,5424.99,1,5431.6,0.32,0.36,1.0,1.0,1718371860,5424.080078125,5431.60009765625,5433.740234375,0.0060020156750766485,11.94,10.28,14.17,16.49,18.25,8.69,162.25,11.94,10.28,8.69
2024-06-14,INXU-24JUN14,INXU-24JUN14-T5474.99,INXU,5474.99,0,5431.6,0.01,0.03,0.0,1003.0,1718371860,5424.080078125,5431.60009765625,5433.740234375,0.0060020156750766485,11.94,10.28,14.17,16.49,18.25,8.69,162.25,11.94,10.28,8.69
2024-06-17,INXU-24JUN17,INXU-24JUN17-T5449.99,INXU,5449.99,1,5473.23,0.09,0.13,5.0,5.0,1718631060,5431.10986328125,5473.22998046875,5431.60009765625,0.005819969990226009,12.66,11.0,14.84,17.03,18.59,10.44,156.18,12.66,11.0,10.44
2024-06-18,INXU-24JUN18,INXU-24JUN18-T5449.99,INXU,5449.99,1,5487.03,0.86,0.9,6000.0,101.0,1718717460,5476.14990234375,5487.02978515625,5473.22998046875,0.005944534589686342,12.75,11.94,14.79,17.0,18.56,9.85,153.84,12.75,11.94,9.85
2024-06-18,INXU-24JUN18,INXU-24JUN18-T5499.99,INXU,5499.99,0,5487.03,0.16,0.2,3178.0,3110.0,1718717460,5476.14990234375,5487.02978515625,5473.22998046875,0.005944534589686342,12.75,11.94,14.79,17.0,18.56,9.85,153.84,12.75,11.94,9.85
2024-06-20,INXU-24JUN20,INXU-24JUN20-T5474.99,INXU,5474.99,0,5473.17,0.83,0.87,3011.0,3000.0,1718890260,5499.990234375,5473.169921875,5487.02978515625,0.005796353921312243,12.3,11.12,14.69,16.99,18.59,9.51,142.9,12.3,11.12,9.51
2024-06-24,INXU-24JUN24,INXU-24JUN24-T5499.99,INXU,5499.99,0,5447.87,0.05,0.08,25000.0,25000.0,1719235860,5459.580078125,5447.8701171875,5464.6201171875,0.005494939854585263,13.2,10.96,15.17,17.46,19.13,8.94,151.79,13.2,10.96,8.94
2024-06-25,INXU-24JUN25,INXU-24JUN25-T5474.99,INXU,5474.99,0,5469.3,0.25,0.29,0.0,1.0,1719322260,5460.72998046875,5469.2998046875,5447.8701171875,0.0053803486570449185,13.33,11.83,15.23,17.56,19.25,8.75,147.13,13.33,11.83,8.75
2024-06-26,INXU-24JUN26,INXU-24JUN26-T5499.99,INXU,5499.99,0,5477.9,0.03,0.06,0.0,1.0,1719408660,5460.7099609375,5477.89990234375,5469.2998046875,0.00530434148384598,12.84,11.1,14.86,17.24,18.9,8.16,146.64,12.84,11.1,8.16
2024-06-27,INXU-24JUN27,INXU-24JUN27-T5449.99,INXU,5449.99,1,5482.87,0.87,0.91,0.0,5.0,1719495060,5473.58984375,5482.8701171875,5477.89990234375,0.005157130243210093,12.55,10.51,14.71,17.18,18.89,8.69,143.49,12.55,10.51,8.69
2024-06-27,INXU-24JUN27,INXU-24JUN27-T5499.99,INXU,5499.99,0,5482.87,0.14,0.17,4.0,1586.0,1719495060,5473.58984375,5482.8701171875,5477.89990234375,0.005157130243210093,12.55,10.51,14.71,17.18,18.89,8.69,143.49,12.55,10.51,8.69
2024-06-28,INXU-24JUN28,INXU-24JUN28-T5499.99,INXU,5499.99,0,5460.48,0.35,0.39,75.0,75.0,1719581460,5488.47998046875,5460.47998046875,5482.8701171875,0.005004955311280977,12.24,10.49,14.42,16.92,18.66,10.82,143.06,12.24,10.49,10.82
2024-07-02,INXU-24JUL02,INXU-24JUL02-T5449.99,INXU,5449.99,1,5509.01,0.65,0.69,100.0,100.0,1719927060,5461.83984375,5509.009765625,5475.08984375,0.004848357396727619,12.22,10.93,14.19,16.68,18.48,8.1,145.82,12.22,10.93,8.1
2024-07-03,INXU-24JUL03,INXU-24JUL03-T5474.99,INXU,5474.99,1,5537.02,0.94,0.98,0.0,500.0,1720013460,5507.43994140625,5537.02001953125,5509.009765625,0.0049381086180325185,12.03,10.6,14.01,16.53,18.38,8.82,147.16,12.03,10.6,8.82
2024-07-03,INXU-24JUL03,INXU-24JUL03-T5524.99,INXU,5524.99,1,5537.02,0.19,0.22,0.0,181.0,1720013460,5507.43994140625,5537.02001953125,5509.009765625,0.0049381086180325185,12.03,10.6,14.01,16.53,18.38,8.82,147.16,12.03,10.6,8.82
2024-07-05,INXU-24JUL05,INXU-24JUL05-T5524.99,INXU,5524.99,1,5567.19,0.7,0.74,100.0,100.0,1720186260,5537.91015625,5567.18994140625,5537.02001953125,0.004946214543769093,12.09,10.72,14.02,16.55,18.4,11.11,148.83,12.09,10.72,11.11
2024-07-08,INXU-24JUL08,INXU-24JUL08-T5549.99,INXU,5549.99,1,5572.85,0.88,0.92,0.0,1890.0,1720445460,5572.75,5572.85009765625,5567.18994140625,0.0049768292937068526,12.48,10.81,14.35,16.71,18.44,8.54,150.2,12.48,10.81,8.54
2024-07-08,INXU-24JUL08,INXU-24JUL08-T5599.99,INXU,5599.99,0,5572.85,0.07,0.11,0.0,105.0,1720445460,5572.75,5572.85009765625,5567.18994140625,0.0049768292937068526,12.48,10.81,14.35,16.71,18.44,8.54,150.2,12.48,10.81,8.54
2024-07-09,INXU-24JUL09,INXU-24JUL09-T5549.99,INXU,5549.99,1,5576.98,0.89,0.92,0.0,1.0,1720531860,5584.240234375,5576.97998046875,5572.85009765625,0.004831630596275864,12.37,11.05,14.29,16.65,18.38,7.23,148.53,12.37,11.05,7.23
2024-07-09,INXU-24JUL09,INXU-24JUL09-T5599.99,INXU,5599.99,0,5576.98,0.23,0.27,1000.0,1000.0,1720531860,5584.240234375,5576.97998046875,5572.85009765625,0.004831630596275864,12.37,11.05,14.29,16.65,18.38,7.23,148.53,12.37,11.05,7.23
2024-07-10,INXU-24JUL10,INXU-24JUL10-T5599.99,INXU,5599.99,1,5633.91,0.34,0.38,101.0,101.0,1720618260,5591.259765625,5633.91015625,5576.97998046875,0.00468795303827454,12.51,11.11,14.39,16.77,18.48,7.34,151.09,12.51,11.11,7.34
2024-07-11,INXU-24JUL11,INXU-24JUL11-T5649.99,INXU,5649.99,0,5584.54,0.29,0.33,0.0,100.0,1720704660,5635.2099609375,5584.5400390625,5633.91015625,0.005181437572035268,12.85,12.0,14.5,16.8,18.5,13.03,156.96,12.85,12.0,13.03
2024-07-12,INXU-24JUL12,INXU-24JUL12-T5549.99,INXU,5549.99,1,5615.35,0.93,0.95,320.0,500.0,1720791060,5590.759765625,5615.35009765625,5584.5400390625,0.005466678902263574,12.92,11.42,14.67,16.99,18.8,10.64,152.23,12.92,11.42,10.64
2024-07-12,INXU-24JUL12,INXU-24JUL12-T5599.99,INXU,5599.99,1,5615.35,0.43,0.45,0.0,21.0,1720791060,5590.759765625,5615.35009765625,5584.5400390625,0.005466678902263574,12.92,11.42,14.67,16.99,18.8,10.64,152.23,12.92,11.42,10.64
2024-07-15,INXU-24JUL15,INXU-24JUL15-T5599.99,INXU,5599.99,1,5631.22,0.91,0.94,1.0,1.0,1721050260,5638.16015625,5631.22021484375,5615.35009765625,0.005468795765831323,12.46,10.55,14.37,16.8,18.61,9.67,150.86,12.46,10.55,9.67
2024-07-15,INXU-24JUL15,INXU-24JUL15-T5649.99,INXU,5649.99,0,5631.22,0.34,0.38,2.0,2.0,1721050260,5638.16015625,5631.22021484375,5615.35009765625,0.005468795765831323,12.46,10.55,14.37,16.8,18.61,9.67,150.86,12.46,10.55,9.67
2024-07-16,INXU-24JUL16,INXU-24JUL16-T5649.99,INXU,5649.99,1,5667.2,0.46,0.5,160.0,160.0,1721136660,5644.08984375,5667.2001953125,5631.22021484375,0.005347069365733292,13.12,12.18,14.87,17.07,18.86,9.93,147.4,13.12,12.18,9.93
2024-07-17,INXU-24JUL17,INXU-24JUL17-T5649.99,INXU,5649.99,0,5588.27,0.1,0.14,0.0,3.0,1721223060,5610.06982421875,5588.27001953125,5667.2001953125,0.0054138315844986015,13.19,11.8,14.91,17.15,18.86,9.61,151.53,13.19,11.8,9.61
2024-07-18,INXU-24JUL18,INXU-24JUL18-T5574.99,INXU,5574.99,0,5544.59,0.75,0.79,0.0,100.0,1721309460,5608.56005859375,5544.58984375,5588.27001953125,0.006273254861235106,14.48,13.16,15.79,17.73,19.28,13.2,146.39,14.48,13.16,13.2
2024-07-18,INXU-24JUL18,INXU-24JUL18-T5624.99,INXU,5624.99,0,5544.59,0.2,0.24,275.0,0.0,1721309460,5608.56005859375,5544.58984375,5588.27001953125,0.006273254861235106,14.48,13.16,15.79,17.73,19.28,13.2,146.39,14.48,13.16,13.2
2024-07-19,INXU-24JUL19,INXU-24JUL19-T5574.99,INXU,5574.99,0,5505.0,0.19,0.23,0.0,2.0,1721395860,5543.3701171875,5505.0,5544.58984375,0.006378644313224367,15.93,14.9,16.56,18.2,19.55,15.5,151.12,15.93,14.9,15.5
2024-07-22,INXU-24JUL22,INXU-24JUL22-T5474.99,INXU,5474.99,1,5564.41,0.95,0.98,0.0,50.0,1721655060,5544.5400390625,5564.41015625,5505.0,0.006428599444367293,16.52,15.04,17.16,18.64,19.83,13.92,146.99,16.52,15.04,13.92
2024-07-22,INXU-24JUL22,INXU-24JUL22-T5524.99,INXU,5524.99,1,5564.41,0.71,0.74,0.0,750.0,1721655060,5544.5400390625,5564.41015625,5505.0,0.006428599444367293,16.52,15.04,17.16,18.64,19.83,13.92,146.99,16.52,15.04,13.92
2024-07-23,INXU-24JUL23,INXU-24JUL23-T5599.99,INXU,5599.99,0,5555.74,0.09,0.12,0.0,37.0,1721741460,5565.2998046875,5555.740234375,5564.41015625,0.006764661587264215,14.91,14.79,16.09,17.93,19.35,11.02,141.38,14.91,14.79,11.02
2024-07-25,INXU-24JUL25,INXU-24JUL25-T5399.99,INXU,5399.99,0,5399.22,0.75,0.79,75.0,75.0,1721914260,5428.7001953125,5399.22021484375,5427.1298828125,0.008572300777256278,18.04,19.79,18.43,19.62,20.41,18.59,136.84,18.04,19.79,18.59
2024-07-26,INXU-24JUL26,INXU-24JUL26-T5424.99,INXU,5424.99,1,5459.1,0.58,0.62,200.0,0.0,1722000660,5433.669921875,5459.10009765625,5399.22021484375,0.008406563486530485,18.46,19.82,18.69,19.8,20.56,18.89,134.17,18.46,19.82,18.89
2024-07-29,INXU-24JUL29,INXU-24JUL29-T5474.99,INXU,5474.99,0,5463.54,0.44,0.48,522.0,522.0,1722259860,5476.5498046875,5463.5400390625,5459.10009765625,0.008586559668304482,16.39,16.81,17.24,18.75,19.63,15.4,131.73,16.39,16.81,15.4
2024-07-29,INXU-24JUL29,INXU-24JUL29-T5549.99,INXU,5549.99,0,5463.54,0.01,0.03,0.0,1000.0,1722259860,5476.5498046875,5463.5400390625,5459.10009765625,0.008586559668304482,16.39,16.81,17.24,18.75,19.63,15.4,131.73,16.39,16.81,15.4
2024-07-30,INXU-24JUL30,INXU-24JUL30-T5499.99,INXU,5499.99,0,5436.44,0.29,0.33,1.0,1.0,1722346260,5478.72998046875,5436.43994140625,5463.5400390625,0.008327359948738016,16.6,17.39,17.16,18.64,19.51,13.68,128.93,16.6,17.39,13.68
2024-07-31,INXU-24JUL31,INXU-24JUL31-T5424.99,INXU,5424.99,1,5522.3,0.9,0.93,40.0,60.0,1722432660,5505.58984375,5522.2998046875,5436.43994140625,0.008165033468388665,17.69,18.9,18.01,19.24,19.93,20.61,127.31,17.69,18.9,20.61
2024-08-01,INXU-24AUG01,INXU-24AUG01-T5549.99,INXU,5549.99,0,5446.68,0.47,0.51,264.0,471.0,1722519060,5537.83984375,5446.68017578125,5522.2998046875,0.008797763874896681,16.36,16.51,16.97,18.32,19.25,15.96,136.69,16.36,16.51,15.96
2024-08-05,INXU-24AUG05,INXU-24AUG05-T5374.99,INXU,5374.99,0,5186.33,0.01,0.03,0.0,2.0,1722864660,5151.14013671875,5186.330078125,5346.56005859375,0.009988304609587745,23.39,23.31,23.34,22.98,22.43,26.67,139.65,23.39,23.31,26.67
2024-08-07,INXU-24AUG07,INXU-24AUG07-T5224.99,INXU,5224.99,0,5199.5,0.88,0.9,0.0,10.0,1723037460,5293.1298828125,5199.5,5240.02978515625,0.012113437445599156,27.71,28.93,26.76,25.56,23.96,26.61,145.43,27.71,28.93,26.61
2024-08-07,INXU-24AUG07,INXU-24AUG07-T5274.99,INXU,5274.99,0,5199.5,0.68,0.72,12.0,12.0,1723037460,5293.1298828125,5199.5,5240.02978515625,0.012113437445599156,27.71,28.93,26.76,25.56,23.96,26.61,145.43,27.71,28.93,26.61
2024-08-08,INXU-24AUG08,INXU-24AUG08-T5224.99,INXU,5224.99,1,5319.31,0.69,0.73,0.0,1.0,1723123860,5252.56982421875,5319.31005859375,5199.5,0.011897425404288214,27.85,29.26,27.01,25.75,24.09,28.71,146.36,27.85,29.26,28.71
2024-08-08,INXU-24AUG08,INXU-24AUG08-T5299.99,INXU,5299.99,1,5319.31,0.25,0.29,1304.0,1304.0,1723123860,5252.56982421875,5319.31005859375,5199.5,0.011897425404288214,27.85,29.26,27.01,25.75,24.09,28.71,146.36,27.85,29.26,28.71
2024-08-09,INXU-24AUG09,INXU-24AUG09-T5349.99,INXU,5349.99,0,5344.16,0.28,0.32,1.0,678.0,1723210260,5314.66015625,5344.16015625,5319.31005859375,0.012813843940296263,23.79,23.9,24.13,23.5,23.3,22.09,147.37,23.79,23.9,22.09
2024-08-13,INXU-24AUG13,INXU-24AUG13-T5374.99,INXU,5374.99,1,5434.43,0.61,0.65,1095.0,1105.0,1723555860,5376.97998046875,5434.43017578125,5344.39013671875,0.012095768954944127,20.71,21.92,21.63,21.63,21.91,18.81,140.82,20.71,21.92,18.81
2024-08-16,INXU-24AUG16,INXU-24AUG16-T5524.99,INXU,5524.99,1,5554.25,0.51,0.55,24.0,24.0,1723815060,5530.5,5554.25,5543.22021484375,0.012349462844113484,15.23,14.37,17.88,18.77,19.99,14.04,143.56,15.23,14.37,14.04
2024-08-19,INXU-24AUG19,INXU-24AUG19-T5449.99,INXU,5449.99,1,5608.25,0.99,1.0,2.0,2.0,1724074200,5557.22998046875,5608.25,5554.25,0.011983145218450066,14.8,12.97,17.81,18.78,20.08,10.69,142.55,14.8,12.97,10.69
2024-08-20,INXU-24AUG20,INXU-24AUG20-T5624.99,INXU,5624.99,0,5597.12,0.21,0.25,8.0,8.0,1724160660,5602.8798828125,5597.1201171875,5608.25,0.011857349654400419,14.65,14.12,17.59,18.62,20.04,9.38,141.5,14.65,14.12,9.38
2024-08-21,INXU-24AUG21,INXU-24AUG21-T5499.99,INXU,5499.99,1,5620.85,0.99,1.0,2.0,2.0,1724246880,5603.08984375,5620.85009765625,5597.1201171875,0.011506420763909833,15.88,15.85,18.28,19.3,20.66,11.7,146.26,15.88,15.85,11.7
2024-08-21,INXU-24AUG21,INXU-24AUG21-T5574.99,INXU,5574.99,1,5620.85,0.82,0.86,0.0,429.0,1724247060,5603.08984375,5620.85009765625,5597.1201171875,0.011506420763909833,15.88,15.85,18.28,19.3,20.66,11.7,146.26,15.88,15.85,11.7
2024-08-21,INXU-24AUG21,INXU-24AUG21-T5624.99,INXU,5624.99,0,5620.85,0.36,0.4,0.0,57.0,1724247060,5603.08984375,5620.85009765625,5597.1201171875,0.011506420763909833,15.88,15.85,18.28,19.3,20.66,11.7,146.26,15.88,15.85,11.7
2024-08-21,INXU-24AUG21,INXU-24AUG21-T5699.99,INXU,5699.99,0,5620.85,0.0,0.01,2.0,2.0,1724247000,5603.08984375,5620.85009765625,5597.1201171875,0.011506420763909833,15.88,15.85,18.28,19.3,20.66,11.7,146.26,15.88,15.85,11.7
2024-08-22,INXU-24AUG22,INXU-24AUG22-T5599.99,INXU,5599.99,0,5570.64,0.87,0.91,547.0,1132.0,1724333460,5637.77001953125,5570.64013671875,5620.85009765625,0.011203918702863556,16.27,15.65,18.58,19.54,21.44,11.63,149.67,16.27,15.65,11.63
2024-08-23,INXU-24AUG23,INXU-24AUG23-T5599.99,INXU,5599.99,1,5634.61,0.53,0.57,0.0,788.0,1724419860,5602.490234375,5634.60986328125,5570.64013671875,0.011082732331238078,17.55,16.55,19.36,20.09,21.65,17.05,154.16,17.55,16.55,17.05
2024-08-26,INXU-24AUG26,INXU-24AUG26-T5649.99,INXU,5649.99,0,5616.84,0.45,0.49,0.0,607.0,1724679060,5639.66015625,5616.83984375,5634.60986328125,0.011103133031436181,15.86,13.69,18.19,19.35,21.24,10.8,153.95,15.86,13.69,10.8
2024-08-27,INXU-24AUG27,INXU-24AUG27-T5599.99,INXU,5599.99,1,5625.8,0.55,0.59,846.0,846.0,1724765460,5602.89013671875,5625.7998046875,5616.83984375,0.010792656530064287,16.15,14.87,18.25,19.36,20.27,10.11,151.5,16.15,14.87,10.11
2024-08-27,INXU-24AUG27,INXU-24AUG27-T5649.99,INXU,5649.99,0,5625.8,0.05,0.09,0.0,2.0,1724765460,5602.89013671875,5625.7998046875,5616.83984375,0.010792656530064287,16.15,14.87,18.25,19.36,20.27,10.11,151.5,16.15,14.87,10.11
2024-08-28,INXU-24AUG28,INXU-24AUG28-T5649.99,INXU,5649.99,0,5592.18,0.19,0.22,0.0,887.0,1724851860,5624.509765625,5592.18017578125,5625.7998046875,0.010471150177172124,15.43,14.17,17.73,19.0,20.04,8.86,151.83,15.43,14.17,8.86
2024-08-29,INXU-24AUG29,INXU-24AUG29-T5499.99,INXU,5499.99,1,5591.96,0.99,1.0,2.0,2.0,1724938260,5607.2998046875,5591.9599609375,5592.18017578125,0.010257774868629551,17.11,16.64,18.9,19.83,20.81,21.35,151.68,17.11,16.64,21.35
2024-08-29,INXU-24AUG29,INXU-24AUG29-T5624.99,INXU,5624.99,0,5591.96,0.35,0.39,134.0,134.0,1724938260,5607.2998046875,5591.9599609375,5592.18017578125,0.010257774868629551,17.11,16.64,18.9,19.83,20.81,21.35,151.68,17.11,16.64,21.35
2024-08-30,INXU-24AUG30,INXU-24AUG30-T5574.99,INXU,5574.99,1,5648.4,0.87,0.9,0.0,22.0,1725024660,5612.740234375,5648.39990234375,5591.9599609375,0.009945286391302158,15.65,13.73,18.0,19.31,20.18,12.94,153.01,15.65,13.73,12.94
2024-08-30,INXU-24AUG30,INXU-24AUG30-T5624.99,INXU,5624.99,1,5648.4,0.42,0.46,0.0,308.0,1725024660,5612.740234375,5648.39990234375,5591.9599609375,0.009945286391302158,15.65,13.73,18.0,19.31,20.18,12.94,153.01,15.65,13.73,12.94
2024-09-03,INXU-24SEP03,INXU-24SEP03-T5549.99,INXU,5549.99,0,5528.93,0.94,0.97,1000.0,1000.0,1725370260,5623.89013671875,5528.93017578125,5648.39990234375,0.009951144014075099,15.0,12.9,17.43,18.88,20.29,11.33,159.0,15.0,12.9,11.33
2024-09-03,INXU-24SEP03,INXU-24SEP03-T5624.99,INXU,5624.99,0,5528.93,0.36,0.4,24.0,918.0,1725370260,5623.89013671875,5528.93017578125,5648.39990234375,0.009951144014075099,15.0,12.9,17.43,18.88,20.29,11.33,159.0,15.0,12.9,11.33
2024-09-04,INXU-24SEP04,INXU-24SEP04-T5499.99,INXU,5499.99,1,5520.07,0.62,0.66,3.0,672.0,1725456660,5506.68017578125,5520.06982421875,5528.93017578125,0.010977473122172787,20.72,20.07,21.7,21.93,22.01,15.31,163.6,20.72,20.07,15.31
2024-09-05,INXU-24SEP05,INXU-24SEP05-T5499.99,INXU,5499.99,1,5503.41,0.69,0.73,0.0,395.0,1725543060,5520.080078125,5503.41015625,5520.06982421875,0.010650302577146973,21.32,20.43,22.07,22.27,22.76,16.2,160.9,21.32,20.43,16.2
2024-09-05,INXU-24SEP05,INXU-24SEP05-T5549.99,INXU,5549.99,0,5503.41,0.26,0.29,0.0,10.0,1725543060,5520.080078125,5503.41015625,5520.06982421875,0.010650302577146973,21.32,20.43,22.07,22.27,22.76,16.2,160.9,21.32,20.43,16.2
2024-09-06,INXU-24SEP06,INXU-24SEP06-T5524.99,INXU,5524.99,0,5408.42,0.43,0.47,1282.0,1261.0,1725629460,5507.330078125,5408.419921875,5503.41015625,0.010352361561177057,19.9,19.54,20.93,21.45,22.43,21.69,156.71,19.9,19.54,21.69
2024-09-06,INXU-24SEP06,INXU-24SEP06-T5599.99,INXU,5599.99,0,5408.42,0.02,0.05,10.0,10.0,1725629460,5507.330078125,5408.419921875,5503.41015625,0.010352361561177057,19.9,19.54,20.93,21.45,22.43,21.69,156.71,19.9,19.54,21.69
2024-09-09,INXU-24SEP09,INXU-24SEP09-T5449.99,INXU,5449.99,1,5471.05,0.55,0.59,0.0,572.0,1725888660,5442.06982421875,5471.0498046875,5408.419921875,0.01090547918797214,22.38,22.26,22.74,22.79,23.38,20.44,148.98,22.38,22.26,20.44
2024-09-10,INXU-24SEP10,INXU-24SEP10-T5449.99,INXU,5449.99,1,5495.52,0.84,0.88,0.0,19.0,1725975060,5490.509765625,5495.52001953125,5471.0498046875,0.010942916686960966,19.45,19.67,20.88,21.4,22.27,13.84,140.33,19.45,19.67,13.84
2024-09-10,INXU-24SEP10,INXU-24SEP10-T5499.99,INXU,5499.99,0,5495.52,0.41,0.45,0.0,10.0,1725975060,5490.509765625,5495.52001953125,5471.0498046875,0.010942916686960966,19.45,19.67,20.88,21.4,22.27,13.84,140.33,19.45,19.67,13.84
2024-09-11,INXU-24SEP11,INXU-24SEP11-T5524.99,INXU,5524.99,1,5554.13,0.15,0.19,1316.0,1316.0,1726061460,5496.419921875,5554.1298828125,5495.52001953125,0.010665716128100222,19.08,19.69,20.55,21.23,22.19,19.18,139.75,19.08,19.69,19.18
2024-09-11,INXU-24SEP11,INXU-24SEP11-T5599.99,INXU,5599.99,0,5554.13,0.01,0.02,0.0,614.0,1726061340,5496.419921875,5554.1298828125,5495.52001953125,0.010665716128100222,19.08,19.69,20.55,21.23,22.19,19.18,139.75,19.08,19.69,19.18
2024-09-12,INXU-24SEP12,INXU-24SEP12-T5524.99,INXU,5524.99,1,5595.76,0.76,0.79,0.0,297.0,1726147860,5557.47998046875,5595.759765625,5554.1298828125,0.01066229661266585,17.69,17.88,19.59,20.37,21.63,14.98,139.73,17.69,17.88,14.98
2024-09-12,INXU-24SEP12,INXU-24SEP12-T5574.99,INXU,5574.99,1,5595.76,0.3,0.34,0.0,19.0,1726147860,5557.47998046875,5595.759765625,5554.1298828125,0.01066229661266585,17.69,17.88,19.59,20.37,21.63,14.98,139.73,17.69,17.88,14.98
2024-09-13,INXU-24SEP13,INXU-24SEP13-T5574.99,INXU,5574.99,1,5626.02,0.77,0.81,0.0,324.0,1726234260,5603.33984375,5626.02001953125,5595.759765625,0.01049805669790361,17.07,16.75,19.48,20.4,21.91,12.99,145.88,17.07,16.75,12.99
2024-09-13,INXU-24SEP13,INXU-24SEP13-T5624.99,INXU,5624.99,1,5626.02,0.27,0.31,2.0,200.0,1726234260,5603.33984375,5626.02001953125,5595.759765625,0.01049805669790361,17.07,16.75,19.48,20.4,21.91,12.99,145.88,17.07,16.75,12.99
2024-09-16,INXU-24SEP16,INXU-24SEP16-T5524.99,INXU,5524.99,1,5633.09,0.97,0.99,0.0,1.0,1726493220,5615.2099609375,5633.08984375,5626.02001953125,0.010263614003012055,16.56,15.8,19.28,20.28,21.65,12.85,149.99,16.56,15.8,12.85
2024-09-16,INXU-24SEP16,INXU-24SEP16-T5599.99,INXU,5599.99,1,5633.09,0.76,0.8,1.0,611.0,1726493460,5615.2099609375,5633.08984375,5626.02001953125,0.010263614003012055,16.56,15.8,19.28,20.28,21.65,12.85,149.99,16.56,15.8,12.85
2024-09-16,INXU-24SEP16,INXU-24SEP16-T5649.99,INXU,5649.99,0,5633.09,0.19,0.22,1.0,637.0,1726493460,5615.2099609375,5633.08984375,5626.02001953125,0.010263614003012055,16.56,15.8,19.28,20.28,21.65,12.85,149.99,16.56,15.8,12.85
2024-09-17,INXU-24SEP17,INXU-24SEP17-T5649.99,INXU,5649.99,0,5634.58,0.61,0.65,3.0,14.0,1726579860,5655.509765625,5634.580078125,5633.08984375,0.009955696808312866,17.14,17.19,19.81,20.58,21.83,12.13,152.17,17.14,17.19,12.13
2024-09-18,INXU-24SEP18,INXU-24SEP18-T5599.99,INXU,5599.99,1,5618.26,0.68,0.72,94.0,135.0,1726666260,5641.68017578125,5618.259765625,5634.580078125,0.00965262356959734,17.61,18.09,20.13,20.88,22.08,21.32,157.54,17.61,18.09,21.32
2024-09-18,INXU-24SEP18,INXU-24SEP18-T5649.99,INXU,5649.99,0,5618.26,0.49,0.5,2.0,2.0,1726666260,5641.68017578125,5618.259765625,5634.580078125,0.00965262356959734,17.61,18.09,20.13,20.88,22.08,21.32,157.54,17.61,18.09,21.32
2024-09-18,INXU-24SEP18,INXU-24SEP18-T5724.99,INXU,5724.99,0,5618.26,0.09,0.13,2.0,108.0,1726666260,5641.68017578125,5618.259765625,5634.580078125,0.00965262356959734,17.61,18.09,20.13,20.88,22.08,21.32,157.54,17.61,18.09,21.32
2024-09-19,INXU-24SEP19,INXU-24SEP19-T5649.99,INXU,5649.99,1,5713.64,0.9,0.93,0.0,32.0,1726752660,5702.6298828125,5713.64013671875,5618.259765625,0.009385497492385448,18.23,17.95,20.35,20.98,22.25,18.44,167.42,18.23,17.95,18.44
2024-09-20,INXU-24SEP20,INXU-24SEP20-T5674.99,INXU,5674.99,1,5702.55,0.75,0.79,29.0,29.0,1726839060,5709.64013671875,5702.5498046875,5713.64013671875,0.009990290841477767,16.33,14.66,19.07,20.04,21.52,14.86,171.72,16.33,14.66,14.86
2024-09-20,INXU-24SEP20,INXU-24SEP20-T5724.99,INXU,5724.99,0,5702.55,0.3,0.31,0.0,1.0,1726839060,5709.64013671875,5702.5498046875,5713.64013671875,0.009990290841477767,16.33,14.66,19.07,20.04,21.52,14.86,171.72,16.33,14.66,14.86
2024-09-23,INXU-24SEP23,INXU-24SEP23-T5674.99,INXU,5674.99,1,5718.57,0.86,0.89,693.0,693.0,1727098260,5711.89990234375,5718.56982421875,5702.5498046875,0.009697630518317419,16.15,13.2,18.94,20.12,21.47,11.51,165.75,16.15,13.2,11.51
2024-09-23,INXU-24SEP23,INXU-24SEP23-T5724.99,INXU,5724.99,0,5718.57,0.36,0.4,25.0,22.0,1727098260,5711.89990234375,5718.56982421875,5702.5498046875,0.009697630518317419,16.15,13.2,18.94,20.12,21.47,11.51,165.75,16.15,13.2,11.51
2024-09-24,INXU-24SEP24,INXU-24SEP24-T5699.99,INXU,5699.99,1,5732.93,0.81,0.85,3.0,3.0,1727184660,5727.66015625,5732.93017578125,5718.56982421875,0.009427278944740932,15.89,14.35,18.7,20.05,21.41,8.95,165.6,15.89,14.35,8.95
2024-09-24,INXU-24SEP24,INXU-24SEP24-T5749.99,INXU,5749.99,0,5732.93,0.13,0.17,6.0,0.0,1727184660,5727.66015625,5732.93017578125,5718.56982421875,0.009427278944740932,15.89,14.35,18.7,20.05,21.41,8.95,165.6,15.89,14.35,8.95
2024-09-25,INXU-24SEP25,INXU-24SEP25-T5699.99,INXU,5699.99,1,5722.26,0.91,0.95,200.0,700.0,1727271060,5733.64990234375,5722.259765625,5732.93017578125,0.009160707817942197,15.39,14.12,18.47,19.87,21.29,8.6,162.41,15.39,14.12,8.6
2024-09-25,INXU-24SEP25,INXU-24SEP25-T5749.99,INXU,5749.99,0,5722.26,0.35,0.39,0.0,18.0,1727271060,5733.64990234375,5722.259765625,5732.93017578125,0.009160707817942197,15.39,14.12,18.47,19.87,21.29,8.6,162.41,15.39,14.12,8.6
2024-09-27,INXU-24SEP27,INXU-24SEP27-T5724.99,INXU,5724.99,1,5738.17,0.85,0.89,500.0,675.0,1727443860,5755.35986328125,5738.169921875,5745.3701171875,0.008678759460011834,15.37,14.56,18.45,19.99,21.6,10.57,158.67,15.37,14.56,10.57
2024-09-27,INXU-24SEP27,INXU-24SEP27-T5774.99,INXU,5774.99,0,5738.17,0.21,0.24,0.0,386.0,1727443860,5755.35986328125,5738.169921875,5745.3701171875,0.008678759460011834,15.37,14.56,18.45,19.99,21.6,10.57,158.67,15.37,14.56,10.57
2024-09-30,INXU-24SEP30,INXU-24SEP30-T5699.99,INXU,5699.99,1,5762.48,0.78,0.82,4.0,8.0,1727703060,5726.52001953125,5762.47998046875,5738.169921875,0.008419973877466697,16.96,15.74,19.54,20.92,22.23,13.22,160.99,16.96,15.74,13.22
2024-09-30,INXU-24SEP30,INXU-24SEP30-T5749.99,INXU,5749.99,1,5762.48,0.24,0.28,0.0,31.0,1727703060,5726.52001953125,5762.47998046875,5738.169921875,0.008419973877466697,16.96,15.74,19.54,20.92,22.23,13.22,160.99,16.96,15.74,13.22
2024-10-01,INXU-24OCT01,INXU-24OCT01-T5724.99,INXU,5724.99,0,5708.75,0.76,0.8,505.0,525.0,1727789460,5757.72998046875,5708.75,5762.47998046875,0.008228885420602254,16.73,16.65,19.22,20.62,21.85,11.97,154.3,16.73,16.65,11.97
2024-10-02,INXU-24OCT02,INXU-24OCT02-T5674.99,INXU,5674.99,1,5709.54,0.66,0.7,0.0,1500.0,1727875860,5698.14013671875,5709.5400390625,5708.75,0.00830163123183364,19.26,19.55,20.89,21.83,22.66,14.63,158.59,19.26,19.55,14.63
2024-10-03,INXU-24OCT03,INXU-24OCT03-T5599.99,INXU,5599.99,1,5699.94,0.96,0.99,525.0,525.0,1727961780,5698.18994140625,5699.93994140625,5709.5400390625,0.008048801469329852,18.9,18.76,20.59,21.62,22.43,14.29,161.5,18.9,18.76,14.29
2024-10-03,INXU-24OCT03,INXU-24OCT03-T5724.99,INXU,5724.99,0,5699.94,0.24,0.27,1.0,101.0,1727962260,5698.18994140625,5699.93994140625,5709.5400390625,0.008048801469329852,18.9,18.76,20.59,21.62,22.43,14.29,161.5,18.9,18.76,14.29
2024-10-04,INXU-24OCT04,INXU-24OCT04-T5674.99,INXU,5674.99,1,5751.07,0.9,0.93,84.0,84.0,1728048660,5737.47998046875,5751.06982421875,5699.93994140625,0.00781448168892131,20.49,20.41,21.63,22.28,22.86,19.17,162.78,20.49,20.41,19.17
2024-10-04,INXU-24OCT04,INXU-24OCT04-T5724.99,INXU,5724.99,1,5751.07,0.67,0.71,508.0,2.0,1728048660,5737.47998046875,5751.06982421875,5699.93994140625,0.00781448168892131,20.49,20.41,21.63,22.28,22.86,19.17,162.78,20.49,20.41,19.17
2024-10-04,INXU-24OCT04,INXU-24OCT04-T5799.99,INXU,5799.99,0,5751.07,0.03,0.07,53.0,53.0,1728048660,5737.47998046875,5751.06982421875,5699.93994140625,0.00781448168892131,20.49,20.41,21.63,22.28,22.86,19.17,162.78,20.49,20.41,19.17
2024-10-07,INXU-24OCT07,INXU-24OCT07-T5724.99,INXU,5724.99,0,5695.94,0.61,0.65,0.0,1000.0,1728307860,5737.7998046875,5695.93994140625,5751.06982421875,0.007885882726238793,19.21,16.48,20.65,21.6,22.32,13.95,156.43,19.21,16.48,13.95
2024-10-07,INXU-24OCT07,INXU-24OCT07-T5774.99,INXU,5774.99,0,5695.94,0.07,0.11,500.0,500.0,1728307860,5737.7998046875,5695.93994140625,5751.06982421875,0.007885882726238793,19.21,16.48,20.65,21.6,22.32,13.95,156.43,19.21,16.48,13.95
2024-10-08,INXU-24OCT08,INXU-24OCT08-T5674.99,INXU,5674.99,1,5751.13,0.88,0.92,0.0,130.0,1728394260,5719.14013671875,5751.1298828125,5695.93994140625,0.008001423087003802,22.64,20.0,22.59,23.02,23.2,14.04,155.57,22.64,20.0,14.04
2024-10-08,INXU-24OCT08,INXU-24OCT08-T5724.99,INXU,5724.99,1,5751.13,0.51,0.55,74.0,1135.0,1728394260,5719.14013671875,5751.1298828125,5695.93994140625,0.008001423087003802,22.64,20.0,22.59,23.02,23.2,14.04,155.57,22.64,20.0,14.04
2024-10-08,INXU-24OCT08,INXU-24OCT08-T5799.99,INXU,5799.99,0,5751.13,0.0,0.03,15.0,15.0,1728393780,5719.14013671875,5751.1298828125,5695.93994140625,0.008001423087003802,22.64,20.0,22.59,23.02,23.2,14.04,155.57,22.64,20.0,14.04
2024-10-09,INXU-24OCT09,INXU-24OCT09-T5774.99,INXU,5774.99,1,5792.04,0.17,0.21,0.0,2.0,1728480660,5751.7998046875,5792.0400390625,5751.1298828125,0.008109273979728198,21.42,18.0,21.52,22.45,22.8,11.24,156.28,21.42,18.0,11.24
2024-10-10,INXU-24OCT10,INXU-24OCT10-T5699.99,INXU,5699.99,1,5780.05,0.94,0.97,675.0,675.0,1728567060,5778.35986328125,5780.0498046875,5792.0400390625,0.008051662131399372,20.86,16.41,20.91,21.85,22.55,15.09,156.93,20.86,16.41,15.09
2024-10-10,INXU-24OCT10,INXU-24OCT10-T5774.99,INXU,5774.99,1,5780.05,0.52,0.56,0.0,263.0,1728567060,5778.35986328125,5780.0498046875,5792.0400390625,0.008051662131399372,20.86,16.41,20.91,21.85,22.55,15.09,156.93,20.86,16.41,15.09
2024-10-10,INXU-24OCT10,INXU-24OCT10-T5849.99,INXU,5849.99,0,5780.05,0.0,0.03,3.0,3.0,1728567060,5778.35986328125,5780.0498046875,5792.0400390625,0.008051662131399372,20.86,16.41,20.91,21.85,22.55,15.09,156.93,20.86,16.41,15.09
2024-10-11,INXU-24OCT11,INXU-24OCT11-T5749.99,INXU,5749.99,1,5815.03,0.82,0.86,1000.0,1020.0,1728653460,5775.08984375,5815.02978515625,5780.0498046875,0.007822861050750507,20.93,15.49,21.02,21.96,22.54,12.46,154.09,20.93,15.49,12.46
2024-10-11,INXU-24OCT11,INXU-24OCT11-T5799.99,INXU,5799.99,1,5815.03,0.25,0.29,120.0,223.0,1728653460,5775.08984375,5815.02978515625,5780.0498046875,0.007822861050750507,20.93,15.49,21.02,21.96,22.54,12.46,154.09,20.93,15.49,12.46
2024-10-14,INXU-24OCT14,INXU-24OCT14-T5774.99,INXU,5774.99,1,5859.85,0.93,0.96,725.0,725.0,1728912660,5829.81005859375,5859.85009765625,5815.02978515625,0.007727198330885046,20.46,14.33,20.77,21.76,22.47,11.19,159.43,20.46,14.33,11.19
2024-10-14,INXU-24OCT14,INXU-24OCT14-T5824.99,INXU,5824.99,1,5859.85,0.61,0.65,0.0,100.0,1728912660,5829.81005859375,5859.85009765625,5815.02978515625,0.007727198330885046,20.46,14.33,20.77,21.76,22.47,11.19,159.43,20.46,14.33,11.19
2024-10-15,INXU-24OCT15,INXU-24OCT15-T5824.99,INXU,5824.99,0,5815.26,0.91,0.94,0.0,16.0,1728999060,5866.740234375,5815.259765625,5859.85009765625,0.00772425890368977,19.7,14.64,20.12,21.14,21.95,9.33,153.08,19.7,14.64,9.33
2024-10-15,INXU-24OCT15,INXU-24OCT15-T5874.99,INXU,5874.99,0,5815.26,0.35,0.39,20.0,169.0,1728999060,5866.740234375,5815.259765625,5859.85009765625,0.00772425890368977,19.7,14.64,20.12,21.14,21.95,9.33,153.08,19.7,14.64,9.33
2024-10-16,INXU-24OCT16,INXU-24OCT16-T5824.99,INXU,5824.99,1,5842.47,0.38,0.42,0.0,1.0,1729085460,5816.580078125,5842.47021484375,5815.259765625,0.007719140776159233,20.64,14.88,20.8,21.52,22.14,10.68,159.69,20.64,14.88,10.68
2024-10-17,INXU-24OCT17,INXU-24OCT17-T5824.99,INXU,5824.99,1,5841.47,0.92,0.95,250.0,250.0,1729171860,5875.6201171875,5841.47021484375,5842.47021484375,0.007570833964952949,19.58,14.25,20.32,21.14,21.92,10.63,161.85,19.58,14.25,10.63
2024-10-17,INXU-24OCT17,INXU-24OCT17-T5874.99,INXU,5874.99,0,5841.47,0.51,0.55,2.0,147.0,1729171860,5875.6201171875,5841.47021484375,5842.47021484375,0.007570833964952949,19.58,14.25,20.32,21.14,21.92,10.63,161.85,19.58,14.25,10.63
2024-10-18,INXU-24OCT18,INXU-24OCT18-T5799.99,INXU,5799.99,1,5864.67,0.93,0.96,0.0,32.0,1729258260,5859.43017578125,5864.669921875,5841.47021484375,0.007340315617533024,19.11,13.85,19.81,20.75,21.66,11.12,165.82,19.11,13.85,11.12
2024-10-18,INXU-24OCT18,INXU-24OCT18-T5849.99,INXU,5849.99,1,5864.67,0.57,0.61,661.0,1037.0,1729258260,5859.43017578125,5864.669921875,5841.47021484375,0.007340315617533024,19.11,13.85,19.81,20.75,21.66,11.12,165.82,19.11,13.85,11.12
2024-10-21,INXU-24OCT21,INXU-24OCT21-T5874.99,INXU,5874.99,0,5853.98,0.23,0.27,0.0,30.0,1729517460,5857.81982421875,5853.97998046875,5864.669921875,0.007182624314547025,18.03,12.38,19.19,20.23,21.29,9.09,155.55,18.03,12.38,9.09
2024-10-22,INXU-24OCT22,INXU-24OCT22-T5824.99,INXU,5824.99,1,5851.2,0.55,0.59,1.0,201.0,1729603860,5832.7001953125,5851.2001953125,5853.97998046875,0.006978137430594628,18.37,14.39,19.24,20.2,21.26,8.65,150.97,18.37,14.39,8.65
2024-10-23,INXU-24OCT23,INXU-24OCT23-T5824.99,INXU,5824.99,0,5797.42,0.64,0.68,0.0,652.0,1729690260,5834.5,5797.419921875,5851.2001953125,0.006766555665411347,18.2,14.55,19.17,20.22,21.26,8.97,146.8,18.2,14.55,8.97
2025-02-14,KXINXU-25FEB14H1600,KXINXU-25FEB14H1600-T6099.9999,KXINXU,6100.0,1,6114.63,0.75,0.79,103.0,703.0,1739543460,6115.52001953125,6114.6298828125,6115.06982421875,0.014696786983190999,15.1,12.31,17.84,19.11,20.07,10.98,163.36,15.1,12.31,10.98
2025-02-18,KXINXU-25FEB18H1600,KXINXU-25FEB18H1600-T6109.9999,KXINXU,6110.0,1,6129.58,0.72,0.76,233.0,200.0,1739889060,6121.60009765625,6129.580078125,6114.6298828125,0.014249074546484913,14.77,11.56,17.81,19.19,20.14,11.82,167.97,14.77,11.56,11.82
2025-02-19,KXINXU-25FEB19H1600,KXINXU-25FEB19H1600-T6134.9999,KXINXU,6135.0,1,6144.15,0.21,0.25,28.0,528.0,1739975460,6117.759765625,6144.14990234375,6129.580078125,0.013827933738110497,15.35,13.2,17.82,19.32,20.33,9.31,183.12,15.35,13.2,9.31
2025-02-20,KXINXU-25FEB20H1600,KXINXU-25FEB20H1600-T6099.9999,KXINXU,6100.0,1,6117.52,0.88,0.9,500.0,1500.0,1740061860,6134.5,6117.52001953125,6144.14990234375,0.013419286475353486,15.27,13.06,17.93,19.41,20.42,9.32,175.76,15.27,13.06,9.32
2025-02-24,KXINXU-25FEB24H1600,KXINXU-25FEB24H1600-T5989.9999,KXINXU,5990.0,0,5983.25,0.85,0.89,353.0,353.0,1740407460,6026.68994140625,5983.25,6013.1298828125,0.013339949177113859,18.21,17.0,19.48,20.6,21.26,18.16,165.0,18.21,17.0,18.16
2025-02-24,KXINXU-25FEB24H1600,KXINXU-25FEB24H1600-T6064.9999,KXINXU,6065.0,0,5983.25,0.22,0.26,1.0,134.0,1740407460,6026.68994140625,5983.25,6013.1298828125,0.013339949177113859,18.21,17.0,19.48,20.6,21.26,18.16,165.0,18.21,17.0,18.16
2025-02-25,KXINXU-25FEB25H1600,KXINXU-25FEB25H1600-T5884.9999,KXINXU,5885.0,1,5955.25,0.94,0.97,0.0,262.0,1740493860,5982.72998046875,5955.25,5983.25,0.012990993716573147,18.98,18.3,19.86,20.88,21.34,15.1,156.93,18.98,18.3,15.1
2025-02-25,KXINXU-25FEB25H1600,KXINXU-25FEB25H1600-T5959.9999,KXINXU,5960.0,0,5955.25,0.74,0.78,0.0,187.0,1740493860,5982.72998046875,5955.25,5983.25,0.012990993716573147,18.98,18.3,19.86,20.88,21.34,15.1,156.93,18.98,18.3,15.1
2025-02-25,KXINXU-25FEB25H1600,KXINXU-25FEB25H1600-T6034.9999,KXINXU,6035.0,0,5955.25,0.11,0.15,20.0,20.0,1740493860,5982.72998046875,5955.25,5983.25,0.012990993716573147,18.98,18.3,19.86,20.88,21.34,15.1,156.93,18.98,18.3,15.1
2025-02-26,KXINXU-25FEB26H1600,KXINXU-25FEB26H1600-T5929.9999,KXINXU,5930.0,1,5956.06,0.77,0.81,268.0,268.0,1740580260,5970.8701171875,5956.06005859375,5955.25,0.012647534589396282,19.43,19.29,20.03,21.04,21.39,14.62,157.6,19.43,19.29,14.62
2025-02-26,KXINXU-25FEB26H1600,KXINXU-25FEB26H1600-T6004.9999,KXINXU,6005.0,0,5956.06,0.19,0.23,139.0,1.0,1740580260,5970.8701171875,5956.06005859375,5955.25,0.012647534589396282,19.43,19.29,20.03,21.04,21.39,14.62,157.6,19.43,19.29,14.62
2025-02-27,KXINXU-25FEB27H1600,KXINXU-25FEB27H1600-T5854.9999,KXINXU,5855.0,1,5861.57,0.96,0.99,0.0,400.0,1740666660,5981.8798828125,5861.56982421875,5956.06005859375,0.012262284989483424,19.1,18.88,19.75,20.81,21.27,20.49,153.44,19.1,18.88,20.49
2025-02-27,KXINXU-25FEB27H1600,KXINXU-25FEB27H1600-T5929.9999,KXINXU,5930.0,0,5861.57,0.83,0.87,30.0,30.0,1740666660,5981.8798828125,5861.56982421875,5956.06005859375,0.012262284989483424,19.1,18.88,19.75,20.81,21.27,20.49,153.44,19.1,18.88,20.49
2025-02-27,KXINXU-25FEB27H1600,KXINXU-25FEB27H1600-T6004.9999,KXINXU,6005.0,0,5861.57,0.37,0.41,3.0,1.0,1740666660,5981.8798828125,5861.56982421875,5956.06005859375,0.012262284989483424,19.1,18.88,19.75,20.81,21.27,20.49,153.44,19.1,18.88,20.49
2025-02-28,KXINXU-25FEB28H1600,KXINXU-25FEB28H1600-T5754.9999,KXINXU,5755.0,1,5954.5,0.93,0.96,0.0,400.0,1740753060,5856.740234375,5954.5,5861.56982421875,0.01251742340819718,21.13,20.95,21.22,21.91,22.13,19.54,149.32,21.13,20.95,19.54
2025-02-28,KXINXU-25FEB28H1600,KXINXU-25FEB28H1600-T5829.9999,KXINXU,5830.0,1,5954.5,0.72,0.74,90.0,310.0,1740753060,5856.740234375,5954.5,5861.56982421875,0.01251742340819718,21.13,20.95,21.22,21.91,22.13,19.54,149.32,21.13,20.95,19.54
2025-02-28,KXINXU-25FEB28H1600,KXINXU-25FEB28H1600-T5904.9999,KXINXU,5905.0,1,5954.5,0.2,0.29,0.0,176.0,1740753060,5856.740234375,5954.5,5861.56982421875,0.01251742340819718,21.13,20.95,21.22,21.91,22.13,19.54,149.32,21.13,20.95,19.54
2025-03-03,KXINXU-25MAR03H1600,KXINXU-25MAR03H1600-T5934.9999,KXINXU,5935.0,0,5849.72,0.77,0.81,2.0,167.0,1741012260,5968.330078125,5849.72021484375,5954.5,0.012733037279937022,19.63,18.88,20.18,21.17,21.3,18.67,157.94,19.63,18.88,18.67
2025-03-04,KXINXU-25MAR04H1600,KXINXU-25MAR04H1600-T5749.9999,KXINXU,5750.0,1,5778.15,0.77,0.81,0.0,300.0,1741098660,5811.97998046875,5778.14990234375,5849.72021484375,0.013088678338529404,22.78,23.96,22.18,22.5,22.03,21.75,154.26,22.78,23.96,21.75
2025-03-04,KXINXU-25MAR04H1600,KXINXU-25MAR04H1600-T5824.9999,KXINXU,5825.0,0,5778.15,0.41,0.46,207.0,305.0,1741098660,5811.97998046875,5778.14990234375,5849.72021484375,0.013088678338529404,22.78,23.96,22.18,22.5,22.03,21.75,154.26,22.78,23.96,21.75
2025-03-04,KXINXU-25MAR04H1600,KXINXU-25MAR04H1600-T5899.9999,KXINXU,5900.0,0,5778.15,0.07,0.1,251.0,339.0,1741098660,5811.97998046875,5778.14990234375,5849.72021484375,0.013088678338529404,22.78,23.96,22.18,22.5,22.03,21.75,154.26,22.78,23.96,21.75
2025-03-05,KXINXU-25MAR05H1600,KXINXU-25MAR05H1600-T5669.9999,KXINXU,5670.0,1,5842.63,0.9,0.93,0.0,300.0,1741185060,5781.35986328125,5842.6298828125,5778.14990234375,0.013043281917137108,23.51,24.79,22.78,22.91,22.29,24.63,151.38,23.51,24.79,24.63
2025-03-05,KXINXU-25MAR05H1600,KXINXU-25MAR05H1600-T5744.9999,KXINXU,5745.0,1,5842.63,0.68,0.71,0.0,51.0,1741185060,5781.35986328125,5842.6298828125,5778.14990234375,0.013043281917137108,23.51,24.79,22.78,22.91,22.29,24.63,151.38,23.51,24.79,24.63
2025-03-05,KXINXU-25MAR05H1600,KXINXU-25MAR05H1600-T5819.9999,KXINXU,5820.0,1,5842.63,0.34,0.38,0.0,18.0,1741185060,5781.35986328125,5842.6298828125,5778.14990234375,0.013043281917137108,23.51,24.79,22.78,22.91,22.29,24.63,151.38,23.51,24.79,24.63
2025-03-06,KXINXU-25MAR06H1600,KXINXU-25MAR06H1600-T5749.9999,KXINXU,5750.0,0,5738.52,0.58,0.62,0.0,400.0,1741271460,5785.8701171875,5738.52001953125,5842.6298828125,0.01293479064285951,21.93,22.9,21.72,22.1,21.95,22.11,138.88,21.93,22.9,22.11
2025-03-07,KXINXU-25MAR07H1600,KXINXU-25MAR07H1600-T5639.9999,KXINXU,5640.0,1,5770.2,0.82,0.85,0.0,3.0,1741357860,5726.009765625,5770.2001953125,5738.52001953125,0.013291593523264766,24.87,26.79,23.7,23.69,22.69,31.13,137.65,24.87,26.79,31.13
2025-03-07,KXINXU-25MAR07H1600,KXINXU-25MAR07H1600-T5714.9999,KXINXU,5715.0,1,5770.2,0.56,0.58,0.0,4.0,1741357860,5726.009765625,5770.2001953125,5738.52001953125,0.013291593523264766,24.87,26.79,23.7,23.69,22.69,31.13,137.65,24.87,26.79,31.13
2025-03-07,KXINXU-25MAR07H1600,KXINXU-25MAR07H1600-T5789.9999,KXINXU,5790.0,0,5770.2,0.23,0.27,1133.0,1129.0,1741357860,5726.009765625,5770.2001953125,5738.52001953125,0.013291593523264766,24.87,26.79,23.7,23.69,22.69,31.13,137.65,24.87,26.79,31.13
2025-03-10,KXINXU-25MAR10H1600,KXINXU-25MAR10H1600-T5659.9999,KXINXU,5660.0,0,5614.56,0.64,0.68,100.0,100.0,1741613460,5705.3701171875,5614.56005859375,5770.2001953125,0.012957045947026295,23.37,23.79,22.59,22.84,22.49,24.66,139.94,23.37,23.79,24.66
2025-03-10,KXINXU-25MAR10H1600,KXINXU-25MAR10H1600-T5734.9999,KXINXU,5735.0,0,5614.56,0.28,0.31,5000.0,5010.0,1741613460,5705.3701171875,5614.56005859375,5770.2001953125,0.012957045947026295,23.37,23.79,22.59,22.84,22.49,24.66,139.94,23.37,23.79,24.66
2025-03-10,KXINXU-25MAR10H1600,KXINXU-25MAR10H1600-T5809.9999,KXINXU,5810.0,0,5614.56,0.05,0.07,0.0,1000.0,1741613460,5705.3701171875,5614.56005859375,5770.2001953125,0.012957045947026295,23.37,23.79,22.59,22.84,22.49,24.66,139.94,23.37,23.79,24.66
2025-03-10,KXINXU-25MAR10H1600,KXINXU-25MAR10H1600-T5884.9999,KXINXU,5885.0,0,5614.56,0.0,0.03,0.0,400.0,1741613460,5705.3701171875,5614.56005859375,5770.2001953125,0.012957045947026295,23.37,23.79,22.59,22.84,22.49,24.66,139.94,23.37,23.79,24.66
2025-03-11,KXINXU-25MAR11H1600,KXINXU-25MAR11H1600-T5519.9999,KXINXU,5520.0,1,5572.07,0.82,0.86,20.0,20.0,1741699860,5603.64990234375,5572.06982421875,5614.56005859375,0.014236292253378902,27.86,31.19,25.72,24.98,23.8,28.65,146.04,27.86,31.19,28.65
2025-03-11,KXINXU-25MAR11H1600,KXINXU-25MAR11H1600-T5594.9999,KXINXU,5595.0,0,5572.07,0.57,0.6,89.0,644.0,1741699860,5603.64990234375,5572.06982421875,5614.56005859375,0.014236292253378902,27.86,31.19,25.72,24.98,23.8,28.65,146.04,27.86,31.19,28.65
2025-03-11,KXINXU-25MAR11H1600,KXINXU-25MAR11H1600-T5669.9999,KXINXU,5670.0,0,5572.07,0.24,0.26,0.0,732.0,1741699860,5603.64990234375,5572.06982421875,5614.56005859375,0.014236292253378902,27.86,31.19,25.72,24.98,23.8,28.65,146.04,27.86,31.19,28.65
2025-03-12,KXINXU-25MAR12H1600,KXINXU-25MAR12H1600-T5484.9999,KXINXU,5485.0,1,5599.3,0.93,0.97,0.0,1196.0,1741785840,5624.83984375,5599.2998046875,5572.06982421875,0.013927462097923744,26.92,28.93,25.34,24.84,24.39,30.12,132.79,26.92,28.93,30.12
2025-03-12,KXINXU-25MAR12H1600,KXINXU-25MAR12H1600-T5559.9999,KXINXU,5560.0,1,5599.3,0.79,0.83,0.0,160.0,1741786260,5624.83984375,5599.2998046875,5572.06982421875,0.013927462097923744,26.92,28.93,25.34,24.84,24.39,30.12,132.79,26.92,28.93,30.12
2025-03-12,KXINXU-25MAR12H1600,KXINXU-25MAR12H1600-T5634.9999,KXINXU,5635.0,0,5599.3,0.48,0.52,200.0,2350.0,1741786260,5624.83984375,5599.2998046875,5572.06982421875,0.013927462097923744,26.92,28.93,25.34,24.84,24.39,30.12,132.79,26.92,28.93,30.12
2025-03-13,KXINXU-25MAR13H1600,KXINXU-25MAR13H1600-T5644.9999,KXINXU,5645.0,0,5521.52,0.18,0.21,0.0,3643.0,1741872660,5594.4501953125,5521.52001953125,5599.2998046875,0.013555872128189263,24.23,25.26,23.67,23.52,23.55,23.19,128.69,24.23,25.26,23.19
2025-03-14,KXINXU-25MAR14H1600,KXINXU-25MAR14H1600-T5494.9999,KXINXU,5495.0,1,5638.94,0.86,0.89,0.0,40.0,1741959060,5563.85009765625,5638.93994140625,5521.52001953125,0.013582212553608143,24.66,25.36,24.06,23.71,23.67,23.38,128.86,24.66,25.36,23.38
2025-03-14,KXINXU-25MAR14H1600,KXINXU-25MAR14H1600-T5569.9999,KXINXU,5570.0,1,5638.94,0.5,0.53,0.0,209.0,1741959060,5563.85009765625,5638.93994140625,5521.52001953125,0.013582212553608143,24.66,25.36,24.06,23.71,23.67,23.38,128.86,24.66,25.36,23.38
2025-03-17,KXINXU-25MAR17H1600,KXINXU-25MAR17H1600-T5619.9999,KXINXU,5620.0,1,5675.12,0.58,0.63,0.0,100.0,1742218260,5635.60009765625,5675.1201171875,5638.93994140625,0.014141293314560323,21.77,21.77,22.17,22.37,22.7,21.42,130.3,21.77,21.77,21.42
2025-03-17,KXINXU-25MAR17H1600,KXINXU-25MAR17H1600-T5694.9999,KXINXU,5695.0,0,5675.12,0.09,0.15,0.0,200.0,1742218260,5635.60009765625,5675.1201171875,5638.93994140625,0.014141293314560323,21.77,21.77,22.17,22.37,22.7,21.42,130.3,21.77,21.77,21.42
2025-03-18,KXINXU-25MAR18H1600,KXINXU-25MAR18H1600-T5659.9999,KXINXU,5660.0,0,5614.66,0.41,0.45,2.0,114.0,1742304660,5654.52978515625,5614.66015625,5675.1201171875,0.013799704018312318,20.51,21.3,21.3,21.66,22.19,16.35,133.9,20.51,21.3,16.35
2025-03-18,KXINXU-25MAR18H1600,KXINXU-25MAR18H1600-T5734.9999,KXINXU,5735.0,0,5614.66,0.03,0.08,0.0,35.0,1742304660,5654.52978515625,5614.66015625,5675.1201171875,0.013799704018312318,20.51,21.3,21.3,21.66,22.19,16.35,133.9,20.51,21.3,16.35
2025-03-19,KXINXU-25MAR19H1600,KXINXU-25MAR19H1600-T5599.9999,KXINXU,5600.0,1,5675.29,0.68,0.72,0.0,211.0,1742391060,5632.3701171875,5675.2900390625,5614.66015625,0.013634112868531077,21.7,22.59,21.97,22.12,22.63,22.09,136.75,21.7,22.59,22.09
2025-03-20,KXINXU-25MAR20H1600,KXINXU-25MAR20H1600-T5659.9999,KXINXU,5660.0,1,5662.89,0.34,0.38,4.0,260.0,1742477460,5646.919921875,5662.89013671875,5675.2900390625,0.013478032442512595,19.9,19.79,20.83,21.34,22.2,18.49,136.45,19.9,19.79,18.49
2025-03-21,KXINXU-25MAR21H1600,KXINXU-25MAR21H1600-T5624.9999,KXINXU,5625.0,1,5667.56,0.47,0.5,275.0,952.0,1742563860,5630.72998046875,5667.56005859375,5662.89013671875,0.013078416344903598,19.8,19.46,20.71,21.26,22.07,18.58,140.79,19.8,19.46,18.58
2025-03-24,KXINXU-25MAR24H1600,KXINXU-25MAR24H1600-T5634.9999,KXINXU,5635.0,1,5767.57,0.94,0.97,0.0,1500.0,1742823060,5718.080078125,5767.56982421875,5667.56005859375,0.012681602682081029,19.28,18.58,20.35,20.98,21.82,16.66,141.73,19.28,18.58,16.66
2025-03-24,KXINXU-25MAR24H1600,KXINXU-25MAR24H1600-T5709.9999,KXINXU,5710.0,1,5767.57,0.68,0.71,500.0,3501.0,1742823060,5718.080078125,5767.56982421875,5667.56005859375,0.012681602682081029,19.28,18.58,20.35,20.98,21.82,16.66,141.73,19.28,18.58,16.66
2025-03-25,KXINXU-25MAR25H1600,KXINXU-25MAR25H1600-T5739.9999,KXINXU,5740.0,1,5776.65,0.83,0.87,349.0,2859.0,1742909460,5775.9599609375,5776.64990234375,5767.56982421875,0.013020453109033514,17.48,18.56,19.04,19.96,21.17,12.99,144.01,17.48,18.56,12.99
2025-03-26,KXINXU-25MAR26H1600,KXINXU-25MAR26H1600-T5739.9999,KXINXU,5740.0,0,5712.2,0.84,0.88,0.0,1509.0,1742995860,5771.66015625,5712.2001953125,5776.64990234375,0.012629677051215583,17.15,18.01,19.05,20.08,21.1,12.23,148.68,17.15,18.01,12.23
2025-03-27,KXINXU-25MAR27H1600,KXINXU-25MAR27H1600-T5599.9999,KXINXU,5600.0,1,5693.31,0.93,0.97,0.0,151.0,1743082260,5695.64013671875,5693.31005859375,5712.2001953125,0.01254954606564674,18.33,19.96,19.84,20.86,21.79,16.08,144.75,18.33,19.96,16.08
2025-03-27,KXINXU-25MAR27H1600,KXINXU-25MAR27H1600-T5674.9999,KXINXU,5675.0,1,5693.31,0.68,0.71,0.0,550.0,1743082260,5695.64013671875,5693.31005859375,5712.2001953125,0.01254954606564674,18.33,19.96,19.84,20.86,21.79,16.08,144.75,18.33,19.96,16.08
2025-03-27,KXINXU-25MAR27H1600,KXINXU-25MAR27H1600-T5749.9999,KXINXU,5750.0,0,5693.31,0.1,0.13,20.0,770.0,1743082260,5695.64013671875,5693.31005859375,5712.2001953125,0.01254954606564674,18.33,19.96,19.84,20.86,21.79,16.08,144.75,18.33,19.96,16.08
2025-03-28,KXINXU-25MAR28H1600,KXINXU-25MAR28H1600-T5584.9999,KXINXU,5585.0,0,5580.94,0.93,0.96,0.0,33.0,1743168660,5679.2001953125,5580.93994140625,5693.31005859375,0.012194259897250556,18.69,20.03,19.89,21.0,21.76,17.06,140.85,18.69,20.03,17.06
2025-03-28,KXINXU-25MAR28H1600,KXINXU-25MAR28H1600-T5659.9999,KXINXU,5660.0,0,5580.94,0.63,0.67,250.0,1250.0,1743168660,5679.2001953125,5580.93994140625,5693.31005859375,0.012194259897250556,18.69,20.03,19.89,21.0,21.76,17.06,140.85,18.69,20.03,17.06
2025-03-28,KXINXU-25MAR28H1600,KXINXU-25MAR28H1600-T5734.9999,KXINXU,5735.0,0,5580.94,0.11,0.15,30.0,2530.0,1743168660,5679.2001953125,5580.93994140625,5693.31005859375,0.012194259897250556,18.69,20.03,19.89,21.0,21.76,17.06,140.85,18.69,20.03,17.06
2025-03-31,KXINXU-25MAR31H1600,KXINXU-25MAR31H1600-T5489.9999,KXINXU,5490.0,1,5611.85,0.68,0.71,0.0,3.0,1743427860,5527.91015625,5611.85009765625,5580.93994140625,0.012791451268959777,21.65,22.69,22.01,22.58,23.02,25.42,139.04,21.65,22.69,25.42
2025-03-31,KXINXU-25MAR31H1600,KXINXU-25MAR31H1600-T5564.9999,KXINXU,5565.0,1,5611.85,0.26,0.3,143.0,539.0,1743427860,5527.91015625,5611.85009765625,5580.93994140625,0.012791451268959777,21.65,22.69,22.01,22.58,23.02,25.42,139.04,21.65,22.69,25.42
2025-03-31,KXINXU-25MAR31H1600,KXINXU-25MAR31H1600-T5639.9999,KXINXU,5640.0,0,5611.85,0.02,0.06,1000.0,1020.0,1743427860,5527.91015625,5611.85009765625,5580.93994140625,0.012791451268959777,21.65,22.69,22.01,22.58,23.02,25.42,139.04,21.65,22.69,25.42
2025-04-01,KXINXU-25APR01H1600,KXINXU-25APR01H1600-T5504.9999,KXINXU,5505.0,1,5633.07,0.88,0.91,0.0,125.0,1743514260,5597.52978515625,5633.06982421875,5611.85009765625,0.012475347874222938,22.28,25.14,21.97,22.45,22.75,21.81,148.58,22.28,25.14,21.81
2025-04-01,KXINXU-25APR01H1600,KXINXU-25APR01H1600-T5654.9999,KXINXU,5655.0,0,5633.07,0.11,0.15,0.0,150.0,1743514260,5597.52978515625,5633.06982421875,5611.85009765625,0.012475347874222938,22.28,25.14,21.97,22.45,22.75,21.81,148.58,22.28,25.14,21.81
2025-04-02,KXINXU-25APR02H1600,KXINXU-25APR02H1600-T5534.9999,KXINXU,5535.0,1,5670.97,0.72,0.75,10.0,2289.0,1743600660,5580.759765625,5670.97021484375,5633.06982421875,0.01213057707751067,21.77,24.46,21.82,22.32,22.74,20.06,143.01,21.77,24.46,20.06
2025-04-02,KXINXU-25APR02H1600,KXINXU-25APR02H1600-T5609.9999,KXINXU,5610.0,1,5670.97,0.25,0.29,4.0,155.0,1743600660,5580.759765625,5670.97021484375,5633.06982421875,0.01213057707751067,21.77,24.46,21.82,22.32,22.74,20.06,143.01,21.77,24.46,20.06
2025-04-02,KXINXU-25APR02H1600,KXINXU-25APR02H1600-T5684.9999,KXINXU,5685.0,0,5670.97,0.02,0.06,0.0,10.0,1743600120,5580.759765625,5670.97021484375,5633.06982421875,0.01213057707751067,21.77,24.46,21.82,22.32,22.74,20.06,143.01,21.77,24.46,20.06
2025-04-03,KXINXU-25APR03H1600,KXINXU-25APR03H1600-T5579.9999,KXINXU,5580.0,0,5396.52,0.11,0.14,0.0,3557.0,1743687060,5492.740234375,5396.52001953125,5670.97021484375,0.011875173444492137,21.51,24.29,21.45,21.89,21.4,26.68,144.27,21.51,24.29,26.68
2025-04-03,KXINXU-25APR03H1600,KXINXU-25APR03H1600-T5654.9999,KXINXU,5655.0,0,5396.52,0.01,0.04,40.0,794.0,1743686820,5492.740234375,5396.52001953125,5670.97021484375,0.011875173444492137,21.51,24.29,21.45,21.89,21.4,26.68,144.27,21.51,24.29,26.68
2025-04-03,KXINXU-25APR03H1600,KXINXU-25APR03H1600-T5729.9999,KXINXU,5730.0,0,5396.52,0.0,0.02,0.0,50.0,1743686520,5492.740234375,5396.52001953125,5670.97021484375,0.011875173444492137,21.51,24.29,21.45,21.89,21.4,26.68,144.27,21.51,24.29,26.68
2025-04-04,KXINXU-25APR04H1600,KXINXU-25APR04H1600-T5294.9999,KXINXU,5295.0,0,5074.08,0.42,0.48,43.0,887.0,1743773460,5292.14013671875,5074.080078125,5396.52001953125,0.016739269548180478,30.02,34.1,27.38,26.19,25.29,33.83,139.2,30.02,34.1,33.83
2025-04-04,KXINXU-25APR04H1600,KXINXU-25APR04H1600-T5369.9999,KXINXU,5370.0,0,5074.08,0.17,0.22,71.0,2999.0,1743773460,5292.14013671875,5074.080078125,5396.52001953125,0.016739269548180478,30.02,34.1,27.38,26.19,25.29,33.83,139.2,30.02,34.1,33.83
2025-04-04,KXINXU-25APR04H1600,KXINXU-25APR04H1600-T5444.9999,KXINXU,5445.0,0,5074.08,0.05,0.08,5.0,171.0,1743773340,5292.14013671875,5074.080078125,5396.52001953125,0.016739269548180478,30.02,34.1,27.38,26.19,25.29,33.83,139.2,30.02,34.1,33.83
2025-04-07,KXINXU-25APR07H1600,KXINXU-25APR07H1600-T4994.9999,KXINXU,4995.0,1,5062.25,0.29,0.33,1604.0,1605.0,1744032660,4953.7900390625,5062.25,5074.080078125,0.022161489883540025,45.31,57.17,36.71,32.55,29.22,81.89,136.54,45.31,57.17,81.89
2025-04-07,KXINXU-25APR07H1600,KXINXU-25APR07H1600-T5069.9999,KXINXU,5070.0,0,5062.25,0.15,0.19,0.0,572.0,1744032660,4953.7900390625,5062.25,5074.080078125,0.022161489883540025,45.31,57.17,36.71,32.55,29.22,81.89,136.54,45.31,57.17,81.89
2025-04-07,KXINXU-25APR07H1600,KXINXU-25APR07H1600-T5144.9999,KXINXU,5145.0,0,5062.25,0.06,0.1,0.0,75.0,1744032660,4953.7900390625,5062.25,5074.080078125,0.022161489883540025,45.31,57.17,36.71,32.55,29.22,81.89,136.54,45.31,57.17,81.89
2025-04-08,KXINXU-25APR08H1600,KXINXU-25APR08H1600-T4969.9999,KXINXU,4970.0,1,4982.77,0.92,0.96,0.0,30.0,1744118760,5193.56982421875,4982.77001953125,5062.25,0.021493967511410236,46.98,62.58,36.88,32.38,28.07,66.51,133.82,46.98,62.58,66.51
2025-04-09,KXINXU-25APR09H1600,KXINXU-25APR09H1600-T4899.9999,KXINXU,4900.0,1,5456.9,0.61,0.65,705.0,1869.0,1744205460,4965.27978515625,5456.89990234375,4982.77001953125,0.021196631904759518,52.33,67.63,41.5,35.77,30.69,73.57,135.68,52.33,67.63,73.57
2025-04-09,KXINXU-25APR09H1600,KXINXU-25APR09H1600-T4974.9999,KXINXU,4975.0,1,5456.9,0.47,0.5,641.0,2021.0,1744205460,4965.27978515625,5456.89990234375,4982.77001953125,0.021196631904759518,52.33,67.63,41.5,35.77,30.69,73.57,135.68,52.33,67.63,73.57
2025-04-09,KXINXU-25APR09H1600,KXINXU-25APR09H1600-T5049.9999,KXINXU,5050.0,1,5456.9,0.34,0.38,0.0,200.0,1744205460,4965.27978515625,5456.89990234375,4982.77001953125,0.021196631904759518,52.33,67.63,41.5,35.77,30.69,73.57,135.68,52.33,67.63,73.57
2025-04-10,KXINXU-25APR10H1600,KXINXU-25APR10H1600-T5349.9999,KXINXU,5350.0,0,5268.05,0.5,0.56,0.0,39.0,1744291860,5353.14990234375,5268.0498046875,5456.89990234375,0.030299378881477004,33.62,40.06,29.92,27.45,24.93,50.16,142.23,33.62,40.06,50.16
2025-04-10,KXINXU-25APR10H1600,KXINXU-25APR10H1600-T5424.9999,KXINXU,5425.0,0,5268.05,0.27,0.32,100.0,401.0,1744291860,5353.14990234375,5268.0498046875,5456.89990234375,0.030299378881477004,33.62,40.06,29.92,27.45,24.93,50.16,142.23,33.62,40.06,50.16
2025-04-10,KXINXU-25APR10H1600,KXINXU-25APR10H1600-T5499.9999,KXINXU,5500.0,0,5268.05,0.11,0.16,2.0,262.0,1744291860,5353.14990234375,5268.0498046875,5456.89990234375,0.030299378881477004,33.62,40.06,29.92,27.45,24.93,50.16,142.23,33.62,40.06,50.16
2025-04-11,KXINXU-25APR11H1600,KXINXU-25APR11H1600-T5174.9999,KXINXU,5175.0,1,5363.36,0.71,0.77,0.0,22.0,1744378260,5255.56005859375,5363.35986328125,5268.0498046875,0.030616966006716633,40.72,50.43,35.71,32.53,28.86,56.2,127.54,40.72,50.43,56.2
2025-04-11,KXINXU-25APR11H1600,KXINXU-25APR11H1600-T5249.9999,KXINXU,5250.0,1,5363.36,0.54,0.6,0.0,1.0,1744378260,5255.56005859375,5363.35986328125,5268.0498046875,0.030616966006716633,40.72,50.43,35.71,32.53,28.86,56.2,127.54,40.72,50.43,56.2
2025-04-11,KXINXU-25APR11H1600,KXINXU-25APR11H1600-T5324.9999,KXINXU,5325.0,1,5363.36,0.33,0.39,200.0,200.0,1744378260,5255.56005859375,5363.35986328125,5268.0498046875,0.030616966006716633,40.72,50.43,35.71,32.53,28.86,56.2,127.54,40.72,50.43,56.2
2025-04-14,KXINXU-25APR14H1600,KXINXU-25APR14H1600-T5274.9999,KXINXU,5275.0,1,5405.97,0.93,0.97,0.0,500.0,1744637460,5441.9599609375,5405.97021484375,5363.35986328125,0.030007408743510038,37.56,43.32,33.91,31.6,28.46,54.19,128.64,37.56,43.32,54.19
2025-04-14,KXINXU-25APR14H1600,KXINXU-25APR14H1600-T5349.9999,KXINXU,5350.0,1,5405.97,0.84,0.89,3100.0,3102.0,1744637460,5441.9599609375,5405.97021484375,5363.35986328125,0.030007408743510038,37.56,43.32,33.91,31.6,28.46,54.19,128.64,37.56,43.32,54.19
2025-04-14,KXINXU-25APR14H1600,KXINXU-25APR14H1600-T5424.9999,KXINXU,5425.0,0,5405.97,0.63,0.69,0.0,40.0,1744637460,5441.9599609375,5405.97021484375,5363.35986328125,0.030007408743510038,37.56,43.32,33.91,31.6,28.46,54.19,128.64,37.56,43.32,54.19
2025-04-15,KXINXU-25APR15H1600,KXINXU-25APR15H1600-T5299.9999,KXINXU,5300.0,1,5396.63,0.91,0.95,0.0,7293.0,1744723860,5411.990234375,5396.6298828125,5405.97021484375,0.02915776191943828,30.89,34.2,29.63,28.77,26.97,28.51,135.71,30.89,34.2,28.51
2025-04-15,KXINXU-25APR15H1600,KXINXU-25APR15H1600-T5374.9999,KXINXU,5375.0,1,5396.63,0.73,0.77,30.0,269.0,1744723860,5411.990234375,5396.6298828125,5405.97021484375,0.02915776191943828,30.89,34.2,29.63,28.77,26.97,28.51,135.71,30.89,34.2,28.51
2025-04-15,KXINXU-25APR15H1600,KXINXU-25APR15H1600-T5449.9999,KXINXU,5450.0,0,5396.63,0.31,0.35,83.0,83.0,1744723860,5411.990234375,5396.6298828125,5405.97021484375,0.02915776191943828,30.89,34.2,29.63,28.77,26.97,28.51,135.71,30.89,34.2,28.51
2025-04-16,KXINXU-25APR16H1600,KXINXU-25APR16H1600-T5299.9999,KXINXU,5300.0,0,5275.7,0.7,0.74,0.0,100.0,1744810260,5335.75,5275.7001953125,5396.6298828125,0.028272672073170226,30.12,29.94,29.0,28.2,26.49,26.03,135.76,30.12,29.94,26.03
2025-04-16,KXINXU-25APR16H1600,KXINXU-25APR16H1600-T5374.9999,KXINXU,5375.0,0,5275.7,0.33,0.37,0.0,3.0,1744810260,5335.75,5275.7001953125,5396.6298828125,0.028272672073170226,30.12,29.94,29.0,28.2,26.49,26.03,135.76,30.12,29.94,26.03
2025-04-16,KXINXU-25APR16H1600,KXINXU-25APR16H1600-T5449.9999,KXINXU,5450.0,0,5275.7,0.05,0.09,150.0,150.0,1744810260,5335.75,5275.7001953125,5396.6298828125,0.028272672073170226,30.12,29.94,29.0,28.2,26.49,26.03,135.76,30.12,29.94,26.03
2025-04-17,KXINXU-25APR17H1600,KXINXU-25APR17H1600-T5174.9999,KXINXU,5175.0,1,5282.7,0.9,0.95,0.0,201.0,1744896660,5305.4501953125,5282.7001953125,5275.7001953125,0.02796785461100984,32.64,33.22,30.94,29.78,27.82,34.97,131.32,32.64,33.22,34.97
2025-04-17,KXINXU-25APR17H1600,KXINXU-25APR17H1600-T5249.9999,KXINXU,5250.0,1,5282.7,0.73,0.79,0.0,7.0,1744896660,5305.4501953125,5282.7001953125,5275.7001953125,0.02796785461100984,32.64,33.22,30.94,29.78,27.82,34.97,131.32,32.64,33.22,34.97
2025-04-17,KXINXU-25APR17H1600,KXINXU-25APR17H1600-T5324.9999,KXINXU,5325.0,0,5282.7,0.38,0.44,0.0,300.0,1744896660,5305.4501953125,5282.7001953125,5275.7001953125,0.02796785461100984,32.64,33.22,30.94,29.78,27.82,34.97,131.32,32.64,33.22,34.97
2025-04-21,KXINXU-25APR21H1600,KXINXU-25APR21H1600-T5274.9999,KXINXU,5275.0,0,5158.2,0.26,0.29,55.0,2214.0,1745242260,5232.93994140625,5158.2001953125,5282.7001953125,0.027117786193458938,29.65,27.65,29.35,28.88,27.15,31.35,130.02,29.65,27.65,31.35
2025-04-22,KXINXU-25APR22H1600,KXINXU-25APR22H1600-T5074.9999,KXINXU,5075.0,1,5287.76,0.94,0.97,0.0,10.0,1745328660,5207.669921875,5287.759765625,5158.2001953125,0.026932883515238565,33.82,36.56,31.83,30.93,28.62,30.65,125.77,33.82,36.56,30.65
2025-04-22,KXINXU-25APR22H1600,KXINXU-25APR22H1600-T5149.9999,KXINXU,5150.0,1,5287.76,0.8,0.84,346.0,1456.0,1745328660,5207.669921875,5287.759765625,5158.2001953125,0.026932883515238565,33.82,36.56,31.83,30.93,28.62,30.65,125.77,33.82,36.56,30.65
2025-04-22,KXINXU-25APR22H1600,KXINXU-25APR22H1600-T5224.9999,KXINXU,5225.0,1,5287.76,0.41,0.45,0.0,5000.0,1745328660,5207.669921875,5287.759765625,5158.2001953125,0.026932883515238565,33.82,36.56,31.83,30.93,28.62,30.65,125.77,33.82,36.56,30.65
2025-04-24,KXINXU-25APR24H1600,KXINXU-25APR24H1600-T5349.9999,KXINXU,5350.0,1,5484.77,0.66,0.7,0.0,75.0,1745501460,5381.3798828125,5484.77001953125,5375.85986328125,0.02630657983285778,28.45,30.74,28.02,27.84,26.72,30.4,126.67,28.45,30.74,30.4
2025-04-24,KXINXU-25APR24H1600,KXINXU-25APR24H1600-T5424.9999,KXINXU,5425.0,1,5484.77,0.25,0.28,205.0,15248.0,1745501460,5381.3798828125,5484.77001953125,5375.85986328125,0.02630657983285778,28.45,30.74,28.02,27.84,26.72,30.4,126.67,28.45,30.74,30.4
2025-04-25,KXINXU-25APR25H1600,KXINXU-25APR25H1600-T5399.9999,KXINXU,5400.0,1,5525.21,0.87,0.91,1.0,141.0,1745587860,5489.72998046875,5525.2099609375,5484.77001953125,0.025974025563528756,26.47,28.28,26.44,26.73,25.58,25.69,129.02,26.47,28.28,25.69
2025-04-25,KXINXU-25APR25H1600,KXINXU-25APR25H1600-T5474.9999,KXINXU,5475.0,1,5525.21,0.58,0.62,100.0,827.0,1745587860,5489.72998046875,5525.2099609375,5484.77001953125,0.025974025563528756,26.47,28.28,26.44,26.73,25.58,25.69,129.02,26.47,28.28,25.69
2025-04-25,KXINXU-25APR25H1600,KXINXU-25APR25H1600-T5549.9999,KXINXU,5550.0,0,5525.21,0.17,0.2,502.0,540.0,1745587860,5489.72998046875,5525.2099609375,5484.77001953125,0.025974025563528756,26.47,28.28,26.44,26.73,25.58,25.69,129.02,26.47,28.28,25.69
2025-04-28,KXINXU-25APR28H1600,KXINXU-25APR28H1600-T5424.9999,KXINXU,5425.0,1,5528.75,0.93,0.97,0.0,100.0,1745847060,5529.22021484375,5528.75,5525.2099609375,0.025246958446857044,24.84,24.64,25.37,25.89,25.15,23.59,132.37,24.84,24.64,23.59
2025-04-28,KXINXU-25APR28H1600,KXINXU-25APR28H1600-T5499.9999,KXINXU,5500.0,1,5528.75,0.77,0.8,3.0,439.0,1745847060,5529.22021484375,5528.75,5525.2099609375,0.025246958446857044,24.84,24.64,25.37,25.89,25.15,23.59,132.37,24.84,24.64,23.59
2025-04-28,KXINXU-25APR28H1600,KXINXU-25APR28H1600-T5574.9999,KXINXU,5575.0,0,5528.75,0.24,0.28,72.0,122.0,1745847060,5529.22021484375,5528.75,5525.2099609375,0.025246958446857044,24.84,24.64,25.37,25.89,25.15,23.59,132.37,24.84,24.64,23.59
2025-04-29,KXINXU-25APR29H1600,KXINXU-25APR29H1600-T5424.9999,KXINXU,5425.0,1,5560.83,0.89,0.92,0.0,801.0,1745933460,5508.8701171875,5560.830078125,5528.75,0.024478337160807842,25.15,26.47,25.73,26.1,25.38,21.36,131.28,25.15,26.47,21.36
2025-04-29,KXINXU-25APR29H1600,KXINXU-25APR29H1600-T5499.9999,KXINXU,5500.0,1,5560.83,0.57,0.6,2.0,0.0,1745933460,5508.8701171875,5560.830078125,5528.75,0.024478337160807842,25.15,26.47,25.73,26.1,25.38,21.36,131.28,25.15,26.47,21.36
2025-04-29,KXINXU-25APR29H1600,KXINXU-25APR29H1600-T5574.9999,KXINXU,5575.0,0,5560.83,0.12,0.15,5.0,6.0,1745933460,5508.8701171875,5560.830078125,5528.75,0.024478337160807842,25.15,26.47,25.73,26.1,25.38,21.36,131.28,25.15,26.47,21.36
2025-04-30,KXINXU-25APR30H1600,KXINXU-25APR30H1600-T5524.9999,KXINXU,5525.0,1,5569.06,0.23,0.27,0.0,399.0,1746019860,5499.43994140625,5569.06005859375,5560.830078125,0.023774903993083085,24.17,24.95,25.22,25.83,25.38,22.12,134.29,24.17,24.95,22.12
2025-04-30,KXINXU-25APR30H1600,KXINXU-25APR30H1600-T5599.9999,KXINXU,5600.0,0,5569.06,0.03,0.07,20.0,40.0,1746019860,5499.43994140625,5569.06005859375,5560.830078125,0.023774903993083085,24.17,24.95,25.22,25.83,25.38,22.12,134.29,24.17,24.95,22.12
2025-05-01,KXINXU-25MAY01H1600,KXINXU-25MAY01H1600-T5549.9999,KXINXU,5550.0,1,5604.14,0.84,0.88,600.0,2733.0,1746106260,5625.14013671875,5604.14013671875,5569.06005859375,0.023053470999797133,24.7,25.07,25.54,25.99,25.63,22.91,132.73,24.7,25.07,22.91
2025-05-01,KXINXU-25MAY01H1600,KXINXU-25MAY01H1600-T5624.9999,KXINXU,5625.0,0,5604.14,0.49,0.53,0.0,651.0,1746106260,5625.14013671875,5604.14013671875,5569.06005859375,0.023053470999797133,24.7,25.07,25.54,25.99,25.63,22.91,132.73,24.7,25.07,22.91
2025-05-02,KXINXU-25MAY02H1600,KXINXU-25MAY02H1600-T5574.9999,KXINXU,5575.0,1,5686.67,0.9,0.94,0.0,462.0,1746192660,5645.8798828125,5686.669921875,5604.14013671875,0.022404030310033244,24.6,24.82,25.49,25.91,25.49,27.52,134.07,24.6,24.82,27.52
2025-05-02,KXINXU-25MAY02H1600,KXINXU-25MAY02H1600-T5649.9999,KXINXU,5650.0,1,5686.67,0.64,0.68,200.0,500.0,1746192660,5645.8798828125,5686.669921875,5604.14013671875,0.022404030310033244,24.6,24.82,25.49,25.91,25.49,27.52,134.07,24.6,24.82,27.52
2025-05-05,KXINXU-25MAY05H1600,KXINXU-25MAY05H1600-T5574.9999,KXINXU,5575.0,1,5650.38,0.88,0.92,1.0,201.0,1746451860,5655.31982421875,5650.3798828125,5686.669921875,0.02201470988918986,22.68,21.22,24.0,24.7,24.53,19.98,134.78,22.68,21.22,19.98
2025-05-05,KXINXU-25MAY05H1600,KXINXU-25MAY05H1600-T5649.9999,KXINXU,5650.0,1,5650.38,0.47,0.52,194.0,330.0,1746451860,5655.31982421875,5650.3798828125,5686.669921875,0.02201470988918986,22.68,21.22,24.0,24.7,24.53,19.98,134.78,22.68,21.22,19.98
2025-05-05,KXINXU-25MAY05H1600,KXINXU-25MAY05H1600-T5724.9999,KXINXU,5725.0,0,5650.38,0.04,0.08,150.0,343.0,1746451620,5655.31982421875,5650.3798828125,5686.669921875,0.02201470988918986,22.68,21.22,24.0,24.7,24.53,19.98,134.78,22.68,21.22,19.98
2025-05-06,KXINXU-25MAY06H1600,KXINXU-25MAY06H1600-T5624.9999,KXINXU,5625.0,0,5606.91,0.3,0.33,80.0,325.0,1746538260,5605.8701171875,5606.91015625,5650.3798828125,0.021401583385487144,23.64,22.73,24.55,25.11,24.78,16.68,134.12,23.64,22.73,16.68
2025-05-06,KXINXU-25MAY06H1600,KXINXU-25MAY06H1600-T5699.9999,KXINXU,5700.0,0,5606.91,0.0,0.03,0.0,2.0,1746538260,5605.8701171875,5606.91015625,5650.3798828125,0.021401583385487144,23.64,22.73,24.55,25.11,24.78,16.68,134.12,23.64,22.73,16.68
2025-05-07,KXINXU-25MAY07H1600,KXINXU-25MAY07H1600-T5499.9999,KXINXU,5500.0,1,5631.28,0.92,0.95,0.0,11.0,1746624660,5614.18017578125,5631.27978515625,5606.91015625,0.02083566222286776,24.76,24.14,25.41,25.76,25.34,22.19,133.24,24.76,24.14,22.19
2025-05-07,KXINXU-25MAY07H1600,KXINXU-25MAY07H1600-T5574.9999,KXINXU,5575.0,1,5631.28,0.72,0.75,0.0,551.0,1746624660,5614.18017578125,5631.27978515625,5606.91015625,0.02083566222286776,24.76,24.14,25.41,25.76,25.34,22.19,133.24,24.76,24.14,22.19
2025-05-07,KXINXU-25MAY07H1600,KXINXU-25MAY07H1600-T5649.9999,KXINXU,5650.0,0,5631.28,0.29,0.32,6.0,105.0,1746624660,5614.18017578125,5631.27978515625,5606.91015625,0.02083566222286776,24.76,24.14,25.41,25.76,25.34,22.19,133.24,24.76,24.14,22.19
2025-05-08,KXINXU-25MAY08H1600,KXINXU-25MAY08H1600-T5599.9999,KXINXU,5600.0,1,5663.94,0.87,0.9,60.0,411.0,1746711060,5663.60009765625,5663.93994140625,5631.27978515625,0.020228838506865087,23.55,22.69,24.7,25.28,25.11,19.79,132.21,23.55,22.69,19.79
2025-05-09,KXINXU-25MAY09H1600,KXINXU-25MAY09H1600-T5649.9999,KXINXU,5650.0,1,5659.91,0.78,0.82,100.0,2065.0,1746797460,5679.64990234375,5659.91015625,5663.93994140625,0.019663675485913353,22.48,21.63,23.76,24.6,24.61,18.12,131.52,22.48,21.63,18.12
2025-05-09,KXINXU-25MAY09H1600,KXINXU-25MAY09H1600-T5724.9999,KXINXU,5725.0,0,5659.91,0.17,0.21,3.0,36.0,1746797460,5679.64990234375,5659.91015625,5663.93994140625,0.019663675485913353,22.48,21.63,23.76,24.6,24.61,18.12,131.52,22.48,21.63,18.12
2025-05-12,KXINXU-25MAY12H1600,KXINXU-25MAY12H1600-T5624.9999,KXINXU,5625.0,1,5844.19,0.98,1.0,0.0,10.0,1747056660,5807.2001953125,5844.18994140625,5659.91015625,0.01906543791179651,21.9,20.87,23.38,24.33,24.5,26.85,128.4,21.9,20.87,26.85
2025-05-12,KXINXU-25MAY12H1600,KXINXU-25MAY12H1600-T5699.9999,KXINXU,5700.0,1,5844.19,0.95,0.98,1000.0,1758.0,1747056660,5807.2001953125,5844.18994140625,5659.91015625,0.01906543791179651,21.9,20.87,23.38,24.33,24.5,26.85,128.4,21.9,20.87,26.85
2025-05-13,KXINXU-25MAY13H1600,KXINXU-25MAY13H1600-T5824.9999,KXINXU,5825.0,1,5886.55,0.69,0.74,483.0,588.0,1747143060,5854.14990234375,5886.5498046875,5844.18994140625,0.020081713532949297,18.39,17.97,20.22,21.66,22.44,18.73,137.67,18.39,17.97,18.73
2025-05-13,KXINXU-25MAY13H1600,KXINXU-25MAY13H1600-T5899.9999,KXINXU,5900.0,0,5886.55,0.08,0.11,100.0,100.0,1747143060,5854.14990234375,5886.5498046875,5844.18994140625,0.020081713532949297,18.39,17.97,20.22,21.66,22.44,18.73,137.67,18.39,17.97,18.73
2025-05-14,KXINXU-25MAY14H1600,KXINXU-25MAY14H1600-T5849.9999,KXINXU,5850.0,1,5892.58,0.87,0.91,0.0,1050.0,1747229460,5896.740234375,5892.580078125,5886.5498046875,0.019550146126556357,18.22,17.41,20.09,21.45,22.12,15.41,140.52,18.22,17.41,15.41
2025-05-14,KXINXU-25MAY14H1600,KXINXU-25MAY14H1600-T5924.9999,KXINXU,5925.0,0,5892.58,0.23,0.27,0.0,51.0,1747229460,5896.740234375,5892.580078125,5886.5498046875,0.019550146126556357,18.22,17.41,20.09,21.45,22.12,15.41,140.52,18.22,17.41,15.41
2025-05-15,KXINXU-25MAY15H1600,KXINXU-25MAY15H1600-T5849.9999,KXINXU,5850.0,1,5916.93,0.69,0.73,1.0,51.0,1747315860,5869.81982421875,5916.93017578125,5892.580078125,0.01895622895637636,18.62,17.53,20.58,21.83,22.31,15.21,138.94,18.62,17.53,15.21
2025-05-15,KXINXU-25MAY15H1600,KXINXU-25MAY15H1600-T5924.9999,KXINXU,5925.0,0,5916.93,0.06,0.1,0.0,2256.0,1747315860,5869.81982421875,5916.93017578125,5892.580078125,0.01895622895637636,18.62,17.53,20.58,21.83,22.31,15.21,138.94,18.62,17.53,15.21
2025-05-16,KXINXU-25MAY16H1600,KXINXU-25MAY16H1600-T5799.9999,KXINXU,5800.0,1,5958.38,0.97,1.0,0.0,68.0,1747402260,5929.08984375,5958.3798828125,5916.93017578125,0.018406483731214597,17.83,15.88,20.25,21.59,22.17,15.07,140.85,17.83,15.88,15.07
2025-05-16,KXINXU-25MAY16H1600,KXINXU-25MAY16H1600-T5874.9999,KXINXU,5875.0,1,5958.38,0.85,0.88,300.0,640.0,1747402260,5929.08984375,5958.3798828125,5916.93017578125,0.018406483731214597,17.83,15.88,20.25,21.59,22.17,15.07,140.85,17.83,15.88,15.07
2025-05-16,KXINXU-25MAY16H1600,KXINXU-25MAY16H1600-T5949.9999,KXINXU,5950.0,1,5958.38,0.23,0.26,110.0,708.0,1747402260,5929.08984375,5958.3798828125,5916.93017578125,0.018406483731214597,17.83,15.88,20.25,21.59,22.17,15.07,140.85,17.83,15.88,15.07
2025-05-19,KXINXU-25MAY19H1600,KXINXU-25MAY19H1600-T5849.9999,KXINXU,5850.0,1,5963.6,0.86,0.91,10.0,2990.0,1747661460,5902.8798828125,5963.60009765625,5958.3798828125,0.017927484530268815,17.24,14.35,20.08,21.63,22.2,13.39,136.01,17.24,14.35,13.39
2025-05-19,KXINXU-25MAY19H1600,KXINXU-25MAY19H1600-T5924.9999,KXINXU,5925.0,1,5963.6,0.28,0.33,3170.0,5720.0,1747661460,5902.8798828125,5963.60009765625,5958.3798828125,0.017927484530268815,17.24,14.35,20.08,21.63,22.2,13.39,136.01,17.24,14.35,13.39
2025-05-19,KXINXU-25MAY19H1600,KXINXU-25MAY19H1600-T5999.9999,KXINXU,6000.0,0,5963.6,0.0,0.04,0.0,120.0,1747661460,5902.8798828125,5963.60009765625,5958.3798828125,0.017927484530268815,17.24,14.35,20.08,21.63,22.2,13.39,136.01,17.24,14.35,13.39
2025-05-20,KXINXU-25MAY20H1600,KXINXU-25MAY20H1600-T5924.9999,KXINXU,5925.0,1,5940.46,0.74,0.79,22.0,4191.0,1747747860,5944.66015625,5940.4599609375,5963.60009765625,0.017382664635688567,18.14,16.81,20.69,22.01,22.5,13.46,135.94,18.14,16.81,13.46
2025-05-20,KXINXU-25MAY20H1600,KXINXU-25MAY20H1600-T5999.9999,KXINXU,6000.0,0,5940.46,0.05,0.09,2000.0,2416.0,1747747860,5944.66015625,5940.4599609375,5963.60009765625,0.017382664635688567,18.14,16.81,20.69,22.01,22.5,13.46,135.94,18.14,16.81,13.46
2025-05-21,KXINXU-25MAY21H1600,KXINXU-25MAY21H1600-T5824.9999,KXINXU,5825.0,1,5844.61,0.92,0.96,10.0,325.0,1747834260,5910.18017578125,5844.60986328125,5940.4599609375,0.016880002546557058,18.09,16.57,20.72,22.04,22.48,13.74,137.27,18.09,16.57,13.74
2025-05-21,KXINXU-25MAY21H1600,KXINXU-25MAY21H1600-T5899.9999,KXINXU,5900.0,0,5844.61,0.56,0.6,129.0,1076.0,1747834260,5910.18017578125,5844.60986328125,5940.4599609375,0.016880002546557058,18.09,16.57,20.72,22.04,22.48,13.74,137.27,18.09,16.57,13.74
2025-05-21,KXINXU-25MAY21H1600,KXINXU-25MAY21H1600-T5974.9999,KXINXU,5975.0,0,5844.61,0.03,0.06,0.0,25.0,1747834260,5910.18017578125,5844.60986328125,5940.4599609375,0.016880002546557058,18.09,16.57,20.72,22.04,22.48,13.74,137.27,18.09,16.57,13.74
2025-05-22,KXINXU-25MAY22H1600,KXINXU-25MAY22H1600-T5749.9999,KXINXU,5750.0,1,5842.01,0.91,0.96,135.0,304.0,1747920660,5841.259765625,5842.009765625,5844.60986328125,0.016843834282357358,20.87,19.56,22.66,23.54,23.62,18.07,137.28,20.87,19.56,18.07
2025-05-22,KXINXU-25MAY22H1600,KXINXU-25MAY22H1600-T5824.9999,KXINXU,5825.0,1,5842.01,0.64,0.68,2.0,375.0,1747920660,5841.259765625,5842.009765625,5844.60986328125,0.016843834282357358,20.87,19.56,22.66,23.54,23.62,18.07,137.28,20.87,19.56,18.07
2025-05-22,KXINXU-25MAY22H1600,KXINXU-25MAY22H1600-T5899.9999,KXINXU,5900.0,0,5842.01,0.08,0.13,60.0,2714.0,1747920660,5841.259765625,5842.009765625,5844.60986328125,0.016843834282357358,20.87,19.56,22.66,23.54,23.62,18.07,137.28,20.87,19.56,18.07
2025-05-23,KXINXU-25MAY23H1600,KXINXU-25MAY23H1600-T5824.9999,KXINXU,5825.0,0,5802.82,0.22,0.26,3141.0,3278.0,1748007060,5781.89013671875,5802.81982421875,5842.009765625,0.016331066932008843,20.28,18.42,22.32,23.35,23.53,16.55,139.04,20.28,18.42,16.55
2025-05-23,KXINXU-25MAY23H1600,KXINXU-25MAY23H1600-T5899.9999,KXINXU,5900.0,0,5802.82,0.01,0.03,0.0,55.0,1748007060,5781.89013671875,5802.81982421875,5842.009765625,0.016331066932008843,20.28,18.42,22.32,23.35,23.53,16.55,139.04,20.28,18.42,16.55
2025-05-27,KXINXU-25MAY27H1600,KXINXU-25MAY27H1600-T5849.9999,KXINXU,5850.0,1,5921.54,0.75,0.78,0.0,9001.0,1748352660,5854.06982421875,5921.5400390625,5802.81982421875,0.015919165518489858,22.29,20.63,23.8,24.39,24.35,21.73,139.34,22.29,20.63,21.73
2025-05-28,KXINXU-25MAY28H1600,KXINXU-25MAY28H1600-T5899.9999,KXINXU,5900.0,0,5888.55,0.79,0.83,0.0,1003.0,1748439060,5925.5400390625,5888.5498046875,5921.5400390625,0.01621186519355338,18.96,17.9,21.29,22.43,22.87,13.14,140.89,18.96,17.9,13.14
2025-05-28,KXINXU-25MAY28H1600,KXINXU-25MAY28H1600-T5974.9999,KXINXU,5975.0,0,5888.55,0.07,0.12,260.0,462.0,1748439060,5925.5400390625,5888.5498046875,5921.5400390625,0.01621186519355338,18.96,17.9,21.29,22.43,22.87,13.14,140.89,18.96,17.9,13.14
2025-05-29,KXINXU-25MAY29H1600,KXINXU-25MAY29H1600-T5849.9999,KXINXU,5850.0,1,5912.17,0.91,0.96,0.0,600.0,1748525460,5939.9599609375,5912.169921875,5888.5498046875,0.0157774463647792,19.31,18.19,21.67,22.74,23.11,19.49,137.65,19.31,18.19,19.49
2025-05-29,KXINXU-25MAY29H1600,KXINXU-25MAY29H1600-T5924.9999,KXINXU,5925.0,0,5912.17,0.58,0.63,0.0,10.0,1748525460,5939.9599609375,5912.169921875,5888.5498046875,0.0157774463647792,19.31,18.19,21.67,22.74,23.11,19.49,137.65,19.31,18.19,19.49
2025-05-29,KXINXU-25MAY29H1600,KXINXU-25MAY29H1600-T5999.9999,KXINXU,6000.0,0,5912.17,0.08,0.13,0.0,25.0,1748525460,5939.9599609375,5912.169921875,5888.5498046875,0.0157774463647792,19.31,18.19,21.67,22.74,23.11,19.49,137.65,19.31,18.19,19.49
2025-05-30,KXINXU-25MAY30H1600,KXINXU-25MAY30H1600-T5799.9999,KXINXU,5800.0,1,5911.69,0.93,0.97,0.0,104.0,1748611740,5903.669921875,5911.68994140625,5912.169921875,0.015328198132905141,19.18,17.84,21.62,22.77,23.1,17.41,137.26,19.18,17.84,17.41
2025-05-30,KXINXU-25MAY30H1600,KXINXU-25MAY30H1600-T5874.9999,KXINXU,5875.0,1,5911.69,0.66,0.7,1.0,33.0,1748611860,5903.669921875,5911.68994140625,5912.169921875,0.015328198132905141,19.18,17.84,21.62,22.77,23.1,17.41,137.26,19.18,17.84,17.41
2025-05-30,KXINXU-25MAY30H1600,KXINXU-25MAY30H1600-T5949.9999,KXINXU,5950.0,0,5911.69,0.11,0.14,0.0,110.0,1748611860,5903.669921875,5911.68994140625,5912.169921875,0.015328198132905141,19.18,17.84,21.62,22.77,23.1,17.41,137.26,19.18,17.84,17.41
2025-06-02,KXINXU-25JUN02H1600,KXINXU-25JUN02H1600-T5799.9999,KXINXU,5800.0,1,5935.94,0.94,0.98,100.0,200.0,1748871060,5896.68017578125,5935.93994140625,5911.68994140625,0.014861252775173835,18.57,16.74,21.38,22.72,23.0,16.95,138.25,18.57,16.74,16.95
2025-06-02,KXINXU-25JUN02H1600,KXINXU-25JUN02H1600-T5874.9999,KXINXU,5875.0,1,5935.94,0.68,0.73,0.0,352.0,1748871060,5896.68017578125,5935.93994140625,5911.68994140625,0.014861252775173835,18.57,16.74,21.38,22.72,23.0,16.95,138.25,18.57,16.74,16.95
2025-06-02,KXINXU-25JUN02H1600,KXINXU-25JUN02H1600-T5949.9999,KXINXU,5950.0,0,5935.94,0.06,0.1,92.0,92.0,1748871060,5896.68017578125,5935.93994140625,5911.68994140625,0.014861252775173835,18.57,16.74,21.38,22.72,23.0,16.95,138.25,18.57,16.74,16.95
2025-06-03,KXINXU-25JUN03H1600,KXINXU-25JUN03H1600-T5899.9999,KXINXU,5900.0,1,5970.37,0.86,0.9,6700.0,1866.0,1748957460,5938.56005859375,5970.3701171875,5935.93994140625,0.01444336882228195,18.36,17.64,21.09,22.45,22.82,13.26,141.04,18.36,17.64,13.26
2025-06-03,KXINXU-25JUN03H1600,KXINXU-25JUN03H1600-T5974.9999,KXINXU,5975.0,0,5970.37,0.14,0.19,0.0,2227.0,1748957460,5938.56005859375,5970.3701171875,5935.93994140625,0.01444336882228195,18.36,17.64,21.09,22.45,22.82,13.26,141.04,18.36,17.64,13.26
2025-06-05,KXINXU-25JUN05H1600,KXINXU-25JUN05H1600-T5949.9999,KXINXU,5950.0,0,5939.3,0.78,0.82,25.0,235.0,1749130260,5985.669921875,5939.2998046875,5970.81005859375,0.013646077777733944,17.61,16.04,20.66,22.17,22.79,12.15,137.46,17.61,16.04,12.15
2025-06-05,KXINXU-25JUN05H1600,KXINXU-25JUN05H1600-T6024.9999,KXINXU,6025.0,0,5939.3,0.2,0.24,400.0,400.0,1749130260,5985.669921875,5939.2998046875,5970.81005859375,0.013646077777733944,17.61,16.04,20.66,22.17,22.79,12.15,137.46,17.61,16.04,12.15
2025-06-06,KXINXU-25JUN06H1600,KXINXU-25JUN06H1600-T5974.9999,KXINXU,5975.0,1,6000.36,0.7,0.75,161.0,2630.0,1749216660,5987.06005859375,6000.35986328125,5939.2998046875,0.013293697508101578,18.48,17.34,21.11,22.51,22.68,19.05,140.09,18.48,17.34,19.05
2025-06-09,KXINXU-25JUN09H1600,KXINXU-25JUN09H1600-T5974.9999,KXINXU,5975.0,1,6005.88,0.78,0.83,4.0,162.0,1749475860,6004.6298828125,6005.8798828125,6000.35986328125,0.013129965624621265,16.77,14.2,20.02,21.75,22.39,14.32,138.85,16.77,14.2,14.32
2025-06-10,KXINXU-25JUN10H1600,KXINXU-25JUN10H1600-T5974.9999,KXINXU,5975.0,1,6038.81,0.86,0.9,6.0,44.0,1749562260,6009.91015625,6038.81005859375,6005.8798828125,0.012731966411299887,17.16,15.38,20.09,21.82,22.49,12.28,139.18,17.16,15.38,12.28
2025-06-10,KXINXU-25JUN10H1600,KXINXU-25JUN10H1600-T6049.9999,KXINXU,6050.0,0,6038.81,0.12,0.17,0.0,4.0,1749562260,6009.91015625,6038.81005859375,6005.8798828125,0.012731966411299887,17.16,15.38,20.09,21.82,22.49,12.28,139.18,17.16,15.38,12.28
2025-06-11,KXINXU-25JUN11H1600,KXINXU-25JUN11H1600-T5924.9999,KXINXU,5925.0,1,6022.24,0.97,1.0,0.0,4.0,1749648660,6049.3798828125,6022.240234375,6038.81005859375,0.012416550288876338,16.95,15.16,19.94,21.6,22.44,15.95,141.22,16.95,15.16,15.95
2025-06-11,KXINXU-25JUN11H1600,KXINXU-25JUN11H1600-T5999.9999,KXINXU,6000.0,1,6022.24,0.88,0.91,17.0,1033.0,1749648660,6049.3798828125,6022.240234375,6038.81005859375,0.012416550288876338,16.95,15.16,19.94,21.6,22.44,15.95,141.22,16.95,15.16,15.95
2025-06-11,KXINXU-25JUN11H1600,KXINXU-25JUN11H1600-T6074.9999,KXINXU,6075.0,0,6022.24,0.19,0.23,458.0,1435.0,1749648660,6049.3798828125,6022.240234375,6038.81005859375,0.012416550288876338,16.95,15.16,19.94,21.6,22.44,15.95,141.22,16.95,15.16,15.95
2025-06-12,KXINXU-25JUN12H1600,KXINXU-25JUN12H1600-T5924.9999,KXINXU,5925.0,1,6045.26,0.95,0.98,0.0,15.0,1749735060,6009.89990234375,6045.259765625,6022.240234375,0.012057091924590636,17.26,15.42,20.3,21.81,22.45,13.89,141.39,17.26,15.42,13.89
2025-06-12,KXINXU-25JUN12H1600,KXINXU-25JUN12H1600-T5999.9999,KXINXU,6000.0,1,6045.26,0.65,0.71,30.0,549.0,1749735060,6009.89990234375,6045.259765625,6022.240234375,0.012057091924590636,17.26,15.42,20.3,21.81,22.45,13.89,141.39,17.26,15.42,13.89
2025-06-13,KXINXU-25JUN13H1600,KXINXU-25JUN13H1600-T5924.9999,KXINXU,5925.0,1,5976.97,0.9,0.95,4.0,120.0,1749821460,6000.56005859375,5976.97021484375,6045.259765625,0.011727080102306948,18.02,16.12,20.65,22.1,22.69,12.71,145.6,18.02,16.12,12.71
2025-06-13,KXINXU-25JUN13H1600,KXINXU-25JUN13H1600-T5999.9999,KXINXU,6000.0,0,5976.97,0.54,0.59,136.0,844.0,1749821460,6000.56005859375,5976.97021484375,6045.259765625,0.011727080102306948,18.02,16.12,20.65,22.1,22.69,12.71,145.6,18.02,16.12,12.71
2025-06-13,KXINXU-25JUN13H1600,KXINXU-25JUN13H1600-T6074.9999,KXINXU,6075.0,0,5976.97,0.02,0.05,0.0,147.0,1749821460,6000.56005859375,5976.97021484375,6045.259765625,0.011727080102306948,18.02,16.12,20.65,22.1,22.69,12.71,145.6,18.02,16.12,12.71
2025-06-16,KXINXU-25JUN16H1600,KXINXU-25JUN16H1600-T5949.9999,KXINXU,5950.0,1,6033.11,0.91,0.96,0.0,80.0,1750080660,6004.0,6033.10986328125,5976.97021484375,0.011705423211889892,20.82,19.26,22.62,23.4,23.43,21.67,149.65,20.82,19.26,21.67
2025-06-16,KXINXU-25JUN16H1600,KXINXU-25JUN16H1600-T6024.9999,KXINXU,6025.0,1,6033.11,0.43,0.48,11.0,1030.0,1750080660,6004.0,6033.10986328125,5976.97021484375,0.011705423211889892,20.82,19.26,22.62,23.4,23.43,21.67,149.65,20.82,19.26,21.67
2025-06-17,KXINXU-25JUN17H1600,KXINXU-25JUN17H1600-T5924.9999,KXINXU,5925.0,1,5982.72,0.95,0.98,0.0,77.0,1750167060,6012.14990234375,5982.72021484375,6033.10986328125,0.011577565029800495,19.11,17.87,21.23,22.43,22.87,12.73,156.6,19.11,17.87,12.73
2025-06-17,KXINXU-25JUN17H1600,KXINXU-25JUN17H1600-T5999.9999,KXINXU,6000.0,0,5982.72,0.66,0.69,7.0,114.0,1750167060,6012.14990234375,5982.72021484375,6033.10986328125,0.011577565029800495,19.11,17.87,21.23,22.43,22.87,12.73,156.6,19.11,17.87,12.73
2025-06-17,KXINXU-25JUN17H1600,KXINXU-25JUN17H1600-T6074.9999,KXINXU,6075.0,0,5982.72,0.01,0.03,0.0,11.0,1750167060,6012.14990234375,5982.72021484375,6033.10986328125,0.011577565029800495,19.11,17.87,21.23,22.43,22.87,12.73,156.6,19.11,17.87,12.73
2025-06-18,KXINXU-25JUN18H1600,KXINXU-25JUN18H1600-T5949.9999,KXINXU,5950.0,1,5980.87,0.74,0.78,5.0,0.0,1750253460,5987.93017578125,5980.8701171875,5982.72021484375,0.011411329361199304,21.6,21.86,22.91,23.62,23.73,21.03,154.36,21.6,21.86,21.03
2025-06-18,KXINXU-25JUN18H1600,KXINXU-25JUN18H1600-T6024.9999,KXINXU,6025.0,0,5980.87,0.21,0.24,5.0,285.0,1750253460,5987.93017578125,5980.8701171875,5982.72021484375,0.011411329361199304,21.6,21.86,22.91,23.62,23.73,21.03,154.36,21.6,21.86,21.03
2025-06-23,KXINXU-25JUN23H1600,KXINXU-25JUN23H1600-T5924.9999,KXINXU,5925.0,1,6025.17,0.85,0.87,50.0,65.0,1750685460,5969.669921875,6025.169921875,5967.83984375,0.01074019595401257,20.62,18.32,22.48,23.44,23.64,18.41,149.19,20.62,18.32,18.41
2025-06-23,KXINXU-25JUN23H1600,KXINXU-25JUN23H1600-T5999.9999,KXINXU,6000.0,1,6025.17,0.18,0.2,96.0,74.0,1750685460,5969.669921875,6025.169921875,5967.83984375,0.01074019595401257,20.62,18.32,22.48,23.44,23.64,18.41,149.19,20.62,18.32,18.41
2025-06-24,KXINXU-25JUN24H1600,KXINXU-25JUN24H1600-T5999.9999,KXINXU,6000.0,1,6092.18,0.91,0.95,0.0,230.0,1750771860,6061.2099609375,6092.18017578125,6025.169921875,0.010673099500347874,19.83,17.92,21.82,22.9,23.25,13.45,154.78,19.83,17.92,13.45
2025-06-24,KXINXU-25JUN24H1600,KXINXU-25JUN24H1600-T6074.9999,KXINXU,6075.0,1,6092.18,0.39,0.44,984.0,1134.0,1750771860,6061.2099609375,6092.18017578125,6025.169921875,0.010673099500347874,19.83,17.92,21.82,22.9,23.25,13.45,154.78,19.83,17.92,13.45
2025-06-25,KXINXU-25JUN25H1600,KXINXU-25JUN25H1600-T6049.9999,KXINXU,6050.0,1,6092.16,0.93,0.97,25.0,30.0,1750858260,6104.22998046875,6092.16015625,6092.18017578125,0.010696725966831702,17.48,15.4,20.05,21.67,22.74,11.18,154.97,17.48,15.4,11.18
2025-06-25,KXINXU-25JUN25H1600,KXINXU-25JUN25H1600-T6124.9999,KXINXU,6125.0,0,6092.16,0.19,0.24,1.0,744.0,1750858260,6104.22998046875,6092.16015625,6092.18017578125,0.010696725966831702,17.48,15.4,20.05,21.67,22.74,11.18,154.97,17.48,15.4,11.18
2025-06-26,KXINXU-25JUN26H1600,KXINXU-25JUN26H1600-T6124.9999,KXINXU,6125.0,1,6141.02,0.33,0.38,194.0,234.0,1750944660,6112.08984375,6141.02001953125,6092.16015625,0.010370860633118597,16.76,13.81,19.67,21.45,22.63,10.42,152.24,16.76,13.81,10.42
2025-06-27,KXINXU-25JUN27H1600,KXINXU-25JUN27H1600-T6174.9999,KXINXU,6175.0,0,6173.07,0.22,0.27,6.0,273.0,1751031060,6150.7001953125,6173.06982421875,6141.02001953125,0.010243539477906809,16.59,13.49,19.45,21.26,22.53,11.08,147.46,16.59,13.49,11.08
2025-06-30,KXINXU-25JUN30H1600,KXINXU-25JUN30H1600-T6199.9999,KXINXU,6200.0,1,6204.95,0.44,0.49,6.0,206.0,1751290260,6193.35986328125,6204.9501953125,6173.06982421875,0.010012995837018599,16.32,12.81,19.45,21.31,22.72,12.19,143.44,16.32,12.81,12.19
2025-07-01,KXINXU-25JUL01H1600,KXINXU-25JUL01H1600-T6174.9999,KXINXU,6175.0,1,6198.01,0.7,0.75,77.0,434.0,1751376660,6187.25,6198.009765625,6204.9501953125,0.009789611661966171,16.73,13.77,19.44,21.27,22.48,10.17,139.65,16.73,13.77,10.17
2025-07-07,KXINXU-25JUL07H1600,KXINXU-25JUL07H1600-T6274.9999,KXINXU,6275.0,0,6229.98,0.32,0.37,0.0,777.0,1751895060,6259.0400390625,6229.97998046875,6279.35009765625,0.009278810315360226,16.64,13.07,19.35,21.16,22.3,16.14,139.28,16.38,12.85,14.64
2025-07-08,KXINXU-25JUL08H1600,KXINXU-25JUL08H1600-T6199.9999,KXINXU,6200.0,1,6225.52,0.84,0.88,390.0,1345.0,1751981460,6234.02978515625,6225.52001953125,6229.97998046875,0.008996703669159209,17.79,15.71,20.21,21.61,22.68,11.76,137.96,17.79,15.71,11.76
2025-07-08,KXINXU-25JUL08H1600,KXINXU-25JUL08H1600-T6274.9999,KXINXU,6275.0,0,6225.52,0.04,0.07,0.0,5270.0,1751981460,6234.02978515625,6225.52001953125,6229.97998046875,0.008996703669159209,17.79,15.71,20.21,21.61,22.68,11.76,137.96,17.79,15.71,11.76
2025-07-09,KXINXU-25JUL09H1600,KXINXU-25JUL09H1600-T6199.9999,KXINXU,6200.0,1,6263.26,0.92,0.97,500.0,3050.0,1752067860,6243.330078125,6263.259765625,6225.52001953125,0.00872439158362137,16.81,13.9,19.58,21.11,22.2,10.53,140.8,16.81,13.9,10.53
2025-07-09,KXINXU-25JUL09H1600,KXINXU-25JUL09H1600-T6274.9999,KXINXU,6275.0,0,6263.26,0.15,0.2,0.0,5.0,1752067860,6243.330078125,6263.259765625,6225.52001953125,0.00872439158362137,16.81,13.9,19.58,21.11,22.2,10.53,140.8,16.81,13.9,10.53
2025-07-10,KXINXU-25JUL10H1600,KXINXU-25JUL10H1600-T6224.9999,KXINXU,6225.0,1,6280.46,0.89,0.93,0.0,179.0,1752154260,6266.7998046875,6280.4599609375,6263.259765625,0.00858718757972298,15.94,12.53,19.02,20.72,22.01,9.64,141.75,15.94,12.53,9.64
2025-07-10,KXINXU-25JUL10H1600,KXINXU-25JUL10H1600-T6299.9999,KXINXU,6300.0,0,6280.46,0.05,0.09,0.0,1290.0,1752154260,6266.7998046875,6280.4599609375,6263.259765625,0.00858718757972298,15.94,12.53,19.02,20.72,22.01,9.64,141.75,15.94,12.53,9.64
2025-07-11,KXINXU-25JUL11H1600,KXINXU-25JUL11H1600-T6249.9999,KXINXU,6250.0,1,6259.75,0.55,0.61,249.0,683.0,1752240660,6255.68017578125,6259.75,6280.4599609375,0.008352643402657131,15.78,12.46,18.92,20.68,21.99,9.49,143.32,15.78,12.46,9.49
2025-07-14,KXINXU-25JUL14H1600,KXINXU-25JUL14H1600-T6224.9999,KXINXU,6225.0,1,6268.56,0.81,0.86,0.0,430.0,1752499860,6255.14990234375,6268.56005859375,6259.75,0.008138503088439216,16.4,13.03,19.37,21.09,22.23,12.47,144.96,16.4,13.03,12.47
2025-07-14,KXINXU-25JUL14H1600,KXINXU-25JUL14H1600-T6299.9999,KXINXU,6300.0,0,6268.56,0.02,0.04,0.0,250.0,1752499860,6255.14990234375,6268.56005859375,6259.75,0.008138503088439216,16.4,13.03,19.37,21.09,22.23,12.47,144.96,16.4,13.03,12.47
2025-07-15,KXINXU-25JUL15H1600,KXINXU-25JUL15H1600-T6224.9999,KXINXU,6225.0,1,6243.76,0.96,0.99,0.0,1029.0,1752586260,6295.2900390625,6243.759765625,6268.56005859375,0.007898088297536578,17.2,14.27,19.84,21.32,22.45,12.45,147.0,17.2,14.27,12.45
2025-07-15,KXINXU-25JUL15H1600,KXINXU-25JUL15H1600-T6299.9999,KXINXU,6300.0,0,6243.76,0.49,0.54,2.0,206.0,1752586260,6295.2900390625,6243.759765625,6268.56005859375,0.007898088297536578,17.2,14.27,19.84,21.32,22.45,12.45,147.0,17.2,14.27,12.45
2025-07-16,KXINXU-25JUL16H1600,KXINXU-25JUL16H1600-T6199.9999,KXINXU,6200.0,1,6263.7,0.95,0.98,0.0,22.0,1752672660,6254.5,6263.7001953125,6243.759765625,0.007718798824534636,17.38,14.69,20.06,21.49,22.56,12.2,143.72,17.38,14.69,12.2
2025-07-16,KXINXU-25JUL16H1600,KXINXU-25JUL16H1600-T6274.9999,KXINXU,6275.0,0,6263.7,0.23,0.28,5.0,30.0,1752672660,6254.5,6263.7001953125,6243.759765625,0.007718798824534636,17.38,14.69,20.06,21.49,22.56,12.2,143.72,17.38,14.69,12.2
2025-07-17,KXINXU-25JUL17H1600,KXINXU-25JUL17H1600-T6224.9999,KXINXU,6225.0,1,6297.36,0.89,0.94,0.0,21.0,1752759060,6263.39990234375,6297.35986328125,6263.7001953125,0.007524297697253142,17.16,13.77,20.09,21.6,22.64,10.94,146.71,17.16,13.77,10.94
2025-07-17,KXINXU-25JUL17H1600,KXINXU-25JUL17H1600-T6299.9999,KXINXU,6300.0,0,6297.36,0.05,0.1,50.0,92.0,1752759060,6263.39990234375,6297.35986328125,6263.7001953125,0.007524297697253142,17.16,13.77,20.09,21.6,22.64,10.94,146.71,17.16,13.77,10.94
2025-07-18,KXINXU-25JUL18H1600,KXINXU-25JUL18H1600-T6324.9999,KXINXU,6325.0,0,6296.79,0.25,0.3,0.0,150.0,1752845460,6312.9501953125,6296.7900390625,6297.35986328125,0.007412257678774608,16.52,13.14,19.69,21.39,22.59,10.77,151.12,16.52,13.14,10.77
2025-07-21,KXINXU-25JUL21H1600,KXINXU-25JUL21H1600-T6324.9999,KXINXU,6325.0,0,6305.6,0.22,0.27,28.0,13102.0,1753104660,6304.740234375,6305.60009765625,6296.7900390625,0.007186484653543405,16.41,12.7,19.58,21.33,22.49,9.85,150.45,16.41,12.7,9.85
2025-07-22,KXINXU-25JUL22H1600,KXINXU-25JUL22H1600-T6274.9999,KXINXU,6275.0,1,6309.62,0.87,0.91,0.0,1650.0,1753191060,6306.60009765625,6309.6201171875,6305.60009765625,0.006975967101286452,16.65,14.95,19.51,21.26,22.4,8.85,154.83,16.65,14.95,8.85
2025-07-23,KXINXU-25JUL23H1600,KXINXU-25JUL23H1600-T6274.9999,KXINXU,6275.0,1,6358.91,0.95,0.98,0.0,2000.0,1753277460,6326.89990234375,6358.91015625,6309.6201171875,0.006765252471202551,16.5,15.03,19.53,21.35,22.35,8.41,153.44,16.5,15.03,8.41
2025-07-23,KXINXU-25JUL23H1600,KXINXU-25JUL23H1600-T6349.9999,KXINXU,6350.0,1,6358.91,0.18,0.23,0.0,125.0,1753277460,6326.89990234375,6358.91015625,6309.6201171875,0.006765252471202551,16.5,15.03,19.53,21.35,22.35,8.41,153.44,16.5,15.03,8.41
2025-07-24,KXINXU-25JUL24H1600,KXINXU-25JUL24H1600-T6324.9999,KXINXU,6325.0,1,6363.35,0.91,0.94,0.0,2030.0,1753363860,6368.60009765625,6363.35009765625,6358.91015625,0.006830494234642383,15.37,14.05,18.56,20.6,21.79,10.01,159.29,15.37,14.05,10.01
2025-07-24,KXINXU-25JUL24H1600,KXINXU-25JUL24H1600-T6399.9999,KXINXU,6400.0,0,6363.35,0.06,0.1,55.0,61.0,1753363860,6368.60009765625,6363.35009765625,6358.91015625,0.006830494234642383,15.37,14.05,18.56,20.6,21.79,10.01,159.29,15.37,14.05,10.01
2025-07-25,KXINXU-25JUL25H1600,KXINXU-25JUL25H1600-T6324.9999,KXINXU,6325.0,1,6388.64,0.94,0.97,2500.0,2505.0,1753450080,6370.009765625,6388.64013671875,6363.35009765625,0.006624616497380243,15.39,14.08,18.56,20.57,21.8,10.03,159.41,15.39,14.08,10.03
2025-07-25,KXINXU-25JUL25H1600,KXINXU-25JUL25H1600-T6399.9999,KXINXU,6400.0,0,6388.64,0.07,0.11,1.0,1.0,1753450260,6370.009765625,6388.64013671875,6363.35009765625,0.006624616497380243,15.39,14.08,18.56,20.57,21.8,10.03,159.41,15.39,14.08,10.03
2025-07-28,KXINXU-25JUL28H1600,KXINXU-25JUL28H1600-T6349.9999,KXINXU,6350.0,1,6389.77,0.94,0.98,0.0,2369.0,1753709460,6397.68994140625,6389.77001953125,6388.64013671875,0.006495873478192241,14.93,12.83,18.32,20.33,21.64,8.9,145.57,14.93,12.83,8.9
2025-07-28,KXINXU-25JUL28H1600,KXINXU-25JUL28H1600-T6424.9999,KXINXU,6425.0,0,6389.77,0.09,0.14,5045.0,5087.0,1753709460,6397.68994140625,6389.77001953125,6388.64013671875,0.006495873478192241,14.93,12.83,18.32,20.33,21.64,8.9,145.57,14.93,12.83,8.9
2025-07-30,KXINXU-25JUL30H1600,KXINXU-25JUL30H1600-T6324.9999,KXINXU,6325.0,1,6362.9,0.87,0.91,0.0,5.0,1753882260,6381.22998046875,6362.89990234375,6370.85986328125,0.006149270472177563,15.98,14.62,18.77,20.61,21.76,12.67,149.12,15.98,14.62,12.67
2025-07-30,KXINXU-25JUL30H1600,KXINXU-25JUL30H1600-T6399.9999,KXINXU,6400.0,0,6362.9,0.25,0.28,0.0,40.0,1753882260,6381.22998046875,6362.89990234375,6370.85986328125,0.006149270472177563,15.98,14.62,18.77,20.61,21.76,12.67,149.12,15.98,14.62,12.67
2025-07-31,KXINXU-25JUL31H1600,KXINXU-25JUL31H1600-T6324.9999,KXINXU,6325.0,1,6339.39,0.95,0.98,0.0,3150.0,1753968660,6427.02001953125,6339.39013671875,6362.89990234375,0.005969798883556747,15.48,13.46,18.35,20.3,21.47,13.83,154.08,15.48,13.46,13.83
2025-07-31,KXINXU-25JUL31H1600,KXINXU-25JUL31H1600-T6399.9999,KXINXU,6400.0,0,6339.39,0.6,0.65,363.0,4827.0,1753968660,6427.02001953125,6339.39013671875,6362.89990234375,0.005969798883556747,15.48,13.46,18.35,20.3,21.47,13.83,154.08,15.48,13.46,13.83
2025-07-31,KXINXU-25JUL31H1600,KXINXU-25JUL31H1600-T6474.9999,KXINXU,6475.0,0,6339.39,0.02,0.04,1000.0,1010.0,1753968660,6427.02001953125,6339.39013671875,6362.89990234375,0.005969798883556747,15.48,13.46,18.35,20.3,21.47,13.83,154.08,15.48,13.46,13.83
2025-08-01,KXINXU-25AUG01H1600,KXINXU-25AUG01H1600-T6224.9999,KXINXU,6225.0,1,6238.01,0.79,0.84,10.0,20.0,1754055060,6287.27978515625,6238.009765625,6339.39013671875,0.005858527400229345,16.72,15.15,19.14,20.84,21.82,16.83,152.29,16.72,15.15,16.83
2025-08-01,KXINXU-25AUG01H1600,KXINXU-25AUG01H1600-T6299.9999,KXINXU,6300.0,0,6238.01,0.3,0.34,529.0,864.0,1754055060,6287.27978515625,6238.009765625,6339.39013671875,0.005858527400229345,16.72,15.15,19.14,20.84,21.82,16.83,152.29,16.72,15.15,16.83
2025-08-01,KXINXU-25AUG01H1600,KXINXU-25AUG01H1600-T6374.9999,KXINXU,6375.0,0,6238.01,0.02,0.05,20.0,3300.0,1754055060,6287.27978515625,6238.009765625,6339.39013671875,0.005858527400229345,16.72,15.15,19.14,20.84,21.82,16.83,152.29,16.72,15.15,16.83
2025-08-04,KXINXU-25AUG04H1600,KXINXU-25AUG04H1600-T6199.9999,KXINXU,6200.0,1,6329.94,0.94,0.98,0.0,2510.0,1754314260,6271.7099609375,6329.93994140625,6238.009765625,0.006917863527210939,20.38,19.53,21.24,22.33,22.74,20.01,155.49,20.38,19.53,20.01
2025-08-04,KXINXU-25AUG04H1600,KXINXU-25AUG04H1600-T6274.9999,KXINXU,6275.0,1,6329.94,0.6,0.65,2634.0,3505.0,1754314260,6271.7099609375,6329.93994140625,6238.009765625,0.006917863527210939,20.38,19.53,21.24,22.33,22.74,20.01,155.49,20.38,19.53,20.01
2025-08-04,KXINXU-25AUG04H1600,KXINXU-25AUG04H1600-T6349.9999,KXINXU,6350.0,0,6329.94,0.0,0.04,0.0,4325.0,1754314260,6271.7099609375,6329.93994140625,6238.009765625,0.006917863527210939,20.38,19.53,21.24,22.33,22.74,20.01,155.49,20.38,19.53,20.01
2025-08-05,KXINXU-25AUG05H1600,KXINXU-25AUG05H1600-T6299.9999,KXINXU,6300.0,0,6299.19,0.79,0.87,0.0,22005.0,1754400660,6336.6298828125,6299.18994140625,6329.93994140625,0.007604395134238965,17.52,16.43,19.61,21.03,21.89,11.15,159.31,17.52,16.43,11.15
2025-08-05,KXINXU-25AUG05H1600,KXINXU-25AUG05H1600-T6374.9999,KXINXU,6375.0,0,6299.19,0.06,0.11,500.0,9000.0,1754400660,6336.6298828125,6299.18994140625,6329.93994140625,0.007604395134238965,17.52,16.43,19.61,21.03,21.89,11.15,159.31,17.52,16.43,11.15
2025-08-06,KXINXU-25AUG06H1600,KXINXU-25AUG06H1600-T6324.9999,KXINXU,6325.0,1,6345.06,0.28,0.33,626.0,1724.0,1754487060,6309.2998046875,6345.06005859375,6299.18994140625,0.0074686047361164085,17.85,16.81,20.03,21.33,21.9,12.31,149.91,17.85,16.81,12.31
2025-08-07,KXINXU-25AUG07H1600,KXINXU-25AUG07H1600-T6299.9999,KXINXU,6300.0,1,6340.0,0.95,0.98,0.0,383.0,1754573460,6374.31982421875,6340.0,6345.06005859375,0.007455990432140463,16.77,15.0,19.47,21.0,21.95,11.36,149.71,16.77,15.0,11.36
2025-08-07,KXINXU-25AUG07H1600,KXINXU-25AUG07H1600-T6374.9999,KXINXU,6375.0,0,6340.0,0.55,0.6,0.0,130.0,1754573460,6374.31982421875,6340.0,6345.06005859375,0.007455990432140463,16.77,15.0,19.47,21.0,21.95,11.36,149.71,16.77,15.0,11.36
2025-08-08,KXINXU-25AUG08H1600,KXINXU-25AUG08H1600-T6299.9999,KXINXU,6300.0,1,6389.45,0.94,0.98,0.0,1742.0,1754659860,6355.22021484375,6389.4501953125,6340.0,0.007231491807091171,16.57,14.76,19.35,20.91,21.97,12.47,147.03,16.57,14.76,12.47
2025-08-08,KXINXU-25AUG08H1600,KXINXU-25AUG08H1600-T6374.9999,KXINXU,6375.0,1,6389.45,0.34,0.39,70.0,775.0,1754659860,6355.22021484375,6389.4501953125,6340.0,0.007231491807091171,16.57,14.76,19.35,20.91,21.97,12.47,147.03,16.57,14.76,12.47
2025-08-11,KXINXU-25AUG11H1600,KXINXU-25AUG11H1600-T6349.9999,KXINXU,6350.0,1,6373.45,0.89,0.93,15.0,778.0,1754919060,6389.669921875,6373.4501953125,6389.4501953125,0.007264891087950475,15.15,12.86,18.7,20.48,21.69,10.86,147.53,15.15,12.86,10.86
2025-08-11,KXINXU-25AUG11H1600,KXINXU-25AUG11H1600-T6424.9999,KXINXU,6425.0,0,6373.45,0.07,0.12,10.0,2251.0,1754919060,6389.669921875,6373.4501953125,6389.4501953125,0.007264891087950475,15.15,12.86,18.7,20.48,21.69,10.86,147.53,15.15,12.86,10.86
2025-08-12,KXINXU-25AUG12H1600,KXINXU-25AUG12H1600-T6399.9999,KXINXU,6400.0,1,6445.76,0.54,0.59,608.0,588.0,1755005460,6395.169921875,6445.759765625,6373.4501953125,0.007070297566554193,16.25,15.75,19.25,20.8,21.92,15.93,148.55,16.25,15.75,15.93
2025-08-12,KXINXU-25AUG12H1600,KXINXU-25AUG12H1600-T6474.9999,KXINXU,6475.0,0,6445.76,0.0,0.03,0.0,1.0,1755004860,6395.169921875,6445.759765625,6373.4501953125,0.007070297566554193,16.25,15.75,19.25,20.8,21.92,15.93,148.55,16.25,15.75,15.93
2025-08-14,KXINXU-25AUG14H1600,KXINXU-25AUG14H1600-T6424.9999,KXINXU,6425.0,1,6468.54,0.72,0.77,5198.0,5528.0,1755178260,6453.4599609375,6468.5400390625,6466.580078125,0.007209206628229521,14.49,12.38,18.33,20.35,21.71,10.11,153.13,14.49,12.38,10.11
2025-08-14,KXINXU-25AUG14H1600,KXINXU-25AUG14H1600-T6499.9999,KXINXU,6500.0,0,6468.54,0.01,0.05,0.0,198.0,1755178260,6453.4599609375,6468.5400390625,6466.580078125,0.007209206628229521,14.49,12.38,18.33,20.35,21.71,10.11,153.13,14.49,12.38,10.11
2025-08-15,KXINXU-25AUG15H1600,KXINXU-25AUG15H1600-T6424.9999,KXINXU,6425.0,1,6449.8,0.9,0.94,52.0,860.0,1755264660,6477.3798828125,6449.7998046875,6468.5400390625,0.00698997932669641,14.83,12.98,18.49,20.49,21.92,11.95,150.62,14.83,12.98,11.95
2025-08-15,KXINXU-25AUG15H1600,KXINXU-25AUG15H1600-T6499.9999,KXINXU,6500.0,0,6449.8,0.1,0.15,0.0,226.0,1755264660,6477.3798828125,6449.7998046875,6468.5400390625,0.00698997932669641,14.83,12.98,18.49,20.49,21.92,11.95,150.62,14.83,12.98,11.95
2025-08-19,KXINXU-25AUG19H1600,KXINXU-25AUG19H1600-T6399.9999,KXINXU,6400.0,1,6411.37,0.94,0.97,0.0,500.0,1755610260,6446.240234375,6411.3701171875,6449.14990234375,0.006606654898986194,14.99,13.79,18.45,20.54,21.71,7.85,153.95,14.99,13.79,7.85
2025-08-19,KXINXU-25AUG19H1600,KXINXU-25AUG19H1600-T6474.9999,KXINXU,6475.0,0,6411.37,0.07,0.11,0.0,101.0,1755610260,6446.240234375,6411.3701171875,6449.14990234375,0.006606654898986194,14.99,13.79,18.45,20.54,21.71,7.85,153.95,14.99,13.79,7.85
2025-08-20,KXINXU-25AUG20H1600,KXINXU-25AUG20H1600-T6374.9999,KXINXU,6375.0,1,6395.78,0.82,0.87,21.0,2000.0,1755696660,6406.6201171875,6395.77978515625,6411.3701171875,0.006565074920405521,15.57,14.7,18.9,20.97,21.98,10.16,153.17,15.57,14.7,10.16
2025-08-20,KXINXU-25AUG20H1600,KXINXU-25AUG20H1600-T6449.9999,KXINXU,6450.0,0,6395.78,0.03,0.08,0.0,1.0,1755696660,6406.6201171875,6395.77978515625,6411.3701171875,0.006565074920405521,15.57,14.7,18.9,20.97,21.98,10.16,153.17,15.57,14.7,10.16
2025-08-21,KXINXU-25AUG21H1600,KXINXU-25AUG21H1600-T6349.9999,KXINXU,6350.0,1,6370.17,0.68,0.73,0.0,2041.0,1755783060,6380.830078125,6370.169921875,6395.77978515625,0.006392951322590686,15.69,15.09,19.1,21.06,22.02,10.9,144.56,15.69,15.09,10.9
2025-08-22,KXINXU-25AUG22H1600,KXINXU-25AUG22H1600-T6249.9999,KXINXU,6250.0,1,6466.91,0.96,0.98,159.0,159.0,1755869460,6384.58984375,6466.91015625,6370.169921875,0.006275629188681977,16.6,16.37,19.41,21.4,22.22,18.24,144.32,16.6,16.37,18.24
2025-08-22,KXINXU-25AUG22H1600,KXINXU-25AUG22H1600-T6324.9999,KXINXU,6325.0,1,6466.91,0.81,0.85,500.0,520.0,1755869460,6384.58984375,6466.91015625,6370.169921875,0.006275629188681977,16.6,16.37,19.41,21.4,22.22,18.24,144.32,16.6,16.37,18.24
2025-08-22,KXINXU-25AUG22H1600,KXINXU-25AUG22H1600-T6399.9999,KXINXU,6400.0,1,6466.91,0.45,0.5,0.0,387.0,1755869460,6384.58984375,6466.91015625,6370.169921875,0.006275629188681977,16.6,16.37,19.41,21.4,22.22,18.24,144.32,16.6,16.37,18.24
2025-08-22,KXINXU-25AUG22H1600,KXINXU-25AUG22H1600-T6474.9999,KXINXU,6475.0,0,6466.91,0.03,0.07,150.0,150.0,1755869460,6384.58984375,6466.91015625,6370.169921875,0.006275629188681977,16.6,16.37,19.41,21.4,22.22,18.24,144.32,16.6,16.37,18.24
2025-08-25,KXINXU-25AUG25H1600,KXINXU-25AUG25H1600-T6424.9999,KXINXU,6425.0,1,6439.32,0.88,0.9,0.0,17793.0,1756128660,6457.669921875,6439.31982421875,6466.91015625,0.0071169425544537444,14.22,11.85,17.76,20.15,21.49,9.47,146.39,14.22,11.85,9.47
2025-08-25,KXINXU-25AUG25H1600,KXINXU-25AUG25H1600-T6499.9999,KXINXU,6500.0,0,6439.32,0.02,0.05,48.0,11926.0,1756128660,6457.669921875,6439.31982421875,6466.91015625,0.0071169425544537444,14.22,11.85,17.76,20.15,21.49,9.47,146.39,14.22,11.85,9.47
2025-08-26,KXINXU-25AUG26H1600,KXINXU-25AUG26H1600-T6399.9999,KXINXU,6400.0,1,6465.94,0.87,0.91,50.0,691.0,1756215060,6435.490234375,6465.93994140625,6439.31982421875,0.006979154181620092,14.79,13.01,18.02,20.48,21.67,8.06,149.99,14.79,13.01,8.06
2025-08-26,KXINXU-25AUG26H1600,KXINXU-25AUG26H1600-T6474.9999,KXINXU,6475.0,0,6465.94,0.03,0.06,0.0,1010.0,1756215060,6435.490234375,6465.93994140625,6439.31982421875,0.006979154181620092,14.79,13.01,18.02,20.48,21.67,8.06,149.99,14.79,13.01,8.06
2025-08-27,KXINXU-25AUG27H1600,KXINXU-25AUG27H1600-T6424.9999,KXINXU,6425.0,1,6481.4,0.89,0.93,10.0,169.0,1756301460,6462.259765625,6481.39990234375,6465.93994140625,0.006841581723359803,14.62,12.91,17.9,20.46,21.69,7.77,156.53,14.62,12.91,7.77
2025-08-27,KXINXU-25AUG27H1600,KXINXU-25AUG27H1600-T6499.9999,KXINXU,6500.0,0,6481.4,0.02,0.06,150.0,151.0,1756301460,6462.259765625,6481.39990234375,6465.93994140625,0.006841581723359803,14.62,12.91,17.9,20.46,21.69,7.77,156.53,14.62,12.91,7.77
2025-08-28,KXINXU-25AUG28H1600,KXINXU-25AUG28H1600-T6449.9999,KXINXU,6450.0,1,6501.86,0.89,0.94,20.0,31.0,1756387860,6483.83984375,6501.85986328125,6481.39990234375,0.006658903648007332,14.85,13.27,17.94,20.62,21.74,15.07,150.88,14.85,13.27,15.07
2025-08-28,KXINXU-25AUG28H1600,KXINXU-25AUG28H1600-T6524.9999,KXINXU,6525.0,0,6501.86,0.08,0.12,30.0,60.0,1756387860,6483.83984375,6501.85986328125,6481.39990234375,0.006658903648007332,14.85,13.27,17.94,20.62,21.74,15.07,150.88,14.85,13.27,15.07
2025-08-29,KXINXU-25AUG29H1600,KXINXU-25AUG29H1600-T6449.9999,KXINXU,6450.0,1,6460.26,0.88,0.92,0.0,500.0,1756474260,6489.27978515625,6460.259765625,6501.85986328125,0.006502042055865271,14.43,11.68,17.72,20.41,21.66,10.94,152.5,14.43,11.68,10.94
2025-08-29,KXINXU-25AUG29H1600,KXINXU-25AUG29H1600-T6524.9999,KXINXU,6525.0,0,6460.26,0.06,0.1,0.0,627.0,1756474260,6489.27978515625,6460.259765625,6501.85986328125,0.006502042055865271,14.43,11.68,17.72,20.41,21.66,10.94,152.5,14.43,11.68,10.94
2025-09-02,KXINXU-25SEP02H1600,KXINXU-25SEP02H1600-T6349.9999,KXINXU,6350.0,1,6415.54,0.72,0.77,0.0,2.0,1756819860,6401.509765625,6415.5400390625,6460.259765625,0.006497073171533119,15.36,12.72,18.35,20.83,21.92,11.55,152.1,15.36,12.72,11.55
2025-09-02,KXINXU-25SEP02H1600,KXINXU-25SEP02H1600-T6424.9999,KXINXU,6425.0,0,6415.54,0.11,0.16,0.0,1321.0,1756819860,6401.509765625,6415.5400390625,6460.259765625,0.006497073171533119,15.36,12.72,18.35,20.83,21.92,11.55,152.1,15.36,12.72,11.55
2025-09-03,KXINXU-25SEP03H1600,KXINXU-25SEP03H1600-T6449.9999,KXINXU,6450.0,0,6448.26,0.34,0.4,260.0,640.0,1756906260,6445.81982421875,6448.259765625,6415.5400390625,0.006524904924622257,17.17,16.17,19.38,21.42,22.2,11.42,151.48,17.17,16.17,11.42
2025-09-04,KXINXU-25SEP04H1600,KXINXU-25SEP04H1600-T6474.9999,KXINXU,6475.0,1,6502.08,0.19,0.24,0.0,504.0,1756992660,6456.60009765625,6502.080078125,6448.259765625,0.006447687168199166,16.35,14.45,18.93,21.05,22.01,10.06,150.22,16.35,14.45,10.06
2025-09-08,KXINXU-25SEP08H1600,KXINXU-25SEP08H1600-T6449.9999,KXINXU,6450.0,1,6495.15,0.91,0.95,1.0,379.0,1757338260,6498.08984375,6495.14990234375,6481.5,0.0064212971018955105,15.18,12.66,18.42,20.64,21.87,10.01,148.16,15.18,12.66,10.01
2025-09-08,KXINXU-25SEP08H1600,KXINXU-25SEP08H1600-T6524.9999,KXINXU,6525.0,0,6495.15,0.05,0.1,130.0,976.0,1757338260,6498.08984375,6495.14990234375,6481.5,0.0064212971018955105,15.18,12.66,18.42,20.64,21.87,10.01,148.16,15.18,12.66,10.01
2025-09-09,KXINXU-25SEP09H1600,KXINXU-25SEP09H1600-T6449.9999,KXINXU,6450.0,1,6512.61,0.91,0.95,0.0,870.0,1757424660,6503.330078125,6512.60986328125,6495.14990234375,0.006246969374836284,15.11,13.5,18.29,20.49,21.8,8.3,148.82,15.11,13.5,8.3
2025-09-09,KXINXU-25SEP09H1600,KXINXU-25SEP09H1600-T6524.9999,KXINXU,6525.0,0,6512.61,0.14,0.19,20.0,76.0,1757424660,6503.330078125,6512.60986328125,6495.14990234375,0.006246969374836284,15.11,13.5,18.29,20.49,21.8,8.3,148.82,15.11,13.5,8.3
2025-09-10,KXINXU-25SEP10H1600,KXINXU-25SEP10H1600-T6474.9999,KXINXU,6475.0,1,6532.04,0.95,0.98,0.0,2060.0,1757511060,6550.2900390625,6532.0400390625,6512.60986328125,0.006092253956671084,15.04,13.61,18.27,20.51,21.87,8.93,150.93,15.04,13.61,8.93
2025-09-10,KXINXU-25SEP10H1600,KXINXU-25SEP10H1600-T6549.9999,KXINXU,6550.0,0,6532.04,0.31,0.36,668.0,4996.0,1757511060,6550.2900390625,6532.0400390625,6512.60986328125,0.006092253956671084,15.04,13.61,18.27,20.51,21.87,8.93,150.93,15.04,13.61,8.93
2025-09-11,KXINXU-25SEP11H1600,KXINXU-25SEP11H1600-T6499.9999,KXINXU,6500.0,1,6587.47,0.9,0.95,0.0,322.0,1757597460,6554.41015625,6587.47021484375,6532.0400390625,0.005951562121437832,15.35,14.29,18.44,20.58,21.93,13.38,151.92,15.35,14.29,13.38
2025-09-11,KXINXU-25SEP11H1600,KXINXU-25SEP11H1600-T6574.9999,KXINXU,6575.0,1,6587.47,0.18,0.23,20.0,275.0,1757597460,6554.41015625,6587.47021484375,6532.0400390625,0.005951562121437832,15.35,14.29,18.44,20.58,21.93,13.38,151.92,15.35,14.29,13.38
2025-09-12,KXINXU-25SEP12H1600,KXINXU-25SEP12H1600-T6549.9999,KXINXU,6550.0,1,6584.29,0.89,0.93,100.0,1122.0,1757683860,6590.66015625,6584.2900390625,6587.47021484375,0.006130255951224001,14.71,12.99,18.03,20.34,21.83,10.07,147.63,14.71,12.99,10.07
2025-09-12,KXINXU-25SEP12H1600,KXINXU-25SEP12H1600-T6624.9999,KXINXU,6625.0,0,6584.29,0.03,0.05,0.0,300.0,1757683860,6590.66015625,6584.2900390625,6587.47021484375,0.006130255951224001,14.71,12.99,18.03,20.34,21.83,10.07,147.63,14.71,12.99,10.07
2025-09-15,KXINXU-25SEP15H1600,KXINXU-25SEP15H1600-T6624.9999,KXINXU,6625.0,0,6615.28,0.19,0.24,1110.0,1000.0,1757943060,6603.490234375,6615.27978515625,6584.2900390625,0.005944680349922363,14.76,12.85,18.06,20.4,21.87,11.54,149.49,14.76,12.85,11.54
2025-09-16,KXINXU-25SEP16H1600,KXINXU-25SEP16H1600-T6574.9999,KXINXU,6575.0,1,6606.76,0.94,0.98,0.0,36.0,1758029040,6624.1298828125,6606.759765625,6615.27978515625,0.005877227207524327,15.69,14.71,18.53,20.74,22.05,8.99,152.11,15.69,14.71,8.99
2025-09-16,KXINXU-25SEP16H1600,KXINXU-25SEP16H1600-T6649.9999,KXINXU,6650.0,0,6606.76,0.08,0.13,510.0,1414.0,1758029460,6624.1298828125,6606.759765625,6615.27978515625,0.005877227207524327,15.69,14.71,18.53,20.74,22.05,8.99,152.11,15.69,14.71,8.99
2025-09-17,KXINXU-25SEP17H1600,KXINXU-25SEP17H1600-T6549.9999,KXINXU,6550.0,1,6600.35,0.85,0.88,0.0,469.0,1758115860,6604.8701171875,6600.35009765625,6606.759765625,0.005706920834700507,16.36,15.79,18.91,21.01,22.32,16.18,148.21,16.36,15.79,16.18
2025-09-17,KXINXU-25SEP17H1600,KXINXU-25SEP17H1600-T6624.9999,KXINXU,6625.0,0,6600.35,0.42,0.48,200.0,742.0,1758115860,6604.8701171875,6600.35009765625,6606.759765625,0.005706920834700507,16.36,15.79,18.91,21.01,22.32,16.18,148.21,16.36,15.79,16.18
2025-09-17,KXINXU-25SEP17H1600,KXINXU-25SEP17H1600-T6699.9999,KXINXU,6700.0,0,6600.35,0.02,0.06,32.0,52.0,1758115860,6604.8701171875,6600.35009765625,6606.759765625,0.005706920834700507,16.36,15.79,18.91,21.01,22.32,16.18,148.21,16.36,15.79,16.18
2025-09-18,KXINXU-25SEP18H1600,KXINXU-25SEP18H1600-T6549.9999,KXINXU,6550.0,1,6631.96,0.94,0.97,0.0,738.0,1758202260,6626.85009765625,6631.9599609375,6600.35009765625,0.005538171445292163,15.72,14.53,18.44,20.66,22.12,14.77,146.37,15.72,14.53,14.77
2025-09-18,KXINXU-25SEP18H1600,KXINXU-25SEP18H1600-T6624.9999,KXINXU,6625.0,1,6631.96,0.51,0.52,80.0,1976.0,1758202260,6626.85009765625,6631.9599609375,6600.35009765625,0.005538171445292163,15.72,14.53,18.44,20.66,22.12,14.77,146.37,15.72,14.53,14.77
2025-09-18,KXINXU-25SEP18H1600,KXINXU-25SEP18H1600-T6699.9999,KXINXU,6700.0,0,6631.96,0.01,0.04,0.0,664.0,1758202260,6626.85009765625,6631.9599609375,6600.35009765625,0.005538171445292163,15.72,14.53,18.44,20.66,22.12,14.77,146.37,15.72,14.53,14.77
2025-09-19,KXINXU-25SEP19H1600,KXINXU-25SEP19H1600-T6499.9999,KXINXU,6500.0,1,6664.36,0.97,1.0,0.0,200.0,1758288420,6647.10986328125,6664.35986328125,6631.9599609375,0.005495512014679093,15.7,13.53,18.52,20.73,22.05,14.38,148.19,15.7,13.53,14.38
2025-09-19,KXINXU-25SEP19H1600,KXINXU-25SEP19H1600-T6574.9999,KXINXU,6575.0,1,6664.36,0.95,0.98,0.0,300.0,1758288660,6647.10986328125,6664.35986328125,6631.9599609375,0.005495512014679093,15.7,13.53,18.52,20.73,22.05,14.38,148.19,15.7,13.53,14.38
2025-09-19,KXINXU-25SEP19H1600,KXINXU-25SEP19H1600-T6649.9999,KXINXU,6650.0,1,6664.36,0.46,0.51,20.0,637.0,1758288660,6647.10986328125,6664.35986328125,6631.9599609375,0.005495512014679093,15.7,13.53,18.52,20.73,22.05,14.38,148.19,15.7,13.53,14.38
2025-09-22,KXINXU-25SEP22H1600,KXINXU-25SEP22H1600-T6624.9999,KXINXU,6625.0,1,6693.75,0.83,0.89,10000.0,10103.0,1758547860,6654.27978515625,6693.75,6664.35986328125,0.005460191924502129,15.45,12.41,18.48,20.74,22.08,10.65,146.97,15.45,12.41,10.65
2025-09-24,KXINXU-25SEP24H1600,KXINXU-25SEP24H1600-T6674.9999,KXINXU,6675.0,0,6637.97,0.4,0.45,837.0,5545.0,1758720660,6669.7900390625,6637.97021484375,6656.919921875,0.005409428070333951,16.64,14.67,19.44,21.45,22.65,9.68,146.53,16.64,14.67,9.68
2025-09-25,KXINXU-25SEP25H1600,KXINXU-25SEP25H1600-T6599.9999,KXINXU,6600.0,1,6604.72,0.49,0.55,0.0,4000.0,1758807060,6608.18994140625,6604.72021484375,6637.97021484375,0.005290916180567042,16.18,13.39,19.14,21.21,22.53,9.41,145.87,16.18,13.39,9.41
2025-09-26,KXINXU-25SEP26H1600,KXINXU-25SEP26H1600-T6549.9999,KXINXU,6550.0,1,6643.7,0.92,0.96,0.0,1465.0,1758893460,6615.3798828125,6643.7001953125,6604.72021484375,0.00527514775639363,16.74,14.17,19.46,21.38,22.57,12.35,145.89,16.74,14.17,12.35
2025-09-26,KXINXU-25SEP26H1600,KXINXU-25SEP26H1600-T6624.9999,KXINXU,6625.0,1,6643.7,0.42,0.47,0.0,6564.0,1758893460,6615.3798828125,6643.7001953125,6604.72021484375,0.00527514775639363,16.74,14.17,19.46,21.38,22.57,12.35,145.89,16.74,14.17,12.35
2025-09-26,KXINXU-25SEP26H1600,KXINXU-25SEP26H1600-T6699.9999,KXINXU,6700.0,0,6643.7,0.0,0.03,0.0,5.0,1758893340,6615.3798828125,6643.7001953125,6604.72021484375,0.00527514775639363,16.74,14.17,19.46,21.38,22.57,12.35,145.89,16.74,14.17,12.35
2025-09-29,KXINXU-25SEP29H1600,KXINXU-25SEP29H1600-T6599.9999,KXINXU,6600.0,1,6661.21,0.96,0.98,0.0,20.0,1759152600,6661.580078125,6661.2099609375,6643.7001953125,0.005313679306367809,15.29,12.27,18.41,20.67,22.13,10.31,141.51,15.29,12.27,10.31
2025-09-29,KXINXU-25SEP29H1600,KXINXU-25SEP29H1600-T6674.9999,KXINXU,6675.0,0,6661.21,0.39,0.44,335.0,4922.0,1759152660,6661.580078125,6661.2099609375,6643.7001953125,0.005313679306367809,15.29,12.27,18.41,20.67,22.13,10.31,141.51,15.29,12.27,10.31
2025-09-30,KXINXU-25SEP30H1600,KXINXU-25SEP30H1600-T6624.9999,KXINXU,6625.0,1,6688.46,0.81,0.86,9.0,6.0,1759239060,6656.18994140625,6688.4599609375,6661.2099609375,0.0051919897423290205,16.12,13.51,18.76,20.98,22.37,10.23,143.03,16.12,13.51,10.23
2025-09-30,KXINXU-25SEP30H1600,KXINXU-25SEP30H1600-T6699.9999,KXINXU,6700.0,0,6688.46,0.03,0.07,20.0,7410.0,1759239060,6656.18994140625,6688.4599609375,6661.2099609375,0.0051919897423290205,16.12,13.51,18.76,20.98,22.37,10.23,143.03,16.12,13.51,10.23
2025-10-01,KXINXU-25OCT01H1600,KXINXU-25OCT01H1600-T6649.9999,KXINXU,6650.0,1,6711.2,0.63,0.68,79.0,3306.0,1759325460,6664.919921875,6711.2001953125,6688.4599609375,0.005132188828261946,16.28,13.95,18.77,20.95,22.33,12.02,143.44,16.28,13.95,12.02
2025-10-01,KXINXU-25OCT01H1600,KXINXU-25OCT01H1600-T6724.9999,KXINXU,6725.0,0,6711.2,0.02,0.04,0.0,100.0,1759325460,6664.919921875,6711.2001953125,6688.4599609375,0.005132188828261946,16.28,13.95,18.77,20.95,22.33,12.02,143.44,16.28,13.95,12.02
2025-10-02,KXINXU-25OCT02H1600,KXINXU-25OCT02H1600-T6674.9999,KXINXU,6675.0,1,6715.35,0.93,0.97,0.0,200.0,1759411860,6731.31005859375,6715.35009765625,6711.2001953125,0.0050448194377028304,16.29,13.53,18.76,20.97,22.42,10.32,143.68,16.29,13.53,10.32
2025-10-02,KXINXU-25OCT02H1600,KXINXU-25OCT02H1600-T6749.9999,KXINXU,6750.0,0,6715.35,0.11,0.15,0.0,2.0,1759411860,6731.31005859375,6715.35009765625,6711.2001953125,0.0050448194377028304,16.29,13.53,18.76,20.97,22.42,10.32,143.68,16.29,13.53,10.32
2025-10-03,KXINXU-25OCT03H1600,KXINXU-25OCT03H1600-T6674.9999,KXINXU,6675.0,1,6715.79,0.91,0.95,0.0,200.0,1759498260,6722.14013671875,6715.7900390625,6715.35009765625,0.004893477252970138,16.63,13.79,18.89,21.08,22.63,10.91,145.93,16.63,13.79,10.91
2025-10-03,KXINXU-25OCT03H1600,KXINXU-25OCT03H1600-T6749.9999,KXINXU,6750.0,0,6715.79,0.17,0.21,10.0,200.0,1759498260,6722.14013671875,6715.7900390625,6715.35009765625,0.004893477252970138,16.63,13.79,18.89,21.08,22.63,10.91,145.93,16.63,13.79,10.91
2025-10-06,KXINXU-25OCT06H1600,KXINXU-25OCT06H1600-T6599.9999,KXINXU,6600.0,1,6740.28,0.97,1.0,0.0,7.0,1759757160,6733.85986328125,6740.27978515625,6715.7900390625,0.004744429366655773,16.65,13.47,19.08,21.22,22.74,11.88,144.65,16.65,13.47,11.88
2025-10-06,KXINXU-25OCT06H1600,KXINXU-25OCT06H1600-T6674.9999,KXINXU,6675.0,1,6740.28,0.95,0.98,0.0,1255.0,1759757400,6733.85986328125,6740.27978515625,6715.7900390625,0.004744429366655773,16.65,13.47,19.08,21.22,22.74,11.88,144.65,16.65,13.47,11.88
2025-10-06,KXINXU-25OCT06H1600,KXINXU-25OCT06H1600-T6749.9999,KXINXU,6750.0,0,6740.28,0.3,0.35,21.0,561.0,1759757460,6733.85986328125,6740.27978515625,6715.7900390625,0.004744429366655773,16.65,13.47,19.08,21.22,22.74,11.88,144.65,16.65,13.47,11.88
2025-10-06,KXINXU-25OCT06H1600,KXINXU-25OCT06H1600-T6824.9999,KXINXU,6825.0,0,6740.28,0.01,0.03,0.0,44.0,1759757160,6733.85986328125,6740.27978515625,6715.7900390625,0.004744429366655773,16.65,13.47,19.08,21.22,22.74,11.88,144.65,16.65,13.47,11.88
2025-10-07,KXINXU-25OCT07H1600,KXINXU-25OCT07H1600-T6699.9999,KXINXU,6700.0,1,6714.59,0.93,0.97,0.0,440.0,1759843860,6746.14013671875,6714.58984375,6740.27978515625,0.004685510440973009,16.37,13.57,19.12,21.25,22.78,8.41,142.5,16.37,13.57,8.41
2025-10-07,KXINXU-25OCT07H1600,KXINXU-25OCT07H1600-T6774.9999,KXINXU,6775.0,0,6714.59,0.09,0.13,19.0,69.0,1759843860,6746.14013671875,6714.58984375,6740.27978515625,0.004685510440973009,16.37,13.57,19.12,21.25,22.78,8.41,142.5,16.37,13.57,8.41
2025-10-08,KXINXU-25OCT08H1600,KXINXU-25OCT08H1600-T6674.9999,KXINXU,6675.0,1,6753.72,0.91,0.95,0.0,1015.0,1759930260,6723.8701171875,6753.72021484375,6714.58984375,0.00463807223940774,17.24,14.99,19.71,21.58,22.9,11.3,145.22,17.24,14.99,11.3
2025-10-08,KXINXU-25OCT08H1600,KXINXU-25OCT08H1600-T6749.9999,KXINXU,6750.0,1,6753.72,0.15,0.2,200.0,106.0,1759930260,6723.8701171875,6753.72021484375,6714.58984375,0.00463807223940774,17.24,14.99,19.71,21.58,22.9,11.3,145.22,17.24,14.99,11.3
2025-10-09,KXINXU-25OCT09H1600,KXINXU-25OCT09H1600-T6774.9999,KXINXU,6775.0,0,6735.11,0.21,0.26,265.0,881.0,1760016660,6760.5,6735.10986328125,6753.72021484375,0.004716657792159081,16.3,13.17,19.26,21.36,22.81,9.99,145.76,16.3,13.17,9.99
2025-10-10,KXINXU-25OCT10H1600,KXINXU-25OCT10H1600-T6699.9999,KXINXU,6700.0,0,6552.51,0.89,0.93,1145.0,1845.0,1760103060,6740.490234375,6552.509765625,6735.10986328125,0.004622648647201143,16.43,13.92,19.38,21.37,22.78,11.33,145.34,16.43,13.92,11.33
2025-10-10,KXINXU-25OCT10H1600,KXINXU-25OCT10H1600-T6774.9999,KXINXU,6775.0,0,6552.51,0.08,0.12,164.0,184.0,1760103060,6740.490234375,6552.509765625,6735.10986328125,0.004622648647201143,16.43,13.92,19.38,21.37,22.78,11.33,145.34,16.43,13.92,11.33
2025-10-13,KXINXU-25OCT13H1600,KXINXU-25OCT13H1600-T6574.9999,KXINXU,6575.0,1,6654.72,0.84,0.88,0.0,500.0,1760362260,6622.52978515625,6654.72021484375,6552.509765625,0.00808798042868417,21.66,21.7,22.81,23.78,24.05,25.71,138.86,21.66,21.7,25.71
2025-10-13,KXINXU-25OCT13H1600,KXINXU-25OCT13H1600-T6649.9999,KXINXU,6650.0,1,6654.72,0.35,0.4,0.0,20171.0,1760362260,6622.52978515625,6654.72021484375,6552.509765625,0.00808798042868417,21.66,21.7,22.81,23.78,24.05,25.71,138.86,21.66,21.7,25.71
2025-10-14,KXINXU-25OCT14H1600,KXINXU-25OCT14H1600-T6524.9999,KXINXU,6525.0,1,6644.31,0.89,0.93,0.0,585.0,1760448660,6602.490234375,6644.31005859375,6654.72021484375,0.008710050112786364,19.03,18.02,20.93,22.41,23.46,14.64,142.81,19.03,18.02,14.64
2025-10-14,KXINXU-25OCT14H1600,KXINXU-25OCT14H1600-T6599.9999,KXINXU,6600.0,1,6644.31,0.47,0.52,21.0,3529.0,1760448660,6602.490234375,6644.31005859375,6654.72021484375,0.008710050112786364,19.03,18.02,20.93,22.41,23.46,14.64,142.81,19.03,18.02,14.64
2025-10-14,KXINXU-25OCT14H1600,KXINXU-25OCT14H1600-T6674.9999,KXINXU,6675.0,0,6644.31,0.0,0.03,1847.0,1848.0,1760448660,6602.490234375,6644.31005859375,6654.72021484375,0.008710050112786364,19.03,18.02,20.93,22.41,23.46,14.64,142.81,19.03,18.02,14.64
2025-10-15,KXINXU-25OCT15H1600,KXINXU-25OCT15H1600-T6599.9999,KXINXU,6600.0,1,6671.06,0.93,0.97,621.0,1131.0,1760534940,6688.27001953125,6671.06005859375,6644.31005859375,0.008453409209910275,20.81,20.38,22.03,23.18,23.85,17.69,146.48,20.81,20.38,17.69
2025-10-15,KXINXU-25OCT15H1600,KXINXU-25OCT15H1600-T6674.9999,KXINXU,6675.0,0,6671.06,0.65,0.7,418.0,16031.0,1760535060,6688.27001953125,6671.06005859375,6644.31005859375,0.008453409209910275,20.81,20.38,22.03,23.18,23.85,17.69,146.48,20.81,20.38,17.69
2025-10-15,KXINXU-25OCT15H1600,KXINXU-25OCT15H1600-T6749.9999,KXINXU,6750.0,0,6671.06,0.02,0.06,100.0,200.0,1760535060,6688.27001953125,6671.06005859375,6644.31005859375,0.008453409209910275,20.81,20.38,22.03,23.18,23.85,17.69,146.48,20.81,20.38,17.69
2025-10-16,KXINXU-25OCT16H1600,KXINXU-25OCT16H1600-T6624.9999,KXINXU,6625.0,1,6629.07,0.88,0.93,0.0,1090.0,1760621460,6689.02001953125,6629.06982421875,6671.06005859375,0.008254764672420702,20.64,19.28,21.94,23.2,23.91,17.08,144.98,20.64,19.28,17.08
2025-10-16,KXINXU-25OCT16H1600,KXINXU-25OCT16H1600-T6699.9999,KXINXU,6700.0,0,6629.07,0.48,0.53,121.0,8819.0,1760621460,6689.02001953125,6629.06982421875,6671.06005859375,0.008254764672420702,20.64,19.28,21.94,23.2,23.91,17.08,144.98,20.64,19.28,17.08
2025-10-17,KXINXU-25OCT17H1600,KXINXU-25OCT17H1600-T6499.9999,KXINXU,6500.0,1,6664.01,0.9,0.94,0.0,150.0,1760707860,6613.27001953125,6664.009765625,6629.06982421875,0.008151371221186402,25.31,25.87,24.87,25.15,25.06,23.77,147.14,25.31,25.87,23.77
2025-10-17,KXINXU-25OCT17H1600,KXINXU-25OCT17H1600-T6574.9999,KXINXU,6575.0,1,6664.01,0.71,0.76,0.0,20.0,1760707860,6613.27001953125,6664.009765625,6629.06982421875,0.008151371221186402,25.31,25.87,24.87,25.15,25.06,23.77,147.14,25.31,25.87,23.77
2025-10-17,KXINXU-25OCT17H1600,KXINXU-25OCT17H1600-T6649.9999,KXINXU,6650.0,1,6664.01,0.3,0.35,126.0,3072.0,1760707860,6613.27001953125,6664.009765625,6629.06982421875,0.008151371221186402,25.31,25.87,24.87,25.15,25.06,23.77,147.14,25.31,25.87,23.77
2025-10-17,KXINXU-25OCT17H1600,KXINXU-25OCT17H1600-T6724.9999,KXINXU,6725.0,0,6664.01,0.01,0.04,25.0,125.0,1760707860,6613.27001953125,6664.009765625,6629.06982421875,0.008151371221186402,25.31,25.87,24.87,25.15,25.06,23.77,147.14,25.31,25.87,23.77
2025-10-20,KXINXU-25OCT20H1600,KXINXU-25OCT20H1600-T6624.9999,KXINXU,6625.0,1,6735.13,0.91,0.96,0.0,1085.0,1760967060,6690.0498046875,6735.1298828125,6664.009765625,0.008007262359723199,20.78,19.8,22.09,23.38,23.86,17.89,147.63,20.78,19.8,17.89
2025-10-20,KXINXU-25OCT20H1600,KXINXU-25OCT20H1600-T6699.9999,KXINXU,6700.0,1,6735.13,0.6,0.65,4446.0,10659.0,1760967060,6690.0498046875,6735.1298828125,6664.009765625,0.008007262359723199,20.78,19.8,22.09,23.38,23.86,17.89,147.63,20.78,19.8,17.89
2025-10-20,KXINXU-25OCT20H1600,KXINXU-25OCT20H1600-T6774.9999,KXINXU,6775.0,0,6735.13,0.01,0.05,0.0,101.0,1760967060,6690.0498046875,6735.1298828125,6664.009765625,0.008007262359723199,20.78,19.8,22.09,23.38,23.86,17.89,147.63,20.78,19.8,17.89
2025-10-21,KXINXU-25OCT21H1600,KXINXU-25OCT21H1600-T6699.9999,KXINXU,6700.0,1,6735.35,0.84,0.89,18.0,2625.0,1761053460,6736.75,6735.35009765625,6735.1298828125,0.008187238164709438,18.23,17.35,20.31,22.28,23.14,10.94,151.31,18.23,17.35,10.94
2025-10-21,KXINXU-25OCT21H1600,KXINXU-25OCT21H1600-T6774.9999,KXINXU,6775.0,0,6735.35,0.05,0.1,969.0,1149.0,1761053460,6736.75,6735.35009765625,6735.1298828125,0.008187238164709438,18.23,17.35,20.31,22.28,23.14,10.94,151.31,18.23,17.35,10.94
2025-10-22,KXINXU-25OCT22H1600,KXINXU-25OCT22H1600-T6699.9999,KXINXU,6700.0,0,6699.4,0.82,0.87,640.0,2900.0,1761139860,6741.33984375,6699.39990234375,6735.35009765625,0.007937825940143703,17.87,16.88,19.99,22.1,23.14,11.68,149.95,17.87,16.88,11.68
2025-10-22,KXINXU-25OCT22H1600,KXINXU-25OCT22H1600-T6774.9999,KXINXU,6775.0,0,6699.4,0.08,0.12,8.0,314.0,1761139860,6741.33984375,6699.39990234375,6735.35009765625,0.007937825940143703,17.87,16.88,19.99,22.1,23.14,11.68,149.95,17.87,16.88,11.68
2025-10-23,KXINXU-25OCT23H1600,KXINXU-25OCT23H1600-T6649.9999,KXINXU,6650.0,1,6738.44,0.87,0.92,150.0,1780.0,1761226260,6703.64990234375,6738.43994140625,6699.39990234375,0.007806858860702596,18.6,18.35,20.31,22.37,23.36,13.07,152.85,18.6,18.35,13.07
2025-10-23,KXINXU-25OCT23H1600,KXINXU-25OCT23H1600-T6724.9999,KXINXU,6725.0,1,6738.44,0.31,0.36,2.0,42.0,1761226260,6703.64990234375,6738.43994140625,6699.39990234375,0.007806858860702596,18.6,18.35,20.31,22.37,23.36,13.07,152.85,18.6,18.35,13.07
2025-10-24,KXINXU-25OCT24H1600,KXINXU-25OCT24H1600-T6699.9999,KXINXU,6700.0,1,6791.69,0.94,0.98,0.0,80.0,1761312660,6772.06982421875,6791.68994140625,6738.43994140625,0.007701682869829519,17.3,16.62,19.65,21.9,23.02,13.8,154.34,17.3,16.62,13.8
2025-10-24,KXINXU-25OCT24H1600,KXINXU-25OCT24H1600-T6774.9999,KXINXU,6775.0,1,6791.69,0.62,0.67,7039.0,11286.0,1761312660,6772.06982421875,6791.68994140625,6738.43994140625,0.007701682869829519,17.3,16.62,19.65,21.9,23.02,13.8,154.34,17.3,16.62,13.8
2025-10-27,KXINXU-25OCT27H1600,KXINXU-25OCT27H1600-T6749.9999,KXINXU,6750.0,1,6875.16,0.96,1.0,0.0,37.0,1761571440,6845.4599609375,6875.16015625,6791.68994140625,0.007711968891411823,16.37,14.85,19.2,21.54,22.79,14.53,153.49,16.37,14.85,14.53
2025-10-27,KXINXU-25OCT27H1600,KXINXU-25OCT27H1600-T6824.9999,KXINXU,6825.0,1,6875.16,0.83,0.88,200.0,680.0,1761571860,6845.4599609375,6875.16015625,6791.68994140625,0.007711968891411823,16.37,14.85,19.2,21.54,22.79,14.53,153.49,16.37,14.85,14.53
2025-10-27,KXINXU-25OCT27H1600,KXINXU-25OCT27H1600-T6899.9999,KXINXU,6900.0,0,6875.16,0.02,0.04,0.0,50.0,1761571440,6845.4599609375,6875.16015625,6791.68994140625,0.007711968891411823,16.37,14.85,19.2,21.54,22.79,14.53,153.49,16.37,14.85,14.53
2025-10-28,KXINXU-25OCT28H1600,KXINXU-25OCT28H1600-T6824.9999,KXINXU,6825.0,1,6890.89,0.94,0.97,0.0,150.0,1761658260,6897.740234375,6890.89013671875,6875.16015625,0.008053479436297176,15.79,14.64,18.99,21.41,22.77,8.94,148.5,15.79,14.64,8.94
2025-10-28,KXINXU-25OCT28H1600,KXINXU-25OCT28H1600-T6899.9999,KXINXU,6900.0,0,6890.89,0.33,0.38,196.0,2262.0,1761658260,6897.740234375,6890.89013671875,6875.16015625,0.008053479436297176,15.79,14.64,18.99,21.41,22.77,8.94,148.5,15.79,14.64,8.94
2025-10-29,KXINXU-25OCT29H1600,KXINXU-25OCT29H1600-T6849.9999,KXINXU,6850.0,1,6890.59,0.85,0.9,0.0,60.0,1761744660,6910.9501953125,6890.58984375,6890.89013671875,0.007828178848927506,16.42,15.63,19.55,21.85,23.21,12.36,140.37,16.42,15.63,12.36
2025-10-29,KXINXU-25OCT29H1600,KXINXU-25OCT29H1600-T6924.9999,KXINXU,6925.0,0,6890.59,0.31,0.36,259.0,325.0,1761744660,6910.9501953125,6890.58984375,6890.89013671875,0.007828178848927506,16.42,15.63,19.55,21.85,23.21,12.36,140.37,16.42,15.63,12.36
2025-10-30,KXINXU-25OCT30H1600,KXINXU-25OCT30H1600-T6849.9999,KXINXU,6850.0,0,6822.34,0.58,0.63,251.0,261.0,1761831060,6860.5,6822.33984375,6890.58984375,0.007589708477401639,16.92,15.61,19.83,22.02,23.27,15.16,139.45,16.92,15.61,15.16
2025-10-30,KXINXU-25OCT30H1600,KXINXU-25OCT30H1600-T6924.9999,KXINXU,6925.0,0,6822.34,0.05,0.09,0.0,90.0,1761831060,6860.5,6822.33984375,6890.58984375,0.007589708477401639,16.92,15.61,19.83,22.02,23.27,15.16,139.45,16.92,15.61,15.16
2025-10-31,KXINXU-25OCT31H1600,KXINXU-25OCT31H1600-T6849.9999,KXINXU,6850.0,0,6840.2,0.73,0.75,128.0,1787.0,1761917460,6879.169921875,6840.2001953125,6822.33984375,0.007751942313358175,16.91,14.9,19.98,22.08,23.35,14.21,141.15,16.91,14.9,14.21
2025-10-31,KXINXU-25OCT31H1600,KXINXU-25OCT31H1600-T6924.9999,KXINXU,6925.0,0,6840.2,0.04,0.09,0.0,2000.0,1761917460,6879.169921875,6840.2001953125,6822.33984375,0.007751942313358175,16.91,14.9,19.98,22.08,23.35,14.21,141.15,16.91,14.9,14.21
2025-11-03,KXINXU-25NOV03H1600,KXINXU-25NOV03H1600-T6799.9999,KXINXU,6800.0,1,6851.97,0.93,0.97,0.0,60.0,1762180260,6882.31982421875,6851.97021484375,6840.2001953125,0.007543021530598878,17.44,14.71,20.49,22.54,23.58,13.77,142.78,17.44,14.71,13.77
2025-11-03,KXINXU-25NOV03H1600,KXINXU-25NOV03H1600-T6874.9999,KXINXU,6875.0,0,6851.97,0.53,0.58,86.0,4335.0,1762180260,6882.31982421875,6851.97021484375,6840.2001953125,0.007543021530598878,17.44,14.71,20.49,22.54,23.58,13.77,142.78,17.44,14.71,13.77
2025-11-05,KXINXU-25NOV05H1600,KXINXU-25NOV05H1600-T6649.9999,KXINXU,6650.0,1,6796.29,0.96,0.99,0.0,40.0,1762353060,6769.77001953125,6796.2900390625,6771.5498046875,0.007668390641231027,19.0,17.75,21.29,23.17,24.07,15.23,144.01,19.0,17.75,15.23
2025-11-05,KXINXU-25NOV05H1600,KXINXU-25NOV05H1600-T6724.9999,KXINXU,6725.0,1,6796.29,0.82,0.84,200.0,870.0,1762353060,6769.77001953125,6796.2900390625,6771.5498046875,0.007668390641231027,19.0,17.75,21.29,23.17,24.07,15.23,144.01,19.0,17.75,15.23
2025-11-05,KXINXU-25NOV05H1600,KXINXU-25NOV05H1600-T6799.9999,KXINXU,6800.0,0,6796.29,0.28,0.33,0.0,1562.0,1762353060,6769.77001953125,6796.2900390625,6771.5498046875,0.007668390641231027,19.0,17.75,21.29,23.17,24.07,15.23,144.01,19.0,17.75,15.23
2025-11-06,KXINXU-25NOV06H1600,KXINXU-25NOV06H1600-T6674.9999,KXINXU,6675.0,1,6720.32,0.95,0.99,0.0,30.0,1762439280,6787.58984375,6720.31982421875,6796.2900390625,0.007488253384238363,18.01,15.87,20.6,22.64,23.7,13.07,143.64,18.01,15.87,13.07
2025-11-06,KXINXU-25NOV06H1600,KXINXU-25NOV06H1600-T6749.9999,KXINXU,6750.0,0,6720.32,0.79,0.84,200.0,10210.0,1762439460,6787.58984375,6720.31982421875,6796.2900390625,0.007488253384238363,18.01,15.87,20.6,22.64,23.7,13.07,143.64,18.01,15.87,13.07
2025-11-06,KXINXU-25NOV06H1600,KXINXU-25NOV06H1600-T6824.9999,KXINXU,6825.0,0,6720.32,0.15,0.2,531.0,1411.0,1762439460,6787.58984375,6720.31982421875,6796.2900390625,0.007488253384238363,18.01,15.87,20.6,22.64,23.7,13.07,143.64,18.01,15.87,13.07
2025-11-07,KXINXU-25NOV07H1600,KXINXU-25NOV07H1600-T6599.9999,KXINXU,6600.0,1,6728.8,0.89,0.93,50.0,50.0,1762525860,6696.18017578125,6728.7998046875,6720.31982421875,0.007764743762394727,19.5,18.12,21.35,23.16,24.15,15.95,143.54,19.5,18.12,15.95
2025-11-07,KXINXU-25NOV07H1600,KXINXU-25NOV07H1600-T6674.9999,KXINXU,6675.0,1,6728.8,0.59,0.64,0.0,15.0,1762525860,6696.18017578125,6728.7998046875,6720.31982421875,0.007764743762394727,19.5,18.12,21.35,23.16,24.15,15.95,143.54,19.5,18.12,15.95
2025-11-07,KXINXU-25NOV07H1600,KXINXU-25NOV07H1600-T6749.9999,KXINXU,6750.0,0,6728.8,0.09,0.14,1214.0,1214.0,1762525860,6696.18017578125,6728.7998046875,6720.31982421875,0.007764743762394727,19.5,18.12,21.35,23.16,24.15,15.95,143.54,19.5,18.12,15.95
2025-11-10,KXINXU-25NOV10H1600,KXINXU-25NOV10H1600-T6599.9999,KXINXU,6600.0,1,6832.43,0.96,1.0,0.0,39.0,1762785060,6785.35986328125,6832.43017578125,6728.7998046875,0.007534532876137425,19.08,17.31,21.19,22.99,24.01,16.78,141.27,19.08,17.31,16.78
2025-11-10,KXINXU-25NOV10H1600,KXINXU-25NOV10H1600-T6674.9999,KXINXU,6675.0,1,6832.43,0.95,0.99,0.0,14050.0,1762785060,6785.35986328125,6832.43017578125,6728.7998046875,0.007534532876137425,19.08,17.31,21.19,22.99,24.01,16.78,141.27,19.08,17.31,16.78
2025-11-10,KXINXU-25NOV10H1600,KXINXU-25NOV10H1600-T6749.9999,KXINXU,6750.0,1,6832.43,0.82,0.85,8210.0,61229.0,1762785060,6785.35986328125,6832.43017578125,6728.7998046875,0.007534532876137425,19.08,17.31,21.19,22.99,24.01,16.78,141.27,19.08,17.31,16.78
2025-11-10,KXINXU-25NOV10H1600,KXINXU-25NOV10H1600-T6824.9999,KXINXU,6825.0,1,6832.43,0.27,0.3,4250.0,22000.0,1762785060,6785.35986328125,6832.43017578125,6728.7998046875,0.007534532876137425,19.08,17.31,21.19,22.99,24.01,16.78,141.27,19.08,17.31,16.78
2025-11-11,KXINXU-25NOV11H1600,KXINXU-25NOV11H1600-T6774.9999,KXINXU,6775.0,1,6846.61,0.88,0.91,0.0,785.0,1762871460,6815.64013671875,6846.60986328125,6832.43017578125,0.008208427913695644,17.6,16.04,20.24,22.37,23.77,11.21,142.94,17.6,16.04,11.21
2025-11-11,KXINXU-25NOV11H1600,KXINXU-25NOV11H1600-T6849.9999,KXINXU,6850.0,0,6846.61,0.21,0.26,30.0,1030.0,1762871460,6815.64013671875,6846.60986328125,6832.43017578125,0.008208427913695644,17.6,16.04,20.24,22.37,23.77,11.21,142.94,17.6,16.04,11.21
2025-11-12,KXINXU-25NOV12H1600,KXINXU-25NOV12H1600-T6874.9999,KXINXU,6875.0,0,6850.92,0.37,0.42,545.0,6768.0,1762957860,6867.77001953125,6850.919921875,6846.60986328125,0.007974552798537945,17.28,15.18,20.19,22.5,23.83,10.76,143.45,17.28,15.18,10.76
2025-11-13,KXINXU-25NOV13H1600,KXINXU-25NOV13H1600-T6724.9999,KXINXU,6725.0,1,6737.49,0.94,0.98,0.0,100.0,1763044080,6826.47021484375,6737.490234375,6850.919921875,0.007733152313473304,17.51,15.37,20.34,22.54,23.86,12.06,138.57,17.51,15.37,12.06
2025-11-13,KXINXU-25NOV13H1600,KXINXU-25NOV13H1600-T6799.9999,KXINXU,6800.0,0,6737.49,0.68,0.73,1.0,537.0,1763044260,6826.47021484375,6737.490234375,6850.919921875,0.007733152313473304,17.51,15.37,20.34,22.54,23.86,12.06,138.57,17.51,15.37,12.06
2025-11-13,KXINXU-25NOV13H1600,KXINXU-25NOV13H1600-T6874.9999,KXINXU,6875.0,0,6737.49,0.1,0.11,502.0,17766.0,1763044260,6826.47021484375,6737.490234375,6850.919921875,0.007733152313473304,17.51,15.37,20.34,22.54,23.86,12.06,138.57,17.51,15.37,12.06
2025-11-14,KXINXU-25NOV14H1600,KXINXU-25NOV14H1600-T6624.9999,KXINXU,6625.0,1,6734.11,0.72,0.77,5.0,1561.0,1763130660,6672.14013671875,6734.10986328125,6737.490234375,0.008540370300580203,20.0,19.17,21.85,23.59,24.46,17.05,142.49,20.0,19.17,17.05
2025-11-14,KXINXU-25NOV14H1600,KXINXU-25NOV14H1600-T6699.9999,KXINXU,6700.0,1,6734.11,0.32,0.37,2.0,7642.0,1763130660,6672.14013671875,6734.10986328125,6737.490234375,0.008540370300580203,20.0,19.17,21.85,23.59,24.46,17.05,142.49,20.0,19.17,17.05
2025-11-14,KXINXU-25NOV14H1600,KXINXU-25NOV14H1600-T6774.9999,KXINXU,6775.0,0,6734.11,0.02,0.07,0.0,8041.0,1763130660,6672.14013671875,6734.10986328125,6737.490234375,0.008540370300580203,20.0,19.17,21.85,23.59,24.46,17.05,142.49,20.0,19.17,17.05
2025-11-14,KXINXU-25NOV14H1600,KXINXU-25NOV14H1600-T6849.9999,KXINXU,6850.0,0,6734.11,0.0,0.03,0.0,14.0,1763130660,6672.14013671875,6734.10986328125,6737.490234375,0.008540370300580203,20.0,19.17,21.85,23.59,24.46,17.05,142.49,20.0,19.17,17.05
2025-11-17,KXINXU-25NOV17H1600,KXINXU-25NOV17H1600-T6749.9999,KXINXU,6750.0,0,6672.41,0.25,0.28,0.0,1359.0,1763389860,6713.60986328125,6672.41015625,6734.10986328125,0.008281108461753124,19.83,18.61,21.58,23.35,24.36,18.5,137.93,19.83,18.61,18.5
2025-11-17,KXINXU-25NOV17H1600,KXINXU-25NOV17H1600-T6824.9999,KXINXU,6825.0,0,6672.41,0.01,0.04,0.0,177.0,1763389860,6713.60986328125,6672.41015625,6734.10986328125,0.008281108461753124,19.83,18.61,21.58,23.35,24.36,18.5,137.93,19.83,18.61,18.5
2025-11-18,KXINXU-25NOV18H1600,KXINXU-25NOV18H1600-T6549.9999,KXINXU,6550.0,1,6617.32,0.88,0.92,0.0,60.0,1763476260,6641.18994140625,6617.31982421875,6672.41015625,0.008339398485112143,22.38,22.33,23.18,24.32,24.82,19.4,140.9,22.38,22.33,19.4
2025-11-18,KXINXU-25NOV18H1600,KXINXU-25NOV18H1600-T6624.9999,KXINXU,6625.0,0,6617.32,0.59,0.64,0.0,25.0,1763476260,6641.18994140625,6617.31982421875,6672.41015625,0.008339398485112143,22.38,22.33,23.18,24.32,24.82,19.4,140.9,22.38,22.33,19.4
2025-11-18,KXINXU-25NOV18H1600,KXINXU-25NOV18H1600-T6699.9999,KXINXU,6700.0,0,6617.32,0.15,0.2,272.0,661.0,1763476260,6641.18994140625,6617.31982421875,6672.41015625,0.008339398485112143,22.38,22.33,23.18,24.32,24.82,19.4,140.9,22.38,22.33,19.4
2025-11-21,KXINXU-25NOV21H1600,KXINXU-25NOV21H1600-T6524.9999,KXINXU,6525.0,1,6602.99,0.71,0.76,0.0,8.0,1763735460,6555.77001953125,6602.990234375,6538.759765625,0.00813445824669596,23.66,23.1,23.99,25.0,25.27,26.9,143.05,26.42,26.35,29.17
2025-11-21,KXINXU-25NOV21H1600,KXINXU-25NOV21H1600-T6599.9999,KXINXU,6600.0,1,6602.99,0.38,0.43,0.0,538.0,1763735460,6555.77001953125,6602.990234375,6538.759765625,0.00813445824669596,23.66,23.1,23.99,25.0,25.27,26.9,143.05,26.42,26.35,29.17
2025-11-21,KXINXU-25NOV21H1600,KXINXU-25NOV21H1600-T6674.9999,KXINXU,6675.0,0,6602.99,0.08,0.13,10.0,12.0,1763735460,6555.77001953125,6602.990234375,6538.759765625,0.00813445824669596,23.66,23.1,23.99,25.0,25.27,26.9,143.05,26.42,26.35,29.17
2025-11-24,KXINXU-25NOV24H1600,KXINXU-25NOV24H1600-T6624.9999,KXINXU,6625.0,1,6705.12,0.66,0.71,102.0,102.0,1763994660,6636.5400390625,6705.1201171875,6602.990234375,0.008018617135944999,23.43,21.51,23.96,25.16,25.58,23.32,148.34,23.43,21.51,23.32
2025-11-25,KXINXU-25NOV25H1600,KXINXU-25NOV25H1600-T6649.9999,KXINXU,6650.0,1,6765.88,0.82,0.87,100.0,100.0,1764081060,6697.02978515625,6765.8798828125,6705.1201171875,0.008635712779433343,20.52,18.55,21.85,23.75,24.66,14.29,148.6,20.52,18.55,14.29
2025-11-25,KXINXU-25NOV25H1600,KXINXU-25NOV25H1600-T6724.9999,KXINXU,6725.0,1,6765.88,0.28,0.33,0.0,360.0,1764081060,6697.02978515625,6765.8798828125,6705.1201171875,0.008635712779433343,20.52,18.55,21.85,23.75,24.66,14.29,148.6,20.52,18.55,14.29
2025-11-26,KXINXU-25NOV26H1600,KXINXU-25NOV26H1600-T6799.9999,KXINXU,6800.0,1,6812.61,0.46,0.51,205.0,2220.0,1764167460,6793.5498046875,6812.60986328125,6765.8798828125,0.008659308507006693,18.56,15.39,20.73,22.98,24.13,11.74,151.68,18.56,15.39,11.74
2025-12-01,KXINXU-25DEC01H1600,KXINXU-25DEC01H1600-T6774.9999,KXINXU,6775.0,1,6812.63,0.76,0.81,0.0,13918.0,1764599460,6812.2998046875,6812.6298828125,6849.08984375,0.0085631258752697,17.19,13.33,20.02,22.45,23.87,14.72,145.04,16.35,13.61,11.08
2025-12-01,KXINXU-25DEC01H1600,KXINXU-25DEC01H1600-T6849.9999,KXINXU,6850.0,0,6812.63,0.14,0.19,0.0,2246.0,1764599460,6812.2998046875,6812.6298828125,6849.08984375,0.0085631258752697,17.19,13.33,20.02,22.45,23.87,14.72,145.04,16.35,13.61,11.08
2025-12-02,KXINXU-25DEC02H1600,KXINXU-25DEC02H1600-T6774.9999,KXINXU,6775.0,1,6829.37,0.9,0.94,0.0,35.0,1764685860,6830.9599609375,6829.3701171875,6812.6298828125,0.008302258595555827,17.24,16.55,20.22,22.45,23.94,11.74,144.86,17.24,16.55,11.74
2025-12-02,KXINXU-25DEC02H1600,KXINXU-25DEC02H1600-T6849.9999,KXINXU,6850.0,0,6829.37,0.29,0.34,80.0,277.0,1764685860,6830.9599609375,6829.3701171875,6812.6298828125,0.008302258595555827,17.24,16.55,20.22,22.45,23.94,11.74,144.86,17.24,16.55,11.74
2025-12-02,KXINXU-25DEC02H1600,KXINXU-25DEC02H1600-T6924.9999,KXINXU,6925.0,0,6829.37,0.0,0.04,0.0,100.0,1764685860,6830.9599609375,6829.3701171875,6812.6298828125,0.008302258595555827,17.24,16.55,20.22,22.45,23.94,11.74,144.86,17.24,16.55,11.74
2025-12-03,KXINXU-25DEC03H1600,KXINXU-25DEC03H1600-T6849.9999,KXINXU,6850.0,0,6849.72,0.23,0.28,171.0,1080.0,1764772260,6815.2900390625,6849.72021484375,6829.3701171875,0.008071755069470514,16.59,15.42,19.84,22.2,23.67,10.48,144.94,16.59,15.42,10.48
2025-12-04,KXINXU-25DEC04H1600,KXINXU-25DEC04H1600-T6799.9999,KXINXU,6800.0,1,6857.12,0.92,0.96,0.0,500.0,1764858660,6866.47021484375,6857.1201171875,6849.72021484375,0.00785971992179852,16.08,14.46,19.71,22.1,23.65,9.84,149.23,16.08,14.46,9.84
2025-12-04,KXINXU-25DEC04H1600,KXINXU-25DEC04H1600-T6874.9999,KXINXU,6875.0,0,6857.12,0.37,0.42,371.0,679.0,1764858660,6866.47021484375,6857.1201171875,6849.72021484375,0.00785971992179852,16.08,14.46,19.71,22.1,23.65,9.84,149.23,16.08,14.46,9.84
2025-12-05,KXINXU-25DEC05H1600,KXINXU-25DEC05H1600-T6799.9999,KXINXU,6800.0,1,6870.4,0.91,0.92,0.0,40.0,1764945060,6866.31982421875,6870.39990234375,6857.1201171875,0.007624869664787611,15.78,14.3,19.49,21.93,23.55,10.34,148.91,15.78,14.3,10.34
2025-12-05,KXINXU-25DEC05H1600,KXINXU-25DEC05H1600-T6874.9999,KXINXU,6875.0,0,6870.4,0.51,0.55,3.0,498.0,1764945060,6866.31982421875,6870.39990234375,6857.1201171875,0.007624869664787611,15.78,14.3,19.49,21.93,23.55,10.34,148.91,15.78,14.3,10.34
2025-12-08,KXINXU-25DEC08H1600,KXINXU-25DEC08H1600-T6899.9999,KXINXU,6900.0,0,6846.51,0.19,0.24,100.0,1041.0,1765204260,6875.2001953125,6846.509765625,6870.39990234375,0.00740776121826933,15.41,13.9,19.27,21.71,23.36,9.92,148.83,15.41,13.9,9.92
2025-12-09,KXINXU-25DEC09H1600,KXINXU-25DEC09H1600-T6799.9999,KXINXU,6800.0,1,6840.51,0.86,0.91,0.0,1000.0,1765290660,6840.60986328125,6840.509765625,6846.509765625,0.007232595071280241,16.66,16.29,19.91,22.16,23.6,9.39,150.63,16.66,16.29,9.39
2025-12-09,KXINXU-25DEC09H1600,KXINXU-25DEC09H1600-T6874.9999,KXINXU,6875.0,0,6840.51,0.18,0.23,20.0,267.0,1765290660,6840.60986328125,6840.509765625,6846.509765625,0.007232595071280241,16.66,16.29,19.91,22.16,23.6,9.39,150.63,16.66,16.29,9.39
2025-12-10,KXINXU-25DEC10H1600,KXINXU-25DEC10H1600-T6799.9999,KXINXU,6800.0,1,6886.68,0.73,0.78,13.0,226.0,1765377060,6833.490234375,6886.68017578125,6840.509765625,0.0070155488942965,16.93,16.3,20.08,22.25,23.69,13.7,150.32,16.93,16.3,13.7
2025-12-10,KXINXU-25DEC10H1600,KXINXU-25DEC10H1600-T6874.9999,KXINXU,6875.0,1,6886.68,0.25,0.3,0.0,605.0,1765377060,6833.490234375,6886.68017578125,6840.509765625,0.0070155488942965,16.93,16.3,20.08,22.25,23.69,13.7,150.32,16.93,16.3,13.7
2025-12-11,KXINXU-25DEC11H1600,KXINXU-25DEC11H1600-T6749.9999,KXINXU,6750.0,1,6901.0,0.95,1.0,0.0,20.0,1765463460,6861.2998046875,6901.0,6886.68017578125,0.006998561127347872,15.77,14.68,19.35,21.68,23.33,11.69,147.55,15.77,14.68,11.69
2025-12-11,KXINXU-25DEC11H1600,KXINXU-25DEC11H1600-T6824.9999,KXINXU,6825.0,1,6901.0,0.78,0.83,0.0,485.0,1765463460,6861.2998046875,6901.0,6886.68017578125,0.006998561127347872,15.77,14.68,19.35,21.68,23.33,11.69,147.55,15.77,14.68,11.69
2025-12-11,KXINXU-25DEC11H1600,KXINXU-25DEC11H1600-T6899.9999,KXINXU,6900.0,1,6901.0,0.1,0.15,53.0,543.0,1765463460,6861.2998046875,6901.0,6886.68017578125,0.006998561127347872,15.77,14.68,19.35,21.68,23.33,11.69,147.55,15.77,14.68,11.69
2025-12-12,KXINXU-25DEC12H1600,KXINXU-25DEC12H1600-T6849.9999,KXINXU,6850.0,0,6827.41,0.87,0.91,0.0,76.0,1765549860,6886.85009765625,6827.41015625,6901.0,0.0068044071260248105,14.85,12.46,19.05,21.4,23.15,10.7,148.32,14.85,12.46,10.7
2025-12-12,KXINXU-25DEC12H1600,KXINXU-25DEC12H1600-T6924.9999,KXINXU,6925.0,0,6827.41,0.08,0.17,75.0,1096.0,1765549860,6886.85009765625,6827.41015625,6901.0,0.0068044071260248105,14.85,12.46,19.05,21.4,23.15,10.7,148.32,14.85,12.46,10.7
2025-12-15,KXINXU-25DEC15H1600,KXINXU-25DEC15H1600-T6849.9999,KXINXU,6850.0,0,6816.51,0.7,0.73,72.0,3332.0,1765809060,6860.18994140625,6816.509765625,6827.41015625,0.007100582196013054,15.74,13.48,19.25,21.62,23.29,12.42,153.59,15.74,13.48,12.42
2025-12-16,KXINXU-25DEC16H1600,KXINXU-25DEC16H1600-T6699.9999,KXINXU,6700.0,1,6800.26,0.94,0.99,0.0,100.0,1765895460,6800.1201171875,6800.259765625,6816.509765625,0.0068953858367629085,16.5,14.2,19.68,21.95,23.41,12.89,161.86,16.5,14.2,12.89
2025-12-16,KXINXU-25DEC16H1600,KXINXU-25DEC16H1600-T6774.9999,KXINXU,6775.0,1,6800.26,0.77,0.82,25.0,291.0,1765895460,6800.1201171875,6800.259765625,6816.509765625,0.0068953858367629085,16.5,14.2,19.68,21.95,23.41,12.89,161.86,16.5,14.2,12.89
2025-12-16,KXINXU-25DEC16H1600,KXINXU-25DEC16H1600-T6849.9999,KXINXU,6850.0,0,6800.26,0.17,0.2,130.0,714.0,1765895460,6800.1201171875,6800.259765625,6816.509765625,0.0068953858367629085,16.5,14.2,19.68,21.95,23.41,12.89,161.86,16.5,14.2,12.89
2025-12-17,KXINXU-25DEC17H1600,KXINXU-25DEC17H1600-T6674.9999,KXINXU,6675.0,1,6721.43,0.96,1.0,0.0,150.0,1765981860,6802.8798828125,6721.43017578125,6800.259765625,0.006710839262711271,16.48,13.88,19.67,21.97,23.36,11.95,156.99,16.48,13.88,11.95
2025-12-17,KXINXU-25DEC17H1600,KXINXU-25DEC17H1600-T6749.9999,KXINXU,6750.0,0,6721.43,0.86,0.9,600.0,501.0,1765981860,6802.8798828125,6721.43017578125,6800.259765625,0.006710839262711271,16.48,13.88,19.67,21.97,23.36,11.95,156.99,16.48,13.88,11.95
2025-12-17,KXINXU-25DEC17H1600,KXINXU-25DEC17H1600-T6824.9999,KXINXU,6825.0,0,6721.43,0.33,0.36,4.0,2853.0,1765981860,6802.8798828125,6721.43017578125,6800.259765625,0.006710839262711271,16.48,13.88,19.67,21.97,23.36,11.95,156.99,16.48,13.88,11.95
2025-12-17,KXINXU-25DEC17H1600,KXINXU-25DEC17H1600-T6899.9999,KXINXU,6900.0,0,6721.43,0.0,0.04,241.0,256.0,1765981860,6802.8798828125,6721.43017578125,6800.259765625,0.006710839262711271,16.48,13.88,19.67,21.97,23.36,11.95,156.99,16.48,13.88,11.95
2025-12-18,KXINXU-25DEC18H1600,KXINXU-25DEC18H1600-T6674.9999,KXINXU,6675.0,1,6774.76,0.94,0.99,0.0,1.0,1766068260,6778.06005859375,6774.759765625,6721.43017578125,0.0071056640774125246,17.62,15.75,20.08,22.14,23.53,16.93,153.49,17.62,15.75,16.93
2025-12-18,KXINXU-25DEC18H1600,KXINXU-25DEC18H1600-T6749.9999,KXINXU,6750.0,1,6774.76,0.79,0.84,400.0,2130.0,1766068260,6778.06005859375,6774.759765625,6721.43017578125,0.0071056640774125246,17.62,15.75,20.08,22.14,23.53,16.93,153.49,17.62,15.75,16.93
2025-12-18,KXINXU-25DEC18H1600,KXINXU-25DEC18H1600-T6824.9999,KXINXU,6825.0,0,6774.76,0.19,0.24,0.0,2000.0,1766068260,6778.06005859375,6774.759765625,6721.43017578125,0.0071056640774125246,17.62,15.75,20.08,22.14,23.53,16.93,153.49,17.62,15.75,16.93
2025-12-19,KXINXU-25DEC19H1600,KXINXU-25DEC19H1600-T6724.9999,KXINXU,6725.0,1,6834.5,0.89,0.94,0.0,2.0,1766154660,6792.6201171875,6834.5,6774.759765625,0.007156010790713564,16.87,13.92,19.59,21.71,23.23,15.78,155.38,16.87,13.92,15.78
2025-12-19,KXINXU-25DEC19H1600,KXINXU-25DEC19H1600-T6799.9999,KXINXU,6800.0,1,6834.5,0.54,0.59,0.0,590.0,1766154660,6792.6201171875,6834.5,6774.759765625,0.007156010790713564,16.87,13.92,19.59,21.71,23.23,15.78,155.38,16.87,13.92,15.78
2025-12-19,KXINXU-25DEC19H1600,KXINXU-25DEC19H1600-T6874.9999,KXINXU,6875.0,0,6834.5,0.03,0.06,0.0,400.0,1766154660,6792.6201171875,6834.5,6774.759765625,0.007156010790713564,16.87,13.92,19.59,21.71,23.23,15.78,155.38,16.87,13.92,15.78
2025-12-23,KXINXU-25DEC23H1600,KXINXU-25DEC23H1600-T6899.9999,KXINXU,6900.0,1,6909.79,0.23,0.28,307.0,3406.0,1766500260,6872.41015625,6909.7900390625,6878.490234375,0.007215591747787702,14.08,10.5,17.79,20.42,22.3,7.68,159.93,14.08,10.5,7.68
2025-12-26,KXINXU-25DEC26H1600,KXINXU-25DEC26H1600-T6849.9999,KXINXU,6850.0,1,6929.94,0.96,1.0,0.0,9.0,1766759460,6936.02001953125,6929.93994140625,6932.0498046875,0.007083616761624635,14.0,10.06,17.84,20.58,22.36,7.58,160.53,13.47,9.17,7.39
2025-12-26,KXINXU-25DEC26H1600,KXINXU-25DEC26H1600-T6924.9999,KXINXU,6925.0,1,6929.94,0.67,0.7,1758.0,2905.0,1766759460,6936.02001953125,6929.93994140625,6932.0498046875,0.007083616761624635,14.0,10.06,17.84,20.58,22.36,7.58,160.53,13.47,9.17,7.39
2025-12-29,KXINXU-25DEC29H1600,KXINXU-25DEC29H1600-T6874.9999,KXINXU,6875.0,1,6905.74,0.82,0.83,5.0,724.0,1767018660,6903.60009765625,6905.740234375,6929.93994140625,0.006904760787552384,13.6,9.65,17.77,20.64,22.42,7.72,151.45,13.6,9.65,7.72
2025-12-29,KXINXU-25DEC29H1600,KXINXU-25DEC29H1600-T6949.9999,KXINXU,6950.0,0,6905.74,0.05,0.07,0.0,229.0,1767018660,6903.60009765625,6905.740234375,6929.93994140625,0.006904760787552384,13.6,9.65,17.77,20.64,22.42,7.72,151.45,13.6,9.65,7.72
2025-12-30,KXINXU-25DEC30H1600,KXINXU-25DEC30H1600-T6849.9999,KXINXU,6850.0,1,6896.24,0.91,0.95,0.0,2.0,1767105060,6900.43994140625,6896.240234375,6905.740234375,0.006749031387409691,14.2,11.37,17.82,20.6,22.43,8.83,150.47,14.2,11.37,8.83
2025-12-30,KXINXU-25DEC30H1600,KXINXU-25DEC30H1600-T6924.9999,KXINXU,6925.0,0,6896.24,0.24,0.29,5.0,238.0,1767105060,6900.43994140625,6896.240234375,6905.740234375,0.006749031387409691,14.2,11.37,17.82,20.6,22.43,8.83,150.47,14.2,11.37,8.83
2025-12-31,KXINXU-25DEC31H1600,KXINXU-25DEC31H1600-T6849.9999,KXINXU,6850.0,0,6845.5,0.92,0.95,411.0,2526.0,1767191460,6898.81982421875,6845.5,6896.240234375,0.006552111354637994,14.33,11.46,17.77,20.69,22.43,10.12,148.33,14.33,11.46,10.12
2025-12-31,KXINXU-25DEC31H1600,KXINXU-25DEC31H1600-T6924.9999,KXINXU,6925.0,0,6845.5,0.19,0.23,63.0,1062.0,1767191460,6898.81982421875,6845.5,6896.240234375,0.006552111354637994,14.33,11.46,17.77,20.69,22.43,10.12,148.33,14.33,11.46,10.12
2026-01-02,KXINXU-26JAN02H1600,KXINXU-26JAN02H1600-T6799.9999,KXINXU,6800.0,1,6858.47,0.96,1.0,0.0,30.0,1767364260,6878.10986328125,6858.47021484375,6845.5,0.006605035905651429,14.95,12.0,18.18,20.94,22.54,10.72,148.7,14.95,12.0,10.72
2026-01-02,KXINXU-26JAN02H1600,KXINXU-26JAN02H1600-T6874.9999,KXINXU,6875.0,0,6858.47,0.66,0.71,334.0,345.0,1767364260,6878.10986328125,6858.47021484375,6845.5,0.006605035905651429,14.95,12.0,18.18,20.94,22.54,10.72,148.7,14.95,12.0,10.72
2026-01-05,KXINXU-26JAN05H1600,KXINXU-26JAN05H1600-T6874.9999,KXINXU,6875.0,1,6902.05,0.78,0.8,1.0,2464.0,1767623460,6892.18994140625,6902.0498046875,6858.47021484375,0.006420583279670707,14.51,11.72,18.02,20.87,22.42,9.89,141.86,14.51,11.72,9.89
2026-01-05,KXINXU-26JAN05H1600,KXINXU-26JAN05H1600-T6949.9999,KXINXU,6950.0,0,6902.05,0.0,0.04,7.0,77.0,1767623460,6892.18994140625,6902.0498046875,6858.47021484375,0.006420583279670707,14.51,11.72,18.02,20.87,22.42,9.89,141.86,14.51,11.72,9.89
2026-01-06,KXINXU-26JAN06H1600,KXINXU-26JAN06H1600-T6774.9999,KXINXU,6775.0,1,6944.82,0.97,1.0,0.0,10.0,1767709320,6908.02978515625,6944.81982421875,6902.0498046875,0.0064154262197614826,14.9,12.44,18.32,20.96,22.5,8.34,142.45,14.9,12.44,8.34
2026-01-06,KXINXU-26JAN06H1600,KXINXU-26JAN06H1600-T6849.9999,KXINXU,6850.0,1,6944.82,0.93,0.97,1.0,458.0,1767709860,6908.02978515625,6944.81982421875,6902.0498046875,0.0064154262197614826,14.9,12.44,18.32,20.96,22.5,8.34,142.45,14.9,12.44,8.34
2026-01-06,KXINXU-26JAN06H1600,KXINXU-26JAN06H1600-T6924.9999,KXINXU,6925.0,1,6944.82,0.27,0.32,111.0,22975.0,1767709860,6908.02978515625,6944.81982421875,6902.0498046875,0.0064154262197614826,14.9,12.44,18.32,20.96,22.5,8.34,142.45,14.9,12.44,8.34
2026-01-06,KXINXU-26JAN06H1600,KXINXU-26JAN06H1600-T6999.9999,KXINXU,7000.0,0,6944.82,0.0,0.03,13.0,14.0,1767709320,6908.02978515625,6944.81982421875,6902.0498046875,0.0064154262197614826,14.9,12.44,18.32,20.96,22.5,8.34,142.45,14.9,12.44,8.34
2026-01-08,KXINXU-26JAN08H1600,KXINXU-26JAN08H1600-T6874.9999,KXINXU,6875.0,1,6921.46,0.84,0.89,0.0,371.0,1767882660,6914.10986328125,6921.4599609375,6920.93017578125,0.006263526515404354,15.38,12.54,18.59,21.1,22.61,9.21,143.57,15.38,12.54,9.21
2026-01-08,KXINXU-26JAN08H1600,KXINXU-26JAN08H1600-T6949.9999,KXINXU,6950.0,0,6921.46,0.1,0.13,0.0,2168.0,1767882660,6914.10986328125,6921.4599609375,6920.93017578125,0.006263526515404354,15.38,12.54,18.59,21.1,22.61,9.21,143.57,15.38,12.54,9.21
2026-01-09,KXINXU-26JAN09H1600,KXINXU-26JAN09H1600-T6799.9999,KXINXU,6800.0,1,6966.28,0.95,1.0,0.0,10.0,1767969060,6927.830078125,6966.27978515625,6921.4599609375,0.006072743233585978,15.45,12.83,18.39,20.91,22.44,13.64,147.08,15.45,12.83,13.64
2026-01-09,KXINXU-26JAN09H1600,KXINXU-26JAN09H1600-T6874.9999,KXINXU,6875.0,1,6966.28,0.86,0.91,0.0,50.0,1767969060,6927.830078125,6966.27978515625,6921.4599609375,0.006072743233585978,15.45,12.83,18.39,20.91,22.44,13.64,147.08,15.45,12.83,13.64
2026-01-09,KXINXU-26JAN09H1600,KXINXU-26JAN09H1600-T6949.9999,KXINXU,6950.0,1,6966.28,0.37,0.42,28.0,2068.0,1767969060,6927.830078125,6966.27978515625,6921.4599609375,0.006072743233585978,15.45,12.83,18.39,20.91,22.44,13.64,147.08,15.45,12.83,13.64
2026-01-12,KXINXU-26JAN12H1600,KXINXU-26JAN12H1600-T6849.9999,KXINXU,6850.0,1,6977.27,0.95,0.99,0.0,1.0,1768228260,6944.1201171875,6977.27001953125,6966.27978515625,0.0060963314847010735,14.49,10.86,17.88,20.57,22.29,8.49,146.04,14.49,10.86,8.49
2026-01-12,KXINXU-26JAN12H1600,KXINXU-26JAN12H1600-T6924.9999,KXINXU,6925.0,1,6977.27,0.69,0.74,970.0,2114.0,1768228260,6944.1201171875,6977.27001953125,6966.27978515625,0.0060963314847010735,14.49,10.86,17.88,20.57,22.29,8.49,146.04,14.49,10.86,8.49
2026-01-12,KXINXU-26JAN12H1600,KXINXU-26JAN12H1600-T6999.9999,KXINXU,7000.0,0,6977.27,0.02,0.05,24.0,1338.0,1768228260,6944.1201171875,6977.27001953125,6966.27978515625,0.0060963314847010735,14.49,10.86,17.88,20.57,22.29,8.49,146.04,14.49,10.86,8.49
2026-01-12,KXINXU-26JAN12H1600,KXINXU-26JAN12H1600-T7074.9999,KXINXU,7075.0,0,6977.27,0.0,0.03,0.0,30.0,1768228020,6944.1201171875,6977.27001953125,6966.27978515625,0.0060963314847010735,14.49,10.86,17.88,20.57,22.29,8.49,146.04,14.49,10.86,8.49
2026-01-13,KXINXU-26JAN13H1600,KXINXU-26JAN13H1600-T6924.9999,KXINXU,6925.0,1,6963.74,0.94,0.98,0.0,36.0,1768314660,6977.41015625,6963.740234375,6977.27001953125,0.005923211636496898,15.12,11.94,18.23,20.7,22.37,9.57,149.75,15.12,11.94,9.57
2026-01-13,KXINXU-26JAN13H1600,KXINXU-26JAN13H1600-T6999.9999,KXINXU,7000.0,0,6963.74,0.26,0.31,1424.0,1986.0,1768314660,6977.41015625,6963.740234375,6977.27001953125,0.005923211636496898,15.12,11.94,18.23,20.7,22.37,9.57,149.75,15.12,11.94,9.57
2026-01-14,KXINXU-26JAN14H1600,KXINXU-26JAN14H1600-T6899.9999,KXINXU,6900.0,1,6926.6,0.84,0.87,0.0,437.0,1768401060,6937.41015625,6926.60009765625,6963.740234375,0.005762415055706726,15.98,12.51,18.85,21.21,22.67,10.77,151.6,15.98,12.51,10.77
2026-01-14,KXINXU-26JAN14H1600,KXINXU-26JAN14H1600-T6974.9999,KXINXU,6975.0,0,6926.6,0.1,0.15,819.0,3759.0,1768401060,6937.41015625,6926.60009765625,6963.740234375,0.005762415055706726,15.98,12.51,18.85,21.21,22.67,10.77,151.6,15.98,12.51,10.77
2026-01-15,KXINXU-26JAN15H1600,KXINXU-26JAN15H1600-T6874.9999,KXINXU,6875.0,1,6944.47,0.95,0.99,6.0,170.0,1768487460,6969.4599609375,6944.47021484375,6926.60009765625,0.0057383726076554,16.75,13.18,19.37,21.53,22.92,11.8,152.52,16.75,13.18,11.8
2026-01-15,KXINXU-26JAN15H1600,KXINXU-26JAN15H1600-T6949.9999,KXINXU,6950.0,0,6944.47,0.74,0.75,1075.0,2624.0,1768487460,6969.4599609375,6944.47021484375,6926.60009765625,0.0057383726076554,16.75,13.18,19.37,21.53,22.92,11.8,152.52,16.75,13.18,11.8
2026-01-15,KXINXU-26JAN15H1600,KXINXU-26JAN15H1600-T7024.9999,KXINXU,7025.0,0,6944.47,0.02,0.04,275.0,277.0,1768487460,6969.4599609375,6944.47021484375,6926.60009765625,0.0057383726076554,16.75,13.18,19.37,21.53,22.92,11.8,152.52,16.75,13.18,11.8
2026-01-16,KXINXU-26JAN16H1600,KXINXU-26JAN16H1600-T6899.9999,KXINXU,6900.0,1,6940.01,0.92,0.96,9.0,8331.0,1768573860,6960.5400390625,6940.009765625,6944.47021484375,0.005599242183781156,15.84,12.32,18.9,21.28,22.71,10.62,151.57,15.84,12.32,10.62
2026-01-16,KXINXU-26JAN16H1600,KXINXU-26JAN16H1600-T6974.9999,KXINXU,6975.0,0,6940.01,0.36,0.41,35.0,744.0,1768573860,6960.5400390625,6940.009765625,6944.47021484375,0.005599242183781156,15.84,12.32,18.9,21.28,22.71,10.62,151.57,15.84,12.32,10.62
2026-01-20,KXINXU-26JAN20H1600,KXINXU-26JAN20H1600-T6824.9999,KXINXU,6825.0,0,6796.86,0.65,0.7,100.0,436.0,1768919460,6865.240234375,6796.85986328125,6940.009765625,0.005430947090990878,15.86,12.09,18.99,21.32,22.62,12.31,153.59,15.86,12.09,12.31
2026-01-20,KXINXU-26JAN20H1600,KXINXU-26JAN20H1600-T6899.9999,KXINXU,6900.0,0,6796.86,0.17,0.22,10.0,1507.0,1768919460,6865.240234375,6796.85986328125,6940.009765625,0.005430947090990878,15.86,12.09,18.99,21.32,22.62,12.31,153.59,15.86,12.09,12.31
2026-01-20,KXINXU-26JAN20H1600,KXINXU-26JAN20H1600-T6974.9999,KXINXU,6975.0,0,6796.86,0.02,0.04,2.0,96.0,1768919280,6865.240234375,6796.85986328125,6940.009765625,0.005430947090990878,15.86,12.09,18.99,21.32,22.62,12.31,153.59,15.86,12.09,12.31
2026-01-22,KXINXU-26JAN22H1600,KXINXU-26JAN22H1600-T6899.9999,KXINXU,6900.0,1,6913.35,0.74,0.79,230.0,2255.0,1769092260,6914.43994140625,6913.35009765625,6875.6201171875,0.007650275662800649,16.9,15.88,19.36,21.62,22.79,12.23,144.41,16.9,15.88,12.23
2026-01-22,KXINXU-26JAN22H1600,KXINXU-26JAN22H1600-T6974.9999,KXINXU,6975.0,0,6913.35,0.03,0.07,100.0,671.0,1769092260,6914.43994140625,6913.35009765625,6875.6201171875,0.007650275662800649,16.9,15.88,19.36,21.62,22.79,12.23,144.41,16.9,15.88,12.23
2026-01-23,KXINXU-26JAN23H1600,KXINXU-26JAN23H1600-T6799.9999,KXINXU,6800.0,1,6915.61,0.95,0.99,0.0,29.0,1769178660,6907.85009765625,6915.60986328125,6913.35009765625,0.007537374371097034,15.64,14.38,18.75,21.27,22.63,10.95,141.31,15.64,14.38,10.95
2026-01-23,KXINXU-26JAN23H1600,KXINXU-26JAN23H1600-T6874.9999,KXINXU,6875.0,1,6915.61,0.79,0.84,300.0,763.0,1769178660,6907.85009765625,6915.60986328125,6913.35009765625,0.007537374371097034,15.64,14.38,18.75,21.27,22.63,10.95,141.31,15.64,14.38,10.95
2026-01-23,KXINXU-26JAN23H1600,KXINXU-26JAN23H1600-T6949.9999,KXINXU,6950.0,0,6915.61,0.07,0.12,70.0,1056.0,1769178660,6907.85009765625,6915.60986328125,6913.35009765625,0.007537374371097034,15.64,14.38,18.75,21.27,22.63,10.95,141.31,15.64,14.38,10.95
2026-01-23,KXINXU-26JAN23H1600,KXINXU-26JAN23H1600-T7024.9999,KXINXU,7025.0,0,6915.61,0.0,0.02,0.0,19.0,1769178660,6907.85009765625,6915.60986328125,6913.35009765625,0.007537374371097034,15.64,14.38,18.75,21.27,22.63,10.95,141.31,15.64,14.38,10.95
2026-01-26,KXINXU-26JAN26H1600,KXINXU-26JAN26H1600-T6874.9999,KXINXU,6875.0,1,6950.23,0.88,0.92,0.0,1747.0,1769437860,6923.22998046875,6950.22998046875,6915.60986328125,0.007308194136274551,16.09,15.0,19.15,21.53,22.82,13.66,144.02,16.09,15.0,13.66
2026-01-26,KXINXU-26JAN26H1600,KXINXU-26JAN26H1600-T6949.9999,KXINXU,6950.0,1,6950.23,0.22,0.27,110.0,1942.0,1769437860,6923.22998046875,6950.22998046875,6915.60986328125,0.007308194136274551,16.09,15.0,19.15,21.53,22.82,13.66,144.02,16.09,15.0,13.66
2026-01-27,KXINXU-26JAN27H1600,KXINXU-26JAN27H1600-T6899.9999,KXINXU,6900.0,1,6978.6,0.94,0.96,0.0,1030.0,1769523660,6965.9599609375,6978.60009765625,6950.22998046875,0.007190359399708226,16.15,15.05,19.07,21.6,22.85,8.98,148.1,16.15,15.05,8.98
2026-01-27,KXINXU-26JAN27H1600,KXINXU-26JAN27H1600-T6974.9999,KXINXU,6975.0,1,6978.6,0.37,0.42,230.0,5443.0,1769524260,6965.9599609375,6978.60009765625,6950.22998046875,0.007190359399708226,16.15,15.05,19.07,21.6,22.85,8.98,148.1,16.15,15.05,8.98
2026-01-28,KXINXU-26JAN28H1600,KXINXU-26JAN28H1600-T6849.9999,KXINXU,6850.0,1,6978.03,0.97,1.0,0.0,125.0,1769610420,7002.0,6978.02978515625,6978.60009765625,0.007042359764920602,16.35,14.85,19.22,21.75,22.97,10.61,147.25,16.35,14.85,10.61
2026-01-28,KXINXU-26JAN28H1600,KXINXU-26JAN28H1600-T6924.9999,KXINXU,6925.0,1,6978.03,0.91,0.95,500.0,1320.0,1769610660,7002.0,6978.02978515625,6978.60009765625,0.007042359764920602,16.35,14.85,19.22,21.75,22.97,10.61,147.25,16.35,14.85,10.61
2026-01-28,KXINXU-26JAN28H1600,KXINXU-26JAN28H1600-T6999.9999,KXINXU,7000.0,0,6978.03,0.51,0.56,1930.0,3727.0,1769610660,7002.0,6978.02978515625,6978.60009765625,0.007042359764920602,16.35,14.85,19.22,21.75,22.97,10.61,147.25,16.35,14.85,10.61
2026-01-29,KXINXU-26JAN29H1600,KXINXU-26JAN29H1600-T6924.9999,KXINXU,6925.0,1,6969.01,0.9,0.94,0.0,424.0,1769697060,6977.740234375,6969.009765625,6978.02978515625,0.006827850431005162,16.35,14.54,19.3,21.72,23.02,13.24,144.98,16.35,14.54,13.24
2026-01-29,KXINXU-26JAN29H1600,KXINXU-26JAN29H1600-T6999.9999,KXINXU,7000.0,0,6969.01,0.42,0.47,10.0,2643.0,1769697060,6977.740234375,6969.009765625,6978.02978515625,0.006827850431005162,16.35,14.54,19.3,21.72,23.02,13.24,144.98,16.35,14.54,13.24
2026-01-29,KXINXU-26JAN29H1600,KXINXU-26JAN29H1600-T7074.9999,KXINXU,7075.0,0,6969.01,0.01,0.04,0.0,672.0,1769697000,6977.740234375,6969.009765625,6978.02978515625,0.006827850431005162,16.35,14.54,19.3,21.72,23.02,13.24,144.98,16.35,14.54,13.24
2026-01-30,KXINXU-26JAN30H1600,KXINXU-26JAN30H1600-T6849.9999,KXINXU,6850.0,1,6939.03,0.92,0.94,26.0,2243.0,1769783460,6947.27001953125,6939.02978515625,6969.009765625,0.006627424240078344,16.88,15.22,19.67,21.97,23.18,13.72,143.74,16.88,15.22,13.72
2026-01-30,KXINXU-26JAN30H1600,KXINXU-26JAN30H1600-T6924.9999,KXINXU,6925.0,1,6939.03,0.71,0.76,0.0,1041.0,1769783460,6947.27001953125,6939.02978515625,6969.009765625,0.006627424240078344,16.88,15.22,19.67,21.97,23.18,13.72,143.74,16.88,15.22,13.72
2026-01-30,KXINXU-26JAN30H1600,KXINXU-26JAN30H1600-T6999.9999,KXINXU,7000.0,0,6939.03,0.14,0.19,128.0,1512.0,1769783460,6947.27001953125,6939.02978515625,6969.009765625,0.006627424240078344,16.88,15.22,19.67,21.97,23.18,13.72,143.74,16.88,15.22,13.72
2026-02-03,KXINXU-26FEB03H1600,KXINXU-26FEB03H1600-T6924.9999,KXINXU,6925.0,0,6917.81,0.92,0.97,0.0,1408.0,1770129060,6985.4501953125,6917.81005859375,6976.43994140625,0.006449262373781961,16.34,14.45,19.37,21.68,23.12,9.48,146.56,16.34,14.45,9.48
2026-02-03,KXINXU-26FEB03H1600,KXINXU-26FEB03H1600-T6999.9999,KXINXU,7000.0,0,6917.81,0.37,0.42,81.0,1924.0,1770129060,6985.4501953125,6917.81005859375,6976.43994140625,0.006449262373781961,16.34,14.45,19.37,21.68,23.12,9.48,146.56,16.34,14.45,9.48
2026-02-04,KXINXU-26FEB04H1600,KXINXU-26FEB04H1600-T6874.9999,KXINXU,6875.0,1,6882.72,0.81,0.85,432.0,490.0,1770215460,6924.5,6882.72021484375,6917.81005859375,0.006585660808842445,18.0,17.07,20.35,22.24,23.43,14.46,143.85,18.0,17.07,14.46
2026-02-04,KXINXU-26FEB04H1600,KXINXU-26FEB04H1600-T6949.9999,KXINXU,6950.0,0,6882.72,0.28,0.33,304.0,2019.0,1770215460,6924.5,6882.72021484375,6917.81005859375,0.006585660808842445,18.0,17.07,20.35,22.24,23.43,14.46,143.85,18.0,17.07,14.46
2026-02-04,KXINXU-26FEB04H1600,KXINXU-26FEB04H1600-T7024.9999,KXINXU,7025.0,0,6882.72,0.0,0.04,0.0,432.0,1770215280,6924.5,6882.72021484375,6917.81005859375,0.006585660808842445,18.0,17.07,20.35,22.24,23.43,14.46,143.85,18.0,17.07,14.46
2026-02-05,KXINXU-26FEB05H1600,KXINXU-26FEB05H1600-T6749.9999,KXINXU,6750.0,1,6798.4,0.79,0.84,0.0,8.0,1770301860,6837.39013671875,6798.39990234375,6882.72021484375,0.006505405685397133,18.64,18.67,20.62,22.37,23.47,17.5,143.16,18.64,18.67,17.5
2026-02-05,KXINXU-26FEB05H1600,KXINXU-26FEB05H1600-T6824.9999,KXINXU,6825.0,0,6798.4,0.51,0.56,46.0,49.0,1770301860,6837.39013671875,6798.39990234375,6882.72021484375,0.006505405685397133,18.64,18.67,20.62,22.37,23.47,17.5,143.16,18.64,18.67,17.5
2026-02-05,KXINXU-26FEB05H1600,KXINXU-26FEB05H1600-T6899.9999,KXINXU,6900.0,0,6798.4,0.12,0.17,85.0,1837.0,1770301860,6837.39013671875,6798.39990234375,6882.72021484375,0.006505405685397133,18.64,18.67,20.62,22.37,23.47,17.5,143.16,18.64,18.67,17.5
2026-02-06,KXINXU-26FEB06H1600,KXINXU-26FEB06H1600-T6674.9999,KXINXU,6675.0,1,6932.3,0.94,0.98,0.0,10.0,1770388260,6816.740234375,6932.2998046875,6798.39990234375,0.006992698816425435,21.77,22.29,22.45,23.66,24.38,22.15,137.16,21.77,22.29,22.15
2026-02-06,KXINXU-26FEB06H1600,KXINXU-26FEB06H1600-T6749.9999,KXINXU,6750.0,1,6932.3,0.85,0.9,0.0,286.0,1770388260,6816.740234375,6932.2998046875,6798.39990234375,0.006992698816425435,21.77,22.29,22.45,23.66,24.38,22.15,137.16,21.77,22.29,22.15
2026-02-06,KXINXU-26FEB06H1600,KXINXU-26FEB06H1600-T6824.9999,KXINXU,6825.0,1,6932.3,0.59,0.64,62.0,728.0,1770388260,6816.740234375,6932.2998046875,6798.39990234375,0.006992698816425435,21.77,22.29,22.45,23.66,24.38,22.15,137.16,21.77,22.29,22.15
2026-02-06,KXINXU-26FEB06H1600,KXINXU-26FEB06H1600-T6899.9999,KXINXU,6900.0,1,6932.3,0.15,0.2,149.0,996.0,1770388260,6816.740234375,6932.2998046875,6798.39990234375,0.006992698816425435,21.77,22.29,22.45,23.66,24.38,22.15,137.16,21.77,22.29,22.15
2026-02-09,KXINXU-26FEB09H1600,KXINXU-26FEB09H1600-T6874.9999,KXINXU,6875.0,1,6964.82,0.75,0.8,0.0,1250.0,1770647460,6917.259765625,6964.81982421875,6932.2998046875,0.008293923414619809,17.76,15.43,20.37,22.23,23.53,14.98,140.31,17.76,15.43,14.98
2026-02-09,KXINXU-26FEB09H1600,KXINXU-26FEB09H1600-T6949.9999,KXINXU,6950.0,1,6964.82,0.18,0.23,250.0,2531.0,1770647460,6917.259765625,6964.81982421875,6932.2998046875,0.008293923414619809,17.76,15.43,20.37,22.23,23.53,14.98,140.31,17.76,15.43,14.98
2026-02-10,KXINXU-26FEB10H1600,KXINXU-26FEB10H1600-T6999.9999,KXINXU,7000.0,0,6941.81,0.21,0.24,769.0,9196.0,1770733860,6974.490234375,6941.81005859375,6964.81982421875,0.008122562662941004,17.36,14.75,20.09,21.94,23.4,10.64,145.23,17.36,14.75,10.64
2026-02-11,KXINXU-26FEB11H1600,KXINXU-26FEB11H1600-T6899.9999,KXINXU,6900.0,1,6941.47,0.92,0.97,279.0,11791.0,1770820020,6976.47998046875,6941.47021484375,6941.81005859375,0.007916723904384184,17.79,14.94,20.43,22.33,23.7,13.64,145.71,17.79,14.94,13.64
2026-02-12,KXINXU-26FEB12H1600,KXINXU-26FEB12H1600-T6899.9999,KXINXU,6900.0,0,6832.76,0.9,0.92,79.0,5367.0,1770906660,6957.5400390625,6832.759765625,6941.47021484375,0.00767555797819833,17.65,14.18,20.37,22.26,23.66,12.15,143.78,17.65,14.18,12.15
2026-02-12,KXINXU-26FEB12H1600,KXINXU-26FEB12H1600-T6974.9999,KXINXU,6975.0,0,6832.76,0.4,0.45,2628.0,5640.0,1770906660,6957.5400390625,6832.759765625,6941.47021484375,0.00767555797819833,17.65,14.18,20.37,22.26,23.66,12.15,143.78,17.65,14.18,12.15
2026-02-13,KXINXU-26FEB13H1600,KXINXU-26FEB13H1600-T6699.9999,KXINXU,6700.0,1,6836.17,0.92,0.97,0.0,31.0,1770993060,6834.27001953125,6836.169921875,6832.759765625,0.008386243362403862,20.82,19.8,22.17,23.44,24.34,21.51,142.5,20.82,19.8,21.51
2026-02-13,KXINXU-26FEB13H1600,KXINXU-26FEB13H1600-T6774.9999,KXINXU,6775.0,1,6836.17,0.79,0.83,0.0,4.0,1770993060,6834.27001953125,6836.169921875,6832.759765625,0.008386243362403862,20.82,19.8,22.17,23.44,24.34,21.51,142.5,20.82,19.8,21.51
2026-02-13,KXINXU-26FEB13H1600,KXINXU-26FEB13H1600-T6849.9999,KXINXU,6850.0,0,6836.17,0.43,0.48,297.0,5922.0,1770993060,6834.27001953125,6836.169921875,6832.759765625,0.008386243362403862,20.82,19.8,22.17,23.44,24.34,21.51,142.5,20.82,19.8,21.51
2026-02-13,KXINXU-26FEB13H1600,KXINXU-26FEB13H1600-T6924.9999,KXINXU,6925.0,0,6836.17,0.07,0.11,0.0,8324.0,1770993060,6834.27001953125,6836.169921875,6832.759765625,0.008386243362403862,20.82,19.8,22.17,23.44,24.34,21.51,142.5,20.82,19.8,21.51
2026-02-17,KXINXU-26FEB17H1600,KXINXU-26FEB17H1600-T6774.9999,KXINXU,6775.0,1,6843.22,0.78,0.83,0.0,1065.0,1771338660,6819.85986328125,6843.22021484375,6836.169921875,0.008131683075655632,20.6,18.77,22.17,23.56,24.39,22.43,139.35,20.6,18.77,22.43
2026-02-17,KXINXU-26FEB17H1600,KXINXU-26FEB17H1600-T6849.9999,KXINXU,6850.0,0,6843.22,0.34,0.38,29.0,491.0,1771338660,6819.85986328125,6843.22021484375,6836.169921875,0.008131683075655632,20.6,18.77,22.17,23.56,24.39,22.43,139.35,20.6,18.77,22.43
2026-02-17,KXINXU-26FEB17H1600,KXINXU-26FEB17H1600-T6924.9999,KXINXU,6925.0,0,6843.22,0.02,0.06,0.0,75.0,1771338540,6819.85986328125,6843.22021484375,6836.169921875,0.008131683075655632,20.6,18.77,22.17,23.56,24.39,22.43,139.35,20.6,18.77,22.43
2026-02-18,KXINXU-26FEB18H1600,KXINXU-26FEB18H1600-T6724.9999,KXINXU,6725.0,1,6881.31,0.96,0.97,0.0,101.0,1771425060,6855.47998046875,6881.31005859375,6843.22021484375,0.007888001009563272,20.29,20.31,21.6,23.18,24.07,16.16,140.28,20.29,20.31,16.16
2026-02-18,KXINXU-26FEB18H1600,KXINXU-26FEB18H1600-T6799.9999,KXINXU,6800.0,1,6881.31,0.76,0.81,74.0,85.0,1771425060,6855.47998046875,6881.31005859375,6843.22021484375,0.007888001009563272,20.29,20.31,21.6,23.18,24.07,16.16,140.28,20.29,20.31,16.16
2026-02-18,KXINXU-26FEB18H1600,KXINXU-26FEB18H1600-T6949.9999,KXINXU,6950.0,0,6881.31,0.01,0.05,0.0,294.0,1771425060,6855.47998046875,6881.31005859375,6843.22021484375,0.007888001009563272,20.29,20.31,21.6,23.18,24.07,16.16,140.28,20.29,20.31,16.16
2026-02-19,KXINXU-26FEB19H1600,KXINXU-26FEB19H1600-T6824.9999,KXINXU,6825.0,1,6861.89,0.71,0.74,0.0,211.0,1771511460,6861.33984375,6861.89013671875,6881.31005859375,0.007767619694505426,19.62,19.08,21.39,23.09,24.05,14.58,139.17,19.62,19.08,14.58
2026-02-19,KXINXU-26FEB19H1600,KXINXU-26FEB19H1600-T6899.9999,KXINXU,6900.0,0,6861.89,0.23,0.25,12.0,1839.0,1771511460,6861.33984375,6861.89013671875,6881.31005859375,0.007767619694505426,19.62,19.08,21.39,23.09,24.05,14.58,139.17,19.62,19.08,14.58
2026-02-20,KXINXU-26FEB20H1600,KXINXU-26FEB20H1600-T6724.9999,KXINXU,6725.0,1,6909.51,0.92,0.95,3.0,8.0,1771597860,6843.259765625,6909.509765625,6861.89013671875,0.007562736299585836,20.23,19.87,21.88,23.56,24.47,16.62,141.19,20.23,19.87,16.62
2026-02-20,KXINXU-26FEB20H1600,KXINXU-26FEB20H1600-T6799.9999,KXINXU,6800.0,1,6909.51,0.72,0.75,180.0,196.0,1771597860,6843.259765625,6909.509765625,6861.89013671875,0.007562736299585836,20.23,19.87,21.88,23.56,24.47,16.62,141.19,20.23,19.87,16.62
2026-02-20,KXINXU-26FEB20H1600,KXINXU-26FEB20H1600-T6874.9999,KXINXU,6875.0,1,6909.51,0.3,0.34,837.0,905.0,1771597860,6843.259765625,6909.509765625,6861.89013671875,0.007562736299585836,20.23,19.87,21.88,23.56,24.47,16.62,141.19,20.23,19.87,16.62
2026-02-20,KXINXU-26FEB20H1600,KXINXU-26FEB20H1600-T6949.9999,KXINXU,6950.0,0,6909.51,0.01,0.05,0.0,21.0,1771597860,6843.259765625,6909.509765625,6861.89013671875,0.007562736299585836,20.23,19.87,21.88,23.56,24.47,16.62,141.19,20.23,19.87,16.62
2026-02-23,KXINXU-26FEB23H1600,KXINXU-26FEB23H1600-T6774.9999,KXINXU,6775.0,1,6837.75,0.95,0.97,0.0,210.0,1771857060,6901.25,6837.75,6909.509765625,0.007525489141472066,19.09,18.02,21.09,23.07,24.18,17.78,145.52,19.09,18.02,17.78
2026-02-23,KXINXU-26FEB23H1600,KXINXU-26FEB23H1600-T6849.9999,KXINXU,6850.0,0,6837.75,0.86,0.88,84.0,1290.0,1771857060,6901.25,6837.75,6909.509765625,0.007525489141472066,19.09,18.02,21.09,23.07,24.18,17.78,145.52,19.09,18.02,17.78
2026-02-23,KXINXU-26FEB23H1600,KXINXU-26FEB23H1600-T6924.9999,KXINXU,6925.0,0,6837.75,0.39,0.43,44.0,1392.0,1771857060,6901.25,6837.75,6909.509765625,0.007525489141472066,19.09,18.02,21.09,23.07,24.18,17.78,145.52,19.09,18.02,17.78
2026-02-23,KXINXU-26FEB23H1600,KXINXU-26FEB23H1600-T6999.9999,KXINXU,7000.0,0,6837.75,0.0,0.03,0.0,344.0,1771857060,6901.25,6837.75,6909.509765625,0.007525489141472066,19.09,18.02,21.09,23.07,24.18,17.78,145.52,19.09,18.02,17.78
2026-02-24,KXINXU-26FEB24H1600,KXINXU-26FEB24H1600-T6724.9999,KXINXU,6725.0,1,6890.07,0.93,0.96,0.0,46.0,1771943460,6837.3701171875,6890.06982421875,6837.75,0.007731404486309656,21.01,21.11,22.14,23.91,24.71,15.07,141.43,21.01,21.11,15.07
2026-02-24,KXINXU-26FEB24H1600,KXINXU-26FEB24H1600-T6799.9999,KXINXU,6800.0,1,6890.07,0.75,0.77,6841.0,14984.0,1771943460,6837.3701171875,6890.06982421875,6837.75,0.007731404486309656,21.01,21.11,22.14,23.91,24.71,15.07,141.43,21.01,21.11,15.07
2026-02-24,KXINXU-26FEB24H1600,KXINXU-26FEB24H1600-T6874.9999,KXINXU,6875.0,1,6890.07,0.25,0.3,2.0,1655.0,1771943460,6837.3701171875,6890.06982421875,6837.75,0.007731404486309656,21.01,21.11,22.14,23.91,24.71,15.07,141.43,21.01,21.11,15.07
2026-02-24,KXINXU-26FEB24H1600,KXINXU-26FEB24H1600-T6949.9999,KXINXU,6950.0,0,6890.07,0.02,0.03,0.0,40.0,1771943460,6837.3701171875,6890.06982421875,6837.75,0.007731404486309656,21.01,21.11,22.14,23.91,24.71,15.07,141.43,21.01,21.11,15.07
2026-02-25,KXINXU-26FEB25H1600,KXINXU-26FEB25H1600-T6849.9999,KXINXU,6850.0,1,6946.13,0.92,0.97,0.0,682.0,1772029860,6915.14990234375,6946.1298828125,6890.06982421875,0.0077249143701429435,19.55,18.6,21.34,23.31,24.41,12.71,141.94,19.55,18.6,12.71
2026-02-25,KXINXU-26FEB25H1600,KXINXU-26FEB25H1600-T6924.9999,KXINXU,6925.0,1,6946.13,0.57,0.6,20.0,539.0,1772029860,6915.14990234375,6946.1298828125,6890.06982421875,0.0077249143701429435,19.55,18.6,21.34,23.31,24.41,12.71,141.94,19.55,18.6,12.71
2026-02-26,KXINXU-26FEB26H1600,KXINXU-26FEB26H1600-T6899.9999,KXINXU,6900.0,1,6908.86,0.82,0.85,2.0,530.0,1772116260,6944.740234375,6908.85986328125,6946.1298828125,0.007748146489840037,17.93,16.28,20.36,22.79,23.68,16.09,146.05,17.93,16.28,16.09
2026-02-26,KXINXU-26FEB26H1600,KXINXU-26FEB26H1600-T6974.9999,KXINXU,6975.0,0,6908.86,0.17,0.22,45.0,308.0,1772116260,6944.740234375,6908.85986328125,6946.1298828125,0.007748146489840037,17.93,16.28,20.36,22.79,23.68,16.09,146.05,17.93,16.28,16.09
2026-02-26,KXINXU-26FEB26H1600,KXINXU-26FEB26H1600-T7049.9999,KXINXU,7050.0,0,6908.86,0.0,0.02,0.0,10.0,1772116260,6944.740234375,6908.85986328125,6946.1298828125,0.007748146489840037,17.93,16.28,20.36,22.79,23.68,16.09,146.05,17.93,16.28,16.09
2026-02-27,KXINXU-26FEB27H1600,KXINXU-26FEB27H1600-T6774.9999,KXINXU,6775.0,1,6878.88,0.85,0.88,0.0,56.0,1772202660,6856.5400390625,6878.8798828125,6908.85986328125,0.0076268228726549415,18.63,16.65,20.81,23.09,24.12,13.68,146.57,18.63,16.65,13.68
2026-02-27,KXINXU-26FEB27H1600,KXINXU-26FEB27H1600-T6849.9999,KXINXU,6850.0,1,6878.88,0.55,0.58,156.0,3053.0,1772202660,6856.5400390625,6878.8798828125,6908.85986328125,0.0076268228726549415,18.63,16.65,20.81,23.09,24.12,13.68,146.57,18.63,16.65,13.68
2026-02-27,KXINXU-26FEB27H1600,KXINXU-26FEB27H1600-T6924.9999,KXINXU,6925.0,0,6878.88,0.08,0.11,153.0,391.0,1772202660,6856.5400390625,6878.8798828125,6908.85986328125,0.0076268228726549415,18.63,16.65,20.81,23.09,24.12,13.68,146.57,18.63,16.65,13.68
2026-02-27,KXINXU-26FEB27H1600,KXINXU-26FEB27H1600-T6999.9999,KXINXU,7000.0,0,6878.88,0.0,0.03,0.0,32.0,1772202660,6856.5400390625,6878.8798828125,6908.85986328125,0.0076268228726549415,18.63,16.65,20.81,23.09,24.12,13.68,146.57,18.63,16.65,13.68
2026-03-02,KXINXU-26MAR02H1600,KXINXU-26MAR02H1600-T6749.9999,KXINXU,6750.0,1,6881.62,0.76,0.81,0.0,42.0,1772461860,6824.35986328125,6881.6201171875,6878.8798828125,0.007470812812782894,19.86,18.59,21.56,23.59,24.4,19.05,146.67,19.86,18.59,19.05
2026-03-02,KXINXU-26MAR02H1600,KXINXU-26MAR02H1600-T6824.9999,KXINXU,6825.0,1,6881.62,0.43,0.47,0.0,4265.0,1772461860,6824.35986328125,6881.6201171875,6878.8798828125,0.007470812812782894,19.86,18.59,21.56,23.59,24.4,19.05,146.67,19.86,18.59,19.05
2026-03-02,KXINXU-26MAR02H1600,KXINXU-26MAR02H1600-T6899.9999,KXINXU,6900.0,0,6881.62,0.04,0.09,122.0,2881.0,1772461860,6824.35986328125,6881.6201171875,6878.8798828125,0.007470812812782894,19.86,18.59,21.56,23.59,24.4,19.05,146.67,19.86,18.59,19.05
2026-03-03,KXINXU-26MAR03H1600,KXINXU-26MAR03H1600-T6749.9999,KXINXU,6750.0,1,6816.63,0.64,0.69,81.0,514.0,1772548260,6800.259765625,6816.6298828125,6881.6201171875,0.007243878602579517,21.44,21.18,22.44,24.15,24.75,16.34,151.78,21.44,21.18,16.34
2026-03-03,KXINXU-26MAR03H1600,KXINXU-26MAR03H1600-T6824.9999,KXINXU,6825.0,0,6816.63,0.26,0.3,0.0,1833.0,1772548260,6800.259765625,6816.6298828125,6881.6201171875,0.007243878602579517,21.44,21.18,22.44,24.15,24.75,16.34,151.78,21.44,21.18,16.34
2026-03-03,KXINXU-26MAR03H1600,KXINXU-26MAR03H1600-T6899.9999,KXINXU,6900.0,0,6816.63,0.03,0.06,200.0,923.0,1772547960,6800.259765625,6816.6298828125,6881.6201171875,0.007243878602579517,21.44,21.18,22.44,24.15,24.75,16.34,151.78,21.44,21.18,16.34
2026-03-04,KXINXU-26MAR04H1600,KXINXU-26MAR04H1600-T6699.9999,KXINXU,6700.0,1,6869.5,0.95,0.98,0.0,140.0,1772634660,6831.68994140625,6869.5,6816.6298828125,0.007397815552264389,23.57,24.55,23.54,24.75,24.99,20.3,152.83,23.57,24.55,20.3
2026-03-04,KXINXU-26MAR04H1600,KXINXU-26MAR04H1600-T6774.9999,KXINXU,6775.0,1,6869.5,0.83,0.88,250.0,1074.0,1772634660,6831.68994140625,6869.5,6816.6298828125,0.007397815552264389,23.57,24.55,23.54,24.75,24.99,20.3,152.83,23.57,24.55,20.3
2026-03-04,KXINXU-26MAR04H1600,KXINXU-26MAR04H1600-T6849.9999,KXINXU,6850.0,1,6869.5,0.48,0.53,262.0,1288.0,1772634660,6831.68994140625,6869.5,6816.6298828125,0.007397815552264389,23.57,24.55,23.54,24.75,24.99,20.3,152.83,23.57,24.55,20.3
2026-03-04,KXINXU-26MAR04H1600,KXINXU-26MAR04H1600-T6924.9999,KXINXU,6925.0,0,6869.5,0.04,0.07,0.0,380.0,1772634660,6831.68994140625,6869.5,6816.6298828125,0.007397815552264389,23.57,24.55,23.54,24.75,24.99,20.3,152.83,23.57,24.55,20.3
2026-03-05,KXINXU-26MAR05H1600,KXINXU-26MAR05H1600-T6749.9999,KXINXU,6750.0,1,6830.71,0.89,0.93,13.0,163.0,1772721060,6851.080078125,6830.7099609375,6869.5,0.007417922866073533,21.15,20.6,22.29,23.9,24.13,17.83,152.87,21.15,20.6,17.83
2026-03-05,KXINXU-26MAR05H1600,KXINXU-26MAR05H1600-T6824.9999,KXINXU,6825.0,1,6830.71,0.59,0.63,24.0,572.0,1772721060,6851.080078125,6830.7099609375,6869.5,0.007417922866073533,21.15,20.6,22.29,23.9,24.13,17.83,152.87,21.15,20.6,17.83
2026-03-05,KXINXU-26MAR05H1600,KXINXU-26MAR05H1600-T6899.9999,KXINXU,6900.0,0,6830.71,0.13,0.17,5.0,363.0,1772721060,6851.080078125,6830.7099609375,6869.5,0.007417922866073533,21.15,20.6,22.29,23.9,24.13,17.83,152.87,21.15,20.6,17.83
2026-03-06,KXINXU-26MAR06H1600,KXINXU-26MAR06H1600-T6924.9999,KXINXU,6925.0,0,6740.02,0.0,0.03,0.0,74.0,1772807460,6769.02978515625,6740.02001953125,6830.7099609375,0.0073244806328754955,23.75,23.55,23.86,24.92,25.08,21.88,153.95,23.75,23.55,21.88
2026-03-09,KXINXU-26MAR09H1600,KXINXU-26MAR09H1600-T6624.9999,KXINXU,6625.0,1,6795.99,0.75,0.76,183.0,1610.0,1773063060,6699.7998046875,6795.990234375,6740.02001953125,0.007819699375902909,29.49,30.44,27.56,27.99,26.22,32.65,151.8,29.49,30.44,32.65
2026-03-09,KXINXU-26MAR09H1600,KXINXU-26MAR09H1600-T6699.9999,KXINXU,6700.0,1,6795.99,0.45,0.48,55.0,3149.0,1773063060,6699.7998046875,6795.990234375,6740.02001953125,0.007819699375902909,29.49,30.44,27.56,27.99,26.22,32.65,151.8,29.49,30.44,32.65
2026-03-09,KXINXU-26MAR09H1600,KXINXU-26MAR09H1600-T6774.9999,KXINXU,6775.0,1,6795.99,0.11,0.15,3.0,841.0,1773063060,6699.7998046875,6795.990234375,6740.02001953125,0.007819699375902909,29.49,30.44,27.56,27.99,26.22,32.65,151.8,29.49,30.44,32.65
2026-03-09,KXINXU-26MAR09H1600,KXINXU-26MAR09H1600-T6849.9999,KXINXU,6850.0,0,6795.99,0.0,0.03,0.0,13893.0,1773063060,6699.7998046875,6795.990234375,6740.02001953125,0.007819699375902909,29.49,30.44,27.56,27.99,26.22,32.65,151.8,29.49,30.44,32.65
2026-03-10,KXINXU-26MAR10H1600,KXINXU-26MAR10H1600-T6674.9999,KXINXU,6675.0,1,6781.48,0.92,0.96,0.0,335.0,1773149460,6796.56005859375,6781.47998046875,6795.990234375,0.007847435996720666,25.5,27.85,25.34,26.14,25.6,22.68,157.98,25.5,27.85,22.68
2026-03-10,KXINXU-26MAR10H1600,KXINXU-26MAR10H1600-T6749.9999,KXINXU,6750.0,1,6781.48,0.77,0.78,100.0,577.0,1773149460,6796.56005859375,6781.47998046875,6795.990234375,0.007847435996720666,25.5,27.85,25.34,26.14,25.6,22.68,157.98,25.5,27.85,22.68
2026-03-10,KXINXU-26MAR10H1600,KXINXU-26MAR10H1600-T6824.9999,KXINXU,6825.0,0,6781.48,0.34,0.39,16.0,1877.0,1773149460,6796.56005859375,6781.47998046875,6795.990234375,0.007847435996720666,25.5,27.85,25.34,26.14,25.6,22.68,157.98,25.5,27.85,22.68
2026-03-10,KXINXU-26MAR10H1600,KXINXU-26MAR10H1600-T6899.9999,KXINXU,6900.0,0,6781.48,0.02,0.04,0.0,526.0,1773149460,6796.56005859375,6781.47998046875,6795.990234375,0.007847435996720666,25.5,27.85,25.34,26.14,25.6,22.68,157.98,25.5,27.85,22.68
2026-03-11,KXINXU-26MAR11H1600,KXINXU-26MAR11H1600-T6649.9999,KXINXU,6650.0,1,6775.8,0.94,0.98,0.0,826.0,1773235860,6790.08984375,6775.7998046875,6781.47998046875,0.007626363248849309,24.93,25.54,25.51,26.39,25.77,21.29,154.46,24.93,25.54,21.29
2026-03-11,KXINXU-26MAR11H1600,KXINXU-26MAR11H1600-T6724.9999,KXINXU,6725.0,1,6775.8,0.84,0.88,30.0,162.0,1773235860,6790.08984375,6775.7998046875,6781.47998046875,0.007626363248849309,24.93,25.54,25.51,26.39,25.77,21.29,154.46,24.93,25.54,21.29
2026-03-11,KXINXU-26MAR11H1600,KXINXU-26MAR11H1600-T6799.9999,KXINXU,6800.0,0,6775.8,0.48,0.53,84.0,1647.0,1773235860,6790.08984375,6775.7998046875,6781.47998046875,0.007626363248849309,24.93,25.54,25.51,26.39,25.77,21.29,154.46,24.93,25.54,21.29
2026-03-11,KXINXU-26MAR11H1600,KXINXU-26MAR11H1600-T6874.9999,KXINXU,6875.0,0,6775.8,0.04,0.08,5.0,80.0,1773235860,6790.08984375,6775.7998046875,6781.47998046875,0.007626363248849309,24.93,25.54,25.51,26.39,25.77,21.29,154.46,24.93,25.54,21.29
2026-03-12,KXINXU-26MAR12H1600,KXINXU-26MAR12H1600-T6649.9999,KXINXU,6650.0,1,6672.62,0.81,0.86,0.0,108.0,1773322260,6740.8798828125,6672.6201171875,6775.7998046875,0.007396881683675073,24.23,24.44,24.97,25.85,25.43,18.99,152.44,24.23,24.44,18.99
2026-03-12,KXINXU-26MAR12H1600,KXINXU-26MAR12H1600-T6724.9999,KXINXU,6725.0,0,6672.62,0.46,0.52,18.0,928.0,1773322260,6740.8798828125,6672.6201171875,6775.7998046875,0.007396881683675073,24.23,24.44,24.97,25.85,25.43,18.99,152.44,24.23,24.44,18.99
2026-03-12,KXINXU-26MAR12H1600,KXINXU-26MAR12H1600-T6799.9999,KXINXU,6800.0,0,6672.62,0.09,0.12,1187.0,1945.0,1773322260,6740.8798828125,6672.6201171875,6775.7998046875,0.007396881683675073,24.23,24.44,24.97,25.85,25.43,18.99,152.44,24.23,24.44,18.99
2026-03-13,KXINXU-26MAR13H1600,KXINXU-26MAR13H1600-T6624.9999,KXINXU,6625.0,1,6632.19,0.87,0.92,0.0,1947.0,1773408660,6673.490234375,6632.18994140625,6672.6201171875,0.008096845116649399,27.29,28.98,26.95,27.26,26.24,24.21,139.94,27.29,28.98,24.21
2026-03-13,KXINXU-26MAR13H1600,KXINXU-26MAR13H1600-T6699.9999,KXINXU,6700.0,0,6632.19,0.6,0.62,1001.0,2192.0,1773408660,6673.490234375,6632.18994140625,6672.6201171875,0.008096845116649399,27.29,28.98,26.95,27.26,26.24,24.21,139.94,27.29,28.98,24.21
2026-03-13,KXINXU-26MAR13H1600,KXINXU-26MAR13H1600-T6774.9999,KXINXU,6775.0,0,6632.19,0.12,0.15,970.0,1023.0,1773408660,6673.490234375,6632.18994140625,6672.6201171875,0.008096845116649399,27.29,28.98,26.95,27.26,26.24,24.21,139.94,27.29,28.98,24.21
2026-03-16,KXINXU-26MAR16H1600,KXINXU-26MAR16H1600-T6499.9999,KXINXU,6500.0,1,6699.38,0.96,0.98,20.0,1697.0,1773667860,6674.3701171875,6699.3798828125,6632.18994140625,0.007990090221919106,27.19,28.0,27.28,27.43,26.75,30.24,137.76,27.19,28.0,30.24
2026-03-16,KXINXU-26MAR16H1600,KXINXU-26MAR16H1600-T6574.9999,KXINXU,6575.0,1,6699.38,0.93,0.96,0.0,710.0,1773667860,6674.3701171875,6699.3798828125,6632.18994140625,0.007990090221919106,27.19,28.0,27.28,27.43,26.75,30.24,137.76,27.19,28.0,30.24
2026-03-16,KXINXU-26MAR16H1600,KXINXU-26MAR16H1600-T6649.9999,KXINXU,6650.0,1,6699.38,0.77,0.79,18.0,4489.0,1773667860,6674.3701171875,6699.3798828125,6632.18994140625,0.007990090221919106,27.19,28.0,27.28,27.43,26.75,30.24,137.76,27.19,28.0,30.24
2026-03-16,KXINXU-26MAR16H1600,KXINXU-26MAR16H1600-T6724.9999,KXINXU,6725.0,0,6699.38,0.29,0.34,166.0,1226.0,1773667860,6674.3701171875,6699.3798828125,6632.18994140625,0.007990090221919106,27.19,28.0,27.28,27.43,26.75,30.24,137.76,27.19,28.0,30.24
2026-03-17,KXINXU-26MAR17H1600,KXINXU-26MAR17H1600-T6574.9999,KXINXU,6575.0,1,6716.09,0.97,1.0,0.0,14.0,1773754260,6722.35009765625,6716.08984375,6699.3798828125,0.008130641706006598,23.51,24.33,24.92,25.63,25.63,17.42,141.49,23.51,24.33,17.42
2026-03-17,KXINXU-26MAR17H1600,KXINXU-26MAR17H1600-T6649.9999,KXINXU,6650.0,1,6716.09,0.91,0.96,173.0,1086.0,1773754260,6722.35009765625,6716.08984375,6699.3798828125,0.008130641706006598,23.51,24.33,24.92,25.63,25.63,17.42,141.49,23.51,24.33,17.42
2026-03-17,KXINXU-26MAR17H1600,KXINXU-26MAR17H1600-T6724.9999,KXINXU,6725.0,0,6716.09,0.63,0.65,434.0,2284.0,1773754260,6722.35009765625,6716.08984375,6699.3798828125,0.008130641706006598,23.51,24.33,24.92,25.63,25.63,17.42,141.49,23.51,24.33,17.42
2026-03-17,KXINXU-26MAR17H1600,KXINXU-26MAR17H1600-T6799.9999,KXINXU,6800.0,0,6716.09,0.04,0.07,161.0,288.0,1773754260,6722.35009765625,6716.08984375,6699.3798828125,0.008130641706006598,23.51,24.33,24.92,25.63,25.63,17.42,141.49,23.51,24.33,17.42
2026-03-18,KXINXU-26MAR18H1600,KXINXU-26MAR18H1600-T6599.9999,KXINXU,6600.0,1,6624.7,0.9,0.92,48.0,174.0,1773840660,6697.16015625,6624.7001953125,6716.08984375,0.007906531838900499,22.37,22.36,24.33,25.28,25.43,17.55,145.04,22.37,22.36,17.55
2026-03-18,KXINXU-26MAR18H1600,KXINXU-26MAR18H1600-T6674.9999,KXINXU,6675.0,0,6624.7,0.64,0.65,147.0,800.0,1773840660,6697.16015625,6624.7001953125,6716.08984375,0.007906531838900499,22.37,22.36,24.33,25.28,25.43,17.55,145.04,22.37,22.36,17.55
2026-03-18,KXINXU-26MAR18H1600,KXINXU-26MAR18H1600-T6749.9999,KXINXU,6750.0,0,6624.7,0.15,0.16,126.0,1263.0,1773840660,6697.16015625,6624.7001953125,6716.08984375,0.007906531838900499,22.37,22.36,24.33,25.28,25.43,17.55,145.04,22.37,22.36,17.55
2026-03-18,KXINXU-26MAR18H1600,KXINXU-26MAR18H1600-T6824.9999,KXINXU,6825.0,0,6624.7,0.02,0.03,0.0,43.0,1773840660,6697.16015625,6624.7001953125,6716.08984375,0.007906531838900499,22.37,22.36,24.33,25.28,25.43,17.55,145.04,22.37,22.36,17.55
2026-03-19,KXINXU-26MAR19H1600,KXINXU-26MAR19H1600-T6499.9999,KXINXU,6500.0,1,6606.49,0.79,0.82,165.0,1478.0,1773927060,6583.1201171875,6606.490234375,6624.7001953125,0.008368128867705375,25.09,26.03,26.56,27.2,26.48,22.13,136.54,25.09,26.03,22.13
2026-03-19,KXINXU-26MAR19H1600,KXINXU-26MAR19H1600-T6574.9999,KXINXU,6575.0,1,6606.49,0.47,0.52,254.0,898.0,1773927060,6583.1201171875,6606.490234375,6624.7001953125,0.008368128867705375,25.09,26.03,26.56,27.2,26.48,22.13,136.54,25.09,26.03,22.13
2026-03-19,KXINXU-26MAR19H1600,KXINXU-26MAR19H1600-T6649.9999,KXINXU,6650.0,0,6606.49,0.11,0.16,257.0,613.0,1773927060,6583.1201171875,6606.490234375,6624.7001953125,0.008368128867705375,25.09,26.03,26.56,27.2,26.48,22.13,136.54,25.09,26.03,22.13
2026-03-19,KXINXU-26MAR19H1600,KXINXU-26MAR19H1600-T6724.9999,KXINXU,6725.0,0,6606.49,0.01,0.03,0.0,50.0,1773927060,6583.1201171875,6606.490234375,6624.7001953125,0.008368128867705375,25.09,26.03,26.56,27.2,26.48,22.13,136.54,25.09,26.03,22.13
2026-03-20,KXINXU-26MAR20H1600,KXINXU-26MAR20H1600-T6474.9999,KXINXU,6475.0,1,6506.48,0.92,0.93,10.0,10.0,1774013460,6594.66015625,6506.47998046875,6606.490234375,0.008141170096963935,24.06,24.09,25.54,26.44,26.23,20.72,138.26,24.06,24.09,20.72
2026-03-20,KXINXU-26MAR20H1600,KXINXU-26MAR20H1600-T6549.9999,KXINXU,6550.0,0,6506.48,0.74,0.75,113.0,324.0,1774013460,6594.66015625,6506.47998046875,6606.490234375,0.008141170096963935,24.06,24.09,25.54,26.44,26.23,20.72,138.26,24.06,24.09,20.72
2026-03-20,KXINXU-26MAR20H1600,KXINXU-26MAR20H1600-T6624.9999,KXINXU,6625.0,0,6506.48,0.23,0.28,144.0,1056.0,1774013460,6594.66015625,6506.47998046875,6606.490234375,0.008141170096963935,24.06,24.09,25.54,26.44,26.23,20.72,138.26,24.06,24.09,20.72
2026-03-20,KXINXU-26MAR20H1600,KXINXU-26MAR20H1600-T6699.9999,KXINXU,6700.0,0,6506.48,0.05,0.06,99.0,396.0,1774013460,6594.66015625,6506.47998046875,6606.490234375,0.008141170096963935,24.06,24.09,25.54,26.44,26.23,20.72,138.26,24.06,24.09,20.72
2026-03-23,KXINXU-26MAR23H1600,KXINXU-26MAR23H1600-T6399.9999,KXINXU,6400.0,1,6581.0,0.96,0.98,3.0,1903.0,1774272660,6574.9599609375,6581.0,6506.47998046875,0.008732858168631341,26.78,26.95,27.43,28.35,26.84,28.94,139.12,26.78,26.95,28.94
2026-03-23,KXINXU-26MAR23H1600,KXINXU-26MAR23H1600-T6474.9999,KXINXU,6475.0,1,6581.0,0.89,0.93,0.0,1986.0,1774272660,6574.9599609375,6581.0,6506.47998046875,0.008732858168631341,26.78,26.95,27.43,28.35,26.84,28.94,139.12,26.78,26.95,28.94
2026-03-23,KXINXU-26MAR23H1600,KXINXU-26MAR23H1600-T6549.9999,KXINXU,6550.0,1,6581.0,0.72,0.76,93.0,4594.0,1774272660,6574.9599609375,6581.0,6506.47998046875,0.008732858168631341,26.78,26.95,27.43,28.35,26.84,28.94,139.12,26.78,26.95,28.94
2026-03-23,KXINXU-26MAR23H1600,KXINXU-26MAR23H1600-T6624.9999,KXINXU,6625.0,0,6581.0,0.39,0.42,173.0,766.0,1774272660,6574.9599609375,6581.0,6506.47998046875,0.008732858168631341,26.78,26.95,27.43,28.35,26.84,28.94,139.12,26.78,26.95,28.94
2026-03-24,KXINXU-26MAR24H1600,KXINXU-26MAR24H1600-T6449.9999,KXINXU,6450.0,1,6556.37,0.88,0.92,0.0,10.0,1774359060,6552.08984375,6556.3701171875,6581.0,0.008914503951948441,26.15,27.76,26.1,26.94,26.52,23.17,142.02,26.15,27.76,23.17
2026-03-24,KXINXU-26MAR24H1600,KXINXU-26MAR24H1600-T6524.9999,KXINXU,6525.0,1,6556.37,0.58,0.62,0.0,491.0,1774359060,6552.08984375,6556.3701171875,6581.0,0.008914503951948441,26.15,27.76,26.1,26.94,26.52,23.17,142.02,26.15,27.76,23.17
2026-03-24,KXINXU-26MAR24H1600,KXINXU-26MAR24H1600-T6599.9999,KXINXU,6600.0,0,6556.37,0.16,0.2,32.0,1050.0,1774359060,6552.08984375,6556.3701171875,6581.0,0.008914503951948441,26.15,27.76,26.1,26.94,26.52,23.17,142.02,26.15,27.76,23.17
2026-03-24,KXINXU-26MAR24H1600,KXINXU-26MAR24H1600-T6674.9999,KXINXU,6675.0,0,6556.37,0.04,0.05,57.0,164.0,1774359060,6552.08984375,6556.3701171875,6581.0,0.008914503951948441,26.15,27.76,26.1,26.94,26.52,23.17,142.02,26.15,27.76,23.17
2026-03-25,KXINXU-26MAR25H1600,KXINXU-26MAR25H1600-T6449.9999,KXINXU,6450.0,1,6591.9,0.95,1.0,0.0,118.0,1774445460,6598.35009765625,6591.89990234375,6556.3701171875,0.00869159673912899,26.95,28.21,26.56,27.22,26.64,20.73,142.63,26.95,28.21,20.73
2026-03-25,KXINXU-26MAR25H1600,KXINXU-26MAR25H1600-T6524.9999,KXINXU,6525.0,1,6591.9,0.91,0.95,103.0,1591.0,1774445460,6598.35009765625,6591.89990234375,6556.3701171875,0.00869159673912899,26.95,28.21,26.56,27.22,26.64,20.73,142.63,26.95,28.21,20.73
2026-03-25,KXINXU-26MAR25H1600,KXINXU-26MAR25H1600-T6599.9999,KXINXU,6600.0,0,6591.9,0.66,0.71,175.0,1195.0,1774445460,6598.35009765625,6591.89990234375,6556.3701171875,0.00869159673912899,26.95,28.21,26.56,27.22,26.64,20.73,142.63,26.95,28.21,20.73
2026-03-25,KXINXU-26MAR25H1600,KXINXU-26MAR25H1600-T6674.9999,KXINXU,6675.0,0,6591.9,0.16,0.21,60.0,569.0,1774445460,6598.35009765625,6591.89990234375,6556.3701171875,0.00869159673912899,26.95,28.21,26.56,27.22,26.64,20.73,142.63,26.95,28.21,20.73
2026-03-26,KXINXU-26MAR26H1600,KXINXU-26MAR26H1600-T6474.9999,KXINXU,6475.0,1,6477.16,0.86,0.89,0.0,51.0,1774531860,6555.85986328125,6477.16015625,6591.89990234375,0.00853016746675979,25.33,25.26,25.63,26.69,26.34,19.08,140.88,25.33,25.26,19.08
2026-03-26,KXINXU-26MAR26H1600,KXINXU-26MAR26H1600-T6549.9999,KXINXU,6550.0,0,6477.16,0.42,0.46,37.0,903.0,1774531860,6555.85986328125,6477.16015625,6591.89990234375,0.00853016746675979,25.33,25.26,25.63,26.69,26.34,19.08,140.88,25.33,25.26,19.08
2026-03-26,KXINXU-26MAR26H1600,KXINXU-26MAR26H1600-T6624.9999,KXINXU,6625.0,0,6477.16,0.08,0.09,0.0,58.0,1774531860,6555.85986328125,6477.16015625,6591.89990234375,0.00853016746675979,25.33,25.26,25.63,26.69,26.34,19.08,140.88,25.33,25.26,19.08
2026-03-27,KXINXU-26MAR27H1600,KXINXU-26MAR27H1600-T6349.9999,KXINXU,6350.0,1,6368.85,0.9,0.93,74.0,212.0,1774618260,6453.89013671875,6368.85009765625,6477.16015625,0.009321912445938949,27.44,27.05,27.16,27.91,26.76,23.91,143.99,27.44,27.05,23.91
2026-03-27,KXINXU-26MAR27H1600,KXINXU-26MAR27H1600-T6424.9999,KXINXU,6425.0,0,6368.85,0.62,0.66,1.0,197.0,1774618260,6453.89013671875,6368.85009765625,6477.16015625,0.009321912445938949,27.44,27.05,27.16,27.91,26.76,23.91,143.99,27.44,27.05,23.91
2026-03-27,KXINXU-26MAR27H1600,KXINXU-26MAR27H1600-T6499.9999,KXINXU,6500.0,0,6368.85,0.18,0.21,106.0,442.0,1774618260,6453.89013671875,6368.85009765625,6477.16015625,0.009321912445938949,27.44,27.05,27.16,27.91,26.76,23.91,143.99,27.44,27.05,23.91
2026-03-27,KXINXU-26MAR27H1600,KXINXU-26MAR27H1600-T6574.9999,KXINXU,6575.0,0,6368.85,0.02,0.06,0.0,654.0,1774618260,6453.89013671875,6368.85009765625,6477.16015625,0.009321912445938949,27.44,27.05,27.16,27.91,26.76,23.91,143.99,27.44,27.05,23.91
2026-03-30,KXINXU-26MAR30H1600,KXINXU-26MAR30H1600-T6249.9999,KXINXU,6250.0,1,6343.72,0.95,0.98,0.0,102.0,1774877460,6403.3701171875,6343.72021484375,6368.85009765625,0.00993711559074384,31.05,30.64,29.27,29.78,28.09,34.3,139.0,31.05,30.64,34.3
2026-03-30,KXINXU-26MAR30H1600,KXINXU-26MAR30H1600-T6324.9999,KXINXU,6325.0,1,6343.72,0.89,0.92,21.0,1008.0,1774877460,6403.3701171875,6343.72021484375,6368.85009765625,0.00993711559074384,31.05,30.64,29.27,29.78,28.09,34.3,139.0,31.05,30.64,34.3
2026-03-30,KXINXU-26MAR30H1600,KXINXU-26MAR30H1600-T6399.9999,KXINXU,6400.0,0,6343.72,0.65,0.69,50.0,1142.0,1774877460,6403.3701171875,6343.72021484375,6368.85009765625,0.00993711559074384,31.05,30.64,29.27,29.78,28.09,34.3,139.0,31.05,30.64,34.3
2026-03-30,KXINXU-26MAR30H1600,KXINXU-26MAR30H1600-T6474.9999,KXINXU,6475.0,0,6343.72,0.16,0.21,95.0,129.0,1774877460,6403.3701171875,6343.72021484375,6368.85009765625,0.00993711559074384,31.05,30.64,29.27,29.78,28.09,34.3,139.0,31.05,30.64,34.3
2026-03-31,KXINXU-26MAR31H1600,KXINXU-26MAR31H1600-T6224.9999,KXINXU,6225.0,1,6528.52,0.97,1.0,0.0,111.0,1774963500,6395.8798828125,6528.52001953125,6343.72021484375,0.009682940377575703,30.61,30.57,29.13,29.68,28.07,23.02,142.23,30.61,30.57,23.02
2026-03-31,KXINXU-26MAR31H1600,KXINXU-26MAR31H1600-T6299.9999,KXINXU,6300.0,1,6528.52,0.94,0.95,0.0,416.0,1774963860,6395.8798828125,6528.52001953125,6343.72021484375,0.009682940377575703,30.61,30.57,29.13,29.68,28.07,23.02,142.23,30.61,30.57,23.02
2026-03-31,KXINXU-26MAR31H1600,KXINXU-26MAR31H1600-T6374.9999,KXINXU,6375.0,1,6528.52,0.75,0.8,50.0,556.0,1774963860,6395.8798828125,6528.52001953125,6343.72021484375,0.009682940377575703,30.61,30.57,29.13,29.68,28.07,23.02,142.23,30.61,30.57,23.02
2026-03-31,KXINXU-26MAR31H1600,KXINXU-26MAR31H1600-T6449.9999,KXINXU,6450.0,1,6528.52,0.29,0.32,2.0,301.0,1774963860,6395.8798828125,6528.52001953125,6343.72021484375,0.009682940377575703,30.61,30.57,29.13,29.68,28.07,23.02,142.23,30.61,30.57,23.02
2026-04-01,KXINXU-26APR01H1600,KXINXU-26APR01H1600-T6399.9999,KXINXU,6400.0,1,6575.32,0.96,1.0,0.0,839.0,1775050260,6556.56005859375,6575.31982421875,6528.52001953125,0.011730583384994272,25.25,24.18,25.55,26.93,26.48,19.03,145.45,25.25,24.18,19.03
2026-04-01,KXINXU-26APR01H1600,KXINXU-26APR01H1600-T6474.9999,KXINXU,6475.0,1,6575.32,0.91,0.93,3.0,684.0,1775050260,6556.56005859375,6575.31982421875,6528.52001953125,0.011730583384994272,25.25,24.18,25.55,26.93,26.48,19.03,145.45,25.25,24.18,19.03
2026-04-01,KXINXU-26APR01H1600,KXINXU-26APR01H1600-T6549.9999,KXINXU,6550.0,1,6575.32,0.64,0.68,1073.0,7094.0,1775050260,6556.56005859375,6575.31982421875,6528.52001953125,0.011730583384994272,25.25,24.18,25.55,26.93,26.48,19.03,145.45,25.25,24.18,19.03
2026-04-01,KXINXU-26APR01H1600,KXINXU-26APR01H1600-T6624.9999,KXINXU,6625.0,0,6575.32,0.1,0.13,122.0,2084.0,1775050260,6556.56005859375,6575.31982421875,6528.52001953125,0.011730583384994272,25.25,24.18,25.55,26.93,26.48,19.03,145.45,25.25,24.18,19.03
2026-04-02,KXINXU-26APR02H1600,KXINXU-26APR02H1600-T6449.9999,KXINXU,6450.0,1,6582.69,0.74,0.78,95.0,1183.0,1775136660,6512.60986328125,6582.68994140625,6575.31982421875,0.011507020319694139,24.54,23.61,24.86,26.17,25.84,22.95,143.77,24.54,23.61,22.95
2026-04-02,KXINXU-26APR02H1600,KXINXU-26APR02H1600-T6524.9999,KXINXU,6525.0,1,6582.69,0.3,0.33,685.0,2327.0,1775136660,6512.60986328125,6582.68994140625,6575.31982421875,0.011507020319694139,24.54,23.61,24.86,26.17,25.84,22.95,143.77,24.54,23.61,22.95
2026-04-02,KXINXU-26APR02H1600,KXINXU-26APR02H1600-T6599.9999,KXINXU,6600.0,0,6582.69,0.04,0.05,64.0,1314.0,1775136660,6512.60986328125,6582.68994140625,6575.31982421875,0.011507020319694139,24.54,23.61,24.86,26.17,25.84,22.95,143.77,24.54,23.61,22.95
2026-04-06,KXINXU-26APR06H1600,KXINXU-26APR06H1600-T6474.9999,KXINXU,6475.0,1,6611.83,0.93,0.97,10.0,74.0,1775482260,6587.66015625,6611.830078125,6582.68994140625,0.011159844111617936,23.87,21.71,24.72,26.03,25.73,27.59,146.95,23.87,21.71,27.59
2026-04-06,KXINXU-26APR06H1600,KXINXU-26APR06H1600-T6549.9999,KXINXU,6550.0,1,6611.83,0.74,0.78,150.0,2862.0,1775482260,6587.66015625,6611.830078125,6582.68994140625,0.011159844111617936,23.87,21.71,24.72,26.03,25.73,27.59,146.95,23.87,21.71,27.59
2026-04-06,KXINXU-26APR06H1600,KXINXU-26APR06H1600-T6624.9999,KXINXU,6625.0,0,6611.83,0.26,0.28,15.0,362.0,1775482260,6587.66015625,6611.830078125,6582.68994140625,0.011159844111617936,23.87,21.71,24.72,26.03,25.73,27.59,146.95,23.87,21.71,27.59
2026-04-06,KXINXU-26APR06H1600,KXINXU-26APR06H1600-T6699.9999,KXINXU,6700.0,0,6611.83,0.02,0.05,97.0,876.0,1775482260,6587.66015625,6611.830078125,6582.68994140625,0.011159844111617936,23.87,21.71,24.72,26.03,25.73,27.59,146.95,23.87,21.71,27.59
2026-04-07,KXINXU-26APR07H1600,KXINXU-26APR07H1600-T6499.9999,KXINXU,6500.0,1,6616.85,0.91,0.94,25.0,770.0,1775568660,6601.93017578125,6616.85009765625,6611.830078125,0.010873830175207372,24.17,23.9,24.77,25.82,25.62,18.1,147.6,24.17,23.9,18.1
2026-04-07,KXINXU-26APR07H1600,KXINXU-26APR07H1600-T6574.9999,KXINXU,6575.0,1,6616.85,0.61,0.63,426.0,6893.0,1775568660,6601.93017578125,6616.85009765625,6611.830078125,0.010873830175207372,24.17,23.9,24.77,25.82,25.62,18.1,147.6,24.17,23.9,18.1
2026-04-07,KXINXU-26APR07H1600,KXINXU-26APR07H1600-T6649.9999,KXINXU,6650.0,0,6616.85,0.14,0.19,5.0,573.0,1775568660,6601.93017578125,6616.85009765625,6611.830078125,0.010873830175207372,24.17,23.9,24.77,25.82,25.62,18.1,147.6,24.17,23.9,18.1
2026-04-07,KXINXU-26APR07H1600,KXINXU-26APR07H1600-T6724.9999,KXINXU,6725.0,0,6616.85,0.01,0.04,0.0,119.0,1775568660,6601.93017578125,6616.85009765625,6611.830078125,0.010873830175207372,24.17,23.9,24.77,25.82,25.62,18.1,147.6,24.17,23.9,18.1
2026-04-08,KXINXU-26APR08H1600,KXINXU-26APR08H1600-T6499.9999,KXINXU,6500.0,1,6782.81,0.97,1.0,0.0,369.0,1775655060,6754.35986328125,6782.81005859375,6616.85009765625,0.010544208489516628,25.78,27.27,25.57,26.41,25.78,31.85,148.45,25.78,27.27,31.85
2026-04-08,KXINXU-26APR08H1600,KXINXU-26APR08H1600-T6574.9999,KXINXU,6575.0,1,6782.81,0.96,1.0,0.0,47.0,1775655060,6754.35986328125,6782.81005859375,6616.85009765625,0.010544208489516628,25.78,27.27,25.57,26.41,25.78,31.85,148.45,25.78,27.27,31.85
2026-04-08,KXINXU-26APR08H1600,KXINXU-26APR08H1600-T6649.9999,KXINXU,6650.0,1,6782.81,0.96,0.98,17.0,2572.0,1775655060,6754.35986328125,6782.81005859375,6616.85009765625,0.010544208489516628,25.78,27.27,25.57,26.41,25.78,31.85,148.45,25.78,27.27,31.85
2026-04-08,KXINXU-26APR08H1600,KXINXU-26APR08H1600-T6724.9999,KXINXU,6725.0,1,6782.81,0.87,0.89,17.0,924.0,1775655060,6754.35986328125,6782.81005859375,6616.85009765625,0.010544208489516628,25.78,27.27,25.57,26.41,25.78,31.85,148.45,25.78,27.27,31.85
2026-04-09,KXINXU-26APR09H1600,KXINXU-26APR09H1600-T6649.9999,KXINXU,6650.0,1,6824.66,0.96,0.99,48.0,73.0,1775741460,6783.68994140625,6824.66015625,6782.81005859375,0.011888177487125954,21.04,19.16,22.68,24.02,24.45,16.48,150.36,21.04,19.16,16.48
2026-04-09,KXINXU-26APR09H1600,KXINXU-26APR09H1600-T6724.9999,KXINXU,6725.0,1,6824.66,0.84,0.87,53.0,773.0,1775741460,6783.68994140625,6824.66015625,6782.81005859375,0.011888177487125954,21.04,19.16,22.68,24.02,24.45,16.48,150.36,21.04,19.16,16.48
2026-04-09,KXINXU-26APR09H1600,KXINXU-26APR09H1600-T6799.9999,KXINXU,6800.0,1,6824.66,0.2,0.28,20.0,1570.0,1775741460,6783.68994140625,6824.66015625,6782.81005859375,0.011888177487125954,21.04,19.16,22.68,24.02,24.45,16.48,150.36,21.04,19.16,16.48
2026-04-09,KXINXU-26APR09H1600,KXINXU-26APR09H1600-T6874.9999,KXINXU,6875.0,0,6824.66,0.01,0.04,4837.0,23563.0,1775741460,6783.68994140625,6824.66015625,6782.81005859375,0.011888177487125954,21.04,19.16,22.68,24.02,24.45,16.48,150.36,21.04,19.16,16.48
2026-04-10,KXINXU-26APR10H1600,KXINXU-26APR10H1600-T6774.9999,KXINXU,6775.0,1,6816.89,0.89,0.93,256.0,341.0,1775827860,6839.240234375,6816.89013671875,6824.66015625,0.01162407695356841,19.49,16.81,21.81,23.39,24.11,14.07,143.27,19.49,16.81,14.07
2026-04-10,KXINXU-26APR10H1600,KXINXU-26APR10H1600-T6924.9999,KXINXU,6925.0,0,6816.89,0.01,0.04,23486.1,31096.1,1775827860,6839.240234375,6816.89013671875,6824.66015625,0.01162407695356841,19.49,16.81,21.81,23.39,24.11,14.07,143.27,19.49,16.81,14.07
2026-04-13,KXINXU-26APR13H1600,KXINXU-26APR13H1600-T6699.9999,KXINXU,6700.0,1,6886.24,0.93,0.94,118.0,1576.0,1776087060,6806.47021484375,6886.240234375,6816.89013671875,0.011273414619769892,19.23,16.36,21.86,23.51,24.25,19.07,144.18,19.23,16.36,19.07
2026-04-13,KXINXU-26APR13H1600,KXINXU-26APR13H1600-T6774.9999,KXINXU,6775.0,1,6886.24,0.76,0.77,1341.0,6491.0,1776087060,6806.47021484375,6886.240234375,6816.89013671875,0.011273414619769892,19.23,16.36,21.86,23.51,24.25,19.07,144.18,19.23,16.36,19.07
2026-04-13,KXINXU-26APR13H1600,KXINXU-26APR13H1600-T6849.9999,KXINXU,6850.0,1,6886.24,0.09,0.12,171.0,2261.0,1776087060,6806.47021484375,6886.240234375,6816.89013671875,0.011273414619769892,19.23,16.36,21.86,23.51,24.25,19.07,144.18,19.23,16.36,19.07
2026-04-14,KXINXU-26APR14H1600,KXINXU-26APR14H1600-T6749.9999,KXINXU,6750.0,1,6967.38,0.96,0.97,0.0,253.0,1776173460,6910.2001953125,6967.3798828125,6886.240234375,0.01120765851499947,19.12,17.33,21.34,23.0,23.96,11.77,156.93,19.12,17.33,11.77
2026-04-14,KXINXU-26APR14H1600,KXINXU-26APR14H1600-T6824.9999,KXINXU,6825.0,1,6967.38,0.95,0.99,125.0,2598.0,1776173460,6910.2001953125,6967.3798828125,6886.240234375,0.01120765851499947,19.12,17.33,21.34,23.0,23.96,11.77,156.93,19.12,17.33,11.77
2026-04-14,KXINXU-26APR14H1600,KXINXU-26APR14H1600-T6899.9999,KXINXU,6900.0,1,6967.38,0.55,0.59,89.0,1270.0,1776173460,6910.2001953125,6967.3798828125,6886.240234375,0.01120765851499947,19.12,17.33,21.34,23.0,23.96,11.77,156.93,19.12,17.33,11.77
2026-04-14,KXINXU-26APR14H1600,KXINXU-26APR14H1600-T6974.9999,KXINXU,6975.0,0,6967.38,0.03,0.04,52.0,6562.0,1776173460,6910.2001953125,6967.3798828125,6886.240234375,0.01120765851499947,19.12,17.33,21.34,23.0,23.96,11.77,156.93,19.12,17.33,11.77
2026-04-15,KXINXU-26APR15H1600,KXINXU-26APR15H1600-T6924.9999,KXINXU,6925.0,1,7022.95,0.9,0.91,1055.0,5380.0,1776259860,6978.169921875,7022.9501953125,6967.3798828125,0.011238684820329492,18.36,16.7,20.82,22.77,23.95,12.5,149.94,18.36,16.7,12.5
2026-04-15,KXINXU-26APR15H1600,KXINXU-26APR15H1600-T6999.9999,KXINXU,7000.0,1,7022.95,0.2,0.23,1122.0,23718.0,1776259860,6978.169921875,7022.9501953125,6967.3798828125,0.011238684820329492,18.36,16.7,20.82,22.77,23.95,12.5,149.94,18.36,16.7,12.5
2026-04-15,KXINXU-26APR15H1600,KXINXU-26APR15H1600-T7074.9999,KXINXU,7075.0,0,7022.95,0.02,0.04,24.0,5696.0,1776259620,6978.169921875,7022.9501953125,6967.3798828125,0.011238684820329492,18.36,16.7,20.82,22.77,23.95,12.5,149.94,18.36,16.7,12.5
2026-04-16,KXINXU-26APR16H1600,KXINXU-26APR16H1600-T6899.9999,KXINXU,6900.0,1,7041.28,0.96,0.99,0.0,80.0,1776346200,7037.77978515625,7041.27978515625,7022.9501953125,0.011068698119391518,18.17,16.01,20.78,22.84,24.02,12.65,139.23,18.17,16.01,12.65
2026-04-16,KXINXU-26APR16H1600,KXINXU-26APR16H1600-T6974.9999,KXINXU,6975.0,1,7041.28,0.92,0.94,39.0,3818.85,1776346260,7037.77978515625,7041.27978515625,7022.9501953125,0.011068698119391518,18.17,16.01,20.78,22.84,24.02,12.65,139.23,18.17,16.01,12.65
2026-04-16,KXINXU-26APR16H1600,KXINXU-26APR16H1600-T7049.9999,KXINXU,7050.0,0,7041.28,0.28,0.31,23265.98,24237.56,1776346260,7037.77978515625,7041.27978515625,7022.9501953125,0.011068698119391518,18.17,16.01,20.78,22.84,24.02,12.65,139.23,18.17,16.01,12.65
2026-04-16,KXINXU-26APR16H1600,KXINXU-26APR16H1600-T7124.9999,KXINXU,7125.0,0,7041.28,0.02,0.04,0.0,372.18,1776346260,7037.77978515625,7041.27978515625,7022.9501953125,0.011068698119391518,18.17,16.01,20.78,22.84,24.02,12.65,139.23,18.17,16.01,12.65
2026-04-17,KXINXU-26APR17H1600,KXINXU-26APR17H1600-T6924.9999,KXINXU,6925.0,1,7126.06,0.96,1.0,0.0,65.0,1776432540,7074.5498046875,7126.06005859375,7041.27978515625,0.010750478110789732,17.94,15.46,20.77,22.78,23.94,12.02,140.74,17.94,15.46,12.02
2026-04-17,KXINXU-26APR17H1600,KXINXU-26APR17H1600-T6999.9999,KXINXU,7000.0,1,7126.06,0.95,0.98,0.0,1303.69,1776432660,7074.5498046875,7126.06005859375,7041.27978515625,0.010750478110789732,17.94,15.46,20.77,22.78,23.94,12.02,140.74,17.94,15.46,12.02
2026-04-17,KXINXU-26APR17H1600,KXINXU-26APR17H1600-T7074.9999,KXINXU,7075.0,1,7126.06,0.61,0.64,2257.67,3289.65,1776432660,7074.5498046875,7126.06005859375,7041.27978515625,0.010750478110789732,17.94,15.46,20.77,22.78,23.94,12.02,140.74,17.94,15.46,12.02
2026-04-17,KXINXU-26APR17H1600,KXINXU-26APR17H1600-T7149.9999,KXINXU,7150.0,0,7126.06,0.04,0.08,3.0,1063.02,1776432660,7074.5498046875,7126.06005859375,7041.27978515625,0.010750478110789732,17.94,15.46,20.77,22.78,23.94,12.02,140.74,17.94,15.46,12.02
2026-04-20,KXINXU-26APR20H1600,KXINXU-26APR20H1600-T6999.9999,KXINXU,7000.0,1,7109.14,0.97,0.99,274.0,4338.19,1776691860,7117.0498046875,7109.14013671875,7126.06005859375,0.010827425095156802,17.48,14.81,20.51,22.57,23.66,14.24,141.82,17.48,14.81,14.24
2026-04-20,KXINXU-26APR20H1600,KXINXU-26APR20H1600-T7074.9999,KXINXU,7075.0,1,7109.14,0.84,0.87,4162.7,8629.33,1776691860,7117.0498046875,7109.14013671875,7126.06005859375,0.010827425095156802,17.48,14.81,20.51,22.57,23.66,14.24,141.82,17.48,14.81,14.24
2026-04-20,KXINXU-26APR20H1600,KXINXU-26APR20H1600-T7149.9999,KXINXU,7150.0,0,7109.14,0.15,0.2,440.0,7759.99,1776691860,7117.0498046875,7109.14013671875,7126.06005859375,0.010827425095156802,17.48,14.81,20.51,22.57,23.66,14.24,141.82,17.48,14.81,14.24
2026-04-20,KXINXU-26APR20H1600,KXINXU-26APR20H1600-T7224.9999,KXINXU,7225.0,0,7109.14,0.01,0.03,42.0,366.18,1776691680,7117.0498046875,7109.14013671875,7126.06005859375,0.010827425095156802,17.48,14.81,20.51,22.57,23.66,14.24,141.82,17.48,14.81,14.24
2026-04-21,KXINXU-26APR21H1600,KXINXU-26APR21H1600-T6974.9999,KXINXU,6975.0,1,7064.01,0.96,1.0,0.0,1.0,1776778020,7122.64013671875,7064.009765625,7109.14013671875,0.01051371546618788,18.87,17.79,21.24,23.14,23.95,12.13,141.9,18.87,17.79,12.13
2026-04-21,KXINXU-26APR21H1600,KXINXU-26APR21H1600-T7049.9999,KXINXU,7050.0,1,7064.01,0.93,0.95,35.0,223.76,1776778260,7122.64013671875,7064.009765625,7109.14013671875,0.01051371546618788,18.87,17.79,21.24,23.14,23.95,12.13,141.9,18.87,17.79,12.13
2026-04-21,KXINXU-26APR21H1600,KXINXU-26APR21H1600-T7124.9999,KXINXU,7125.0,0,7064.01,0.45,0.48,441.85,4779.12,1776778260,7122.64013671875,7064.009765625,7109.14013671875,0.01051371546618788,18.87,17.79,21.24,23.14,23.95,12.13,141.9,18.87,17.79,12.13
2026-04-21,KXINXU-26APR21H1600,KXINXU-26APR21H1600-T7199.9999,KXINXU,7200.0,0,7064.01,0.05,0.06,297.9,2460.21,1776778260,7122.64013671875,7064.009765625,7109.14013671875,0.01051371546618788,18.87,17.79,21.24,23.14,23.95,12.13,141.9,18.87,17.79,12.13
2026-04-22,KXINXU-26APR22H1600,KXINXU-26APR22H1600-T6999.9999,KXINXU,7000.0,1,7137.9,0.95,0.98,0.0,15315.05,1776864660,7102.91015625,7137.89990234375,7064.009765625,0.010312095429057054,19.5,18.68,21.51,23.19,24.03,16.2,140.91,19.5,18.68,16.2
2026-04-22,KXINXU-26APR22H1600,KXINXU-26APR22H1600-T7074.9999,KXINXU,7075.0,1,7137.9,0.82,0.85,6312.82,18803.68,1776864660,7102.91015625,7137.89990234375,7064.009765625,0.010312095429057054,19.5,18.68,21.51,23.19,24.03,16.2,140.91,19.5,18.68,16.2
2026-04-22,KXINXU-26APR22H1600,KXINXU-26APR22H1600-T7149.9999,KXINXU,7150.0,0,7137.9,0.14,0.17,84.0,1580.15,1776864660,7102.91015625,7137.89990234375,7064.009765625,0.010312095429057054,19.5,18.68,21.51,23.19,24.03,16.2,140.91,19.5,18.68,16.2
2026-04-23,KXINXU-26APR23H1600,KXINXU-26APR23H1600-T6999.9999,KXINXU,7000.0,1,7108.4,0.95,0.99,1.0,166.59,1776951060,7118.7998046875,7108.39990234375,7137.89990234375,0.01031773786029808,18.92,17.29,21.24,23.13,23.95,12.28,140.84,18.92,17.29,12.28
2026-04-23,KXINXU-26APR23H1600,KXINXU-26APR23H1600-T7074.9999,KXINXU,7075.0,1,7108.4,0.84,0.89,0.0,529.61,1776951060,7118.7998046875,7108.39990234375,7137.89990234375,0.01031773786029808,18.92,17.29,21.24,23.13,23.95,12.28,140.84,18.92,17.29,12.28
2026-04-23,KXINXU-26APR23H1600,KXINXU-26APR23H1600-T7149.9999,KXINXU,7150.0,0,7108.4,0.2,0.24,73.58,2010.23,1776951060,7118.7998046875,7108.39990234375,7137.89990234375,0.01031773786029808,18.92,17.29,21.24,23.13,23.95,12.28,140.84,18.92,17.29,12.28
2026-04-23,KXINXU-26APR23H1600,KXINXU-26APR23H1600-T7224.9999,KXINXU,7225.0,0,7108.4,0.0,0.03,0.0,454.27,1776951000,7118.7998046875,7108.39990234375,7137.89990234375,0.01031773786029808,18.92,17.29,21.24,23.13,23.95,12.28,140.84,18.92,17.29,12.28
2026-04-24,KXINXU-26APR24H1600,KXINXU-26APR24H1600-T7049.9999,KXINXU,7050.0,1,7165.08,0.92,0.94,0.0,210.33,1777037460,7136.47998046875,7165.080078125,7108.39990234375,0.010054723232290952,19.31,18.04,21.48,23.31,24.04,14.82,139.59,19.31,18.04,14.82
2026-04-24,KXINXU-26APR24H1600,KXINXU-26APR24H1600-T7124.9999,KXINXU,7125.0,1,7165.08,0.57,0.58,0.0,1896.74,1777037460,7136.47998046875,7165.080078125,7108.39990234375,0.010054723232290952,19.31,18.04,21.48,23.31,24.04,14.82,139.59,19.31,18.04,14.82
2026-04-24,KXINXU-26APR24H1600,KXINXU-26APR24H1600-T7199.9999,KXINXU,7200.0,0,7165.08,0.03,0.06,0.0,347.77,1777037460,7136.47998046875,7165.080078125,7108.39990234375,0.010054723232290952,19.31,18.04,21.48,23.31,24.04,14.82,139.59,19.31,18.04,14.82
2026-04-27,KXINXU-26APR27H1600,KXINXU-26APR27H1600-T7099.9999,KXINXU,7100.0,1,7173.91,0.91,0.93,0.0,305.24,1777296660,7152.72021484375,7173.91015625,7165.080078125,0.009940632515342074,18.71,16.71,21.3,23.27,24.03,16.62,139.08,18.71,16.71,16.62
2026-04-27,KXINXU-26APR27H1600,KXINXU-26APR27H1600-T7174.9999,KXINXU,7175.0,0,7173.91,0.28,0.33,322.28,2294.09,1777296660,7152.72021484375,7173.91015625,7165.080078125,0.009940632515342074,18.71,16.71,21.3,23.27,24.03,16.62,139.08,18.71,16.71,16.62
2026-04-27,KXINXU-26APR27H1600,KXINXU-26APR27H1600-T7249.9999,KXINXU,7250.0,0,7173.91,0.01,0.02,0.0,13864.41,1777296660,7152.72021484375,7173.91015625,7165.080078125,0.009940632515342074,18.71,16.71,21.3,23.27,24.03,16.62,139.08,18.71,16.71,16.62
2026-04-28,KXINXU-26APR28H1600,KXINXU-26APR28H1600-T7049.9999,KXINXU,7050.0,1,7138.8,0.95,0.96,10.0,40.0,1777383060,7133.740234375,7138.7998046875,7173.91015625,0.00964252123063348,18.02,16.69,20.77,23.03,24.04,10.57,139.64,18.02,16.69,10.57
2026-04-28,KXINXU-26APR28H1600,KXINXU-26APR28H1600-T7124.9999,KXINXU,7125.0,1,7138.8,0.61,0.64,188.21,1119.19,1777383060,7133.740234375,7138.7998046875,7173.91015625,0.00964252123063348,18.02,16.69,20.77,23.03,24.04,10.57,139.64,18.02,16.69,10.57
2026-04-28,KXINXU-26APR28H1600,KXINXU-26APR28H1600-T7199.9999,KXINXU,7200.0,0,7138.8,0.03,0.05,145.48,1216.54,1777383060,7133.740234375,7138.7998046875,7173.91015625,0.00964252123063348,18.02,16.69,20.77,23.03,24.04,10.57,139.64,18.02,16.69,10.57
2026-04-29,KXINXU-26APR29H1600,KXINXU-26APR29H1600-T6999.9999,KXINXU,7000.0,1,7135.95,0.95,0.99,0.0,35.67,1777469460,7131.60986328125,7135.9501953125,7138.7998046875,0.009425695442567087,17.83,16.69,20.49,22.87,23.98,11.66,138.16,17.83,16.69,11.66
2026-04-29,KXINXU-26APR29H1600,KXINXU-26APR29H1600-T7074.9999,KXINXU,7075.0,1,7135.95,0.87,0.89,6.0,186.28,1777469460,7131.60986328125,7135.9501953125,7138.7998046875,0.009425695442567087,17.83,16.69,20.49,22.87,23.98,11.66,138.16,17.83,16.69,11.66
2026-04-29,KXINXU-26APR29H1600,KXINXU-26APR29H1600-T7149.9999,KXINXU,7150.0,0,7135.95,0.34,0.37,613.5500000000001,2928.34,1777469460,7131.60986328125,7135.9501953125,7138.7998046875,0.009425695442567087,17.83,16.69,20.49,22.87,23.98,11.66,138.16,17.83,16.69,11.66
2026-04-29,KXINXU-26APR29H1600,KXINXU-26APR29H1600-T7224.9999,KXINXU,7225.0,0,7135.95,0.02,0.04,45.0,762.49,1777469460,7131.60986328125,7135.9501953125,7138.7998046875,0.009425695442567087,17.83,16.69,20.49,22.87,23.98,11.66,138.16,17.83,16.69,11.66
2026-04-30,KXINXU-26APR30H1600,KXINXU-26APR30H1600-T6999.9999,KXINXU,7000.0,1,7209.01,0.96,1.0,0.0,113.97,1777555740,7161.75,7209.009765625,7135.9501953125,0.009139074200433644,18.81,17.61,21.19,23.25,24.21,18.15,141.88,18.81,17.61,18.15
2026-04-30,KXINXU-26APR30H1600,KXINXU-26APR30H1600-T7074.9999,KXINXU,7075.0,1,7209.01,0.93,0.94,0.0,223.37,1777555860,7161.75,7209.009765625,7135.9501953125,0.009139074200433644,18.81,17.61,21.19,23.25,24.21,18.15,141.88,18.81,17.61,18.15
2026-04-30,KXINXU-26APR30H1600,KXINXU-26APR30H1600-T7149.9999,KXINXU,7150.0,1,7209.01,0.63,0.66,1325.58,5225.3,1777555860,7161.75,7209.009765625,7135.9501953125,0.009139074200433644,18.81,17.61,21.19,23.25,24.21,18.15,141.88,18.81,17.61,18.15
2026-04-30,KXINXU-26APR30H1600,KXINXU-26APR30H1600-T7224.9999,KXINXU,7225.0,0,7209.01,0.04,0.09,10.0,502.51,1777555860,7161.75,7209.009765625,7135.9501953125,0.009139074200433644,18.81,17.61,21.19,23.25,24.21,18.15,141.88,18.81,17.61,18.15
2026-05-01,KXINXU-26MAY01H1600,KXINXU-26MAY01H1600-T7149.9999,KXINXU,7150.0,1,7230.12,0.97,0.99,0.0,309.0,1777642260,7234.5400390625,7230.1201171875,7209.009765625,0.009205264291534464,16.89,14.37,20.08,22.61,23.65,11.58,143.33,16.89,14.37,11.58
2026-05-01,KXINXU-26MAY01H1600,KXINXU-26MAY01H1600-T7224.9999,KXINXU,7225.0,1,7230.12,0.66,0.68,48.99,7193.45,1777642260,7234.5400390625,7230.1201171875,7209.009765625,0.009205264291534464,16.89,14.37,20.08,22.61,23.65,11.58,143.33,16.89,14.37,11.58
2026-05-01,KXINXU-26MAY01H1600,KXINXU-26MAY01H1600-T7299.9999,KXINXU,7300.0,0,7230.12,0.01,0.03,0.0,1815.0,1777642260,7234.5400390625,7230.1201171875,7209.009765625,0.009205264291534464,16.89,14.37,20.08,22.61,23.65,11.58,143.33,16.89,14.37,11.58
2026-05-04,KXINXU-26MAY04H1600,KXINXU-26MAY04H1600-T7099.9999,KXINXU,7100.0,1,7200.75,0.97,0.99,0.0,173.71,1777901460,7228.3798828125,7200.75,7230.1201171875,0.008953528027299613,16.99,14.15,20.37,22.69,23.78,13.71,141.38,16.99,14.15,13.71
2026-05-04,KXINXU-26MAY04H1600,KXINXU-26MAY04H1600-T7174.9999,KXINXU,7175.0,1,7200.75,0.87,0.9,491.0,18504.03,1777901460,7228.3798828125,7200.75,7230.1201171875,0.008953528027299613,16.99,14.15,20.37,22.69,23.78,13.71,141.38,16.99,14.15,13.71
2026-05-04,KXINXU-26MAY04H1600,KXINXU-26MAY04H1600-T7249.9999,KXINXU,7250.0,0,7200.75,0.18,0.22,2339.29,4111.7,1777901460,7228.3798828125,7200.75,7230.1201171875,0.008953528027299613,16.99,14.15,20.37,22.69,23.78,13.71,141.38,16.99,14.15,13.71
2026-05-05,KXINXU-26MAY05H1600,KXINXU-26MAY05H1600-T7149.9999,KXINXU,7150.0,1,7259.22,0.96,0.97,0.0,314.0,1777987860,7233.6201171875,7259.22021484375,7200.75,0.008737839336037818,18.29,16.6,21.05,23.07,24.07,12.7,141.74,18.29,16.6,12.7
2026-05-05,KXINXU-26MAY05H1600,KXINXU-26MAY05H1600-T7224.9999,KXINXU,7225.0,1,7259.22,0.74,0.77,923.0,2828.56,1777987860,7233.6201171875,7259.22021484375,7200.75,0.008737839336037818,18.29,16.6,21.05,23.07,24.07,12.7,141.74,18.29,16.6,12.7
2026-05-05,KXINXU-26MAY05H1600,KXINXU-26MAY05H1600-T7299.9999,KXINXU,7300.0,0,7259.22,0.01,0.03,0.0,2157.28,1777987860,7233.6201171875,7259.22021484375,7200.75,0.008737839336037818,18.29,16.6,21.05,23.07,24.07,12.7,141.74,18.29,16.6,12.7
2026-05-06,KXINXU-26MAY06H1600,KXINXU-26MAY06H1600-T7124.9999,KXINXU,7125.0,1,7365.12,0.97,0.99,0.0,72.47,1778074260,7294.14013671875,7365.1201171875,7259.22021484375,0.00870017311132908,17.38,14.64,20.82,22.94,24.01,10.75,138.74,17.38,14.64,10.75
2026-05-06,KXINXU-26MAY06H1600,KXINXU-26MAY06H1600-T7199.9999,KXINXU,7200.0,1,7365.12,0.95,0.96,3.12,198.51,1778074260,7294.14013671875,7365.1201171875,7259.22021484375,0.00870017311132908,17.38,14.64,20.82,22.94,24.01,10.75,138.74,17.38,14.64,10.75
2026-05-06,KXINXU-26MAY06H1600,KXINXU-26MAY06H1600-T7274.9999,KXINXU,7275.0,1,7365.12,0.8,0.82,1804.29,2891.79,1778074260,7294.14013671875,7365.1201171875,7259.22021484375,0.00870017311132908,17.38,14.64,20.82,22.94,24.01,10.75,138.74,17.38,14.64,10.75
2026-05-06,KXINXU-26MAY06H1600,KXINXU-26MAY06H1600-T7349.9999,KXINXU,7350.0,1,7365.12,0.07,0.1,449.0,21353.79,1778074260,7294.14013671875,7365.1201171875,7259.22021484375,0.00870017311132908,17.38,14.64,20.82,22.94,24.01,10.75,138.74,17.38,14.64,10.75
2026-05-07,KXINXU-26MAY07H1600,KXINXU-26MAY07H1600-T7224.9999,KXINXU,7225.0,1,7337.11,0.97,1.0,0.0,213.71,1778160660,7376.77978515625,7337.10986328125,7365.1201171875,0.009150781158170114,17.39,14.76,20.57,22.65,24.02,11.66,135.42,17.39,14.76,11.66
2026-05-07,KXINXU-26MAY07H1600,KXINXU-26MAY07H1600-T7299.9999,KXINXU,7300.0,1,7337.11,0.93,0.94,39.43,1234.13,1778160660,7376.77978515625,7337.10986328125,7365.1201171875,0.009150781158170114,17.39,14.76,20.57,22.65,24.02,11.66,135.42,17.39,14.76,11.66
2026-05-07,KXINXU-26MAY07H1600,KXINXU-26MAY07H1600-T7374.9999,KXINXU,7375.0,0,7337.11,0.46,0.5,960.62,5177.29,1778160660,7376.77978515625,7337.10986328125,7365.1201171875,0.009150781158170114,17.39,14.76,20.57,22.65,24.02,11.66,135.42,17.39,14.76,11.66
2026-05-07,KXINXU-26MAY07H1600,KXINXU-26MAY07H1600-T7449.9999,KXINXU,7450.0,0,7337.11,0.01,0.04,0.0,30.35,1778160660,7376.77978515625,7337.10986328125,7365.1201171875,0.009150781158170114,17.39,14.76,20.57,22.65,24.02,11.66,135.42,17.39,14.76,11.66
2026-05-08,KXINXU-26MAY08H1600,KXINXU-26MAY08H1600-T7274.9999,KXINXU,7275.0,1,7398.93,0.96,0.97,0.0,540.07,1778247060,7362.97021484375,7398.93017578125,7337.10986328125,0.00892096946653996,17.08,14.56,20.35,22.48,23.87,12.38,136.11,17.08,14.56,12.38
2026-05-08,KXINXU-26MAY08H1600,KXINXU-26MAY08H1600-T7349.9999,KXINXU,7350.0,1,7398.93,0.75,0.76,2843.16,6614.56,1778247060,7362.97021484375,7398.93017578125,7337.10986328125,0.00892096946653996,17.08,14.56,20.35,22.48,23.87,12.38,136.11,17.08,14.56,12.38
2026-05-08,KXINXU-26MAY08H1600,KXINXU-26MAY08H1600-T7424.9999,KXINXU,7425.0,0,7398.93,0.04,0.06,50.0,625.98,1778247060,7362.97021484375,7398.93017578125,7337.10986328125,0.00892096946653996,17.08,14.56,20.35,22.48,23.87,12.38,136.11,17.08,14.56,12.38
2026-05-11,KXINXU-26MAY11H1600,KXINXU-26MAY11H1600-T7274.9999,KXINXU,7275.0,1,7412.84,0.96,1.0,0.0,71.37,1778506260,7385.31005859375,7412.83984375,7398.93017578125,0.008890026207139615,17.19,14.21,20.5,22.59,23.93,12.7,138.21,17.19,14.21,12.7
2026-05-11,KXINXU-26MAY11H1600,KXINXU-26MAY11H1600-T7349.9999,KXINXU,7350.0,1,7412.84,0.88,0.89,68.0,3504.66,1778506260,7385.31005859375,7412.83984375,7398.93017578125,0.008890026207139615,17.19,14.21,20.5,22.59,23.93,12.7,138.21,17.19,14.21,12.7
2026-05-11,KXINXU-26MAY11H1600,KXINXU-26MAY11H1600-T7424.9999,KXINXU,7425.0,0,7412.84,0.11,0.12,361.0,4276.97,1778506260,7385.31005859375,7412.83984375,7398.93017578125,0.008890026207139615,17.19,14.21,20.5,22.59,23.93,12.7,138.21,17.19,14.21,12.7
2026-05-11,KXINXU-26MAY11H1600,KXINXU-26MAY11H1600-T7499.9999,KXINXU,7500.0,0,7412.84,0.0,0.03,0.0,187.0,1778506260,7385.31005859375,7412.83984375,7398.93017578125,0.008890026207139615,17.19,14.21,20.5,22.59,23.93,12.7,138.21,17.19,14.21,12.7
2026-05-12,KXINXU-26MAY12H1600,KXINXU-26MAY12H1600-T7349.9999,KXINXU,7350.0,1,7400.96,0.85,0.87,0.0,486.79,1778592660,7390.6298828125,7400.9599609375,7412.83984375,0.008631470231894312,18.38,16.89,21.24,23.06,23.99,11.52,140.21,18.38,16.89,11.52
2026-05-12,KXINXU-26MAY12H1600,KXINXU-26MAY12H1600-T7424.9999,KXINXU,7425.0,0,7400.96,0.13,0.15,1878.0,5067.48,1778592660,7390.6298828125,7400.9599609375,7412.83984375,0.008631470231894312,18.38,16.89,21.24,23.06,23.99,11.52,140.21,18.38,16.89,11.52
2026-05-13,KXINXU-26MAY13H1600,KXINXU-26MAY13H1600-T7349.9999,KXINXU,7350.0,1,7444.25,0.9,0.93,0.0,2182.27,1778679060,7409.1201171875,7444.25,7400.9599609375,0.008377737960825606,17.99,16.34,21.04,23.03,24.0,10.85,139.41,17.99,16.34,10.85
2026-05-13,KXINXU-26MAY13H1600,KXINXU-26MAY13H1600-T7424.9999,KXINXU,7425.0,1,7444.25,0.22,0.24,6210.16,4322.95,1778679060,7409.1201171875,7444.25,7400.9599609375,0.008377737960825606,17.99,16.34,21.04,23.03,24.0,10.85,139.41,17.99,16.34,10.85
2026-05-13,KXINXU-26MAY13H1600,KXINXU-26MAY13H1600-T7499.9999,KXINXU,7500.0,0,7444.25,0.02,0.03,0.0,509.82,1778679060,7409.1201171875,7444.25,7400.9599609375,0.008377737960825606,17.99,16.34,21.04,23.03,24.0,10.85,139.41,17.99,16.34,10.85
2026-05-14,KXINXU-26MAY14H1600,KXINXU-26MAY14H1600-T7374.9999,KXINXU,7375.0,1,7501.24,0.96,0.98,0.0,849.56,1778765460,7454.39990234375,7501.240234375,7444.25,0.008247192110022096,17.87,15.87,21.18,23.2,24.21,11.54,141.51,17.87,15.87,11.54
2026-05-14,KXINXU-26MAY14H1600,KXINXU-26MAY14H1600-T7449.9999,KXINXU,7450.0,1,7501.24,0.67,0.68,3546.3,8582.18,1778765460,7454.39990234375,7501.240234375,7444.25,0.008247192110022096,17.87,15.87,21.18,23.2,24.21,11.54,141.51,17.87,15.87,11.54
2026-05-14,KXINXU-26MAY14H1600,KXINXU-26MAY14H1600-T7524.9999,KXINXU,7525.0,0,7501.24,0.05,0.06,31.0,525.7,1778765460,7454.39990234375,7501.240234375,7444.25,0.008247192110022096,17.87,15.87,21.18,23.2,24.21,11.54,141.51,17.87,15.87,11.54
2026-05-15,KXINXU-26MAY15H1600,KXINXU-26MAY15H1600-T7374.9999,KXINXU,7375.0,1,7408.5,0.86,0.88,10.0,912.42,1778851860,7445.10986328125,7408.5,7501.240234375,0.008211269209796883,17.26,15.14,20.85,22.98,23.95,11.8,139.32,17.26,15.14,11.8
2026-05-15,KXINXU-26MAY15H1600,KXINXU-26MAY15H1600-T7449.9999,KXINXU,7450.0,0,7408.5,0.36,0.39,2297.09,3978.22,1778851860,7445.10986328125,7408.5,7501.240234375,0.008211269209796883,17.26,15.14,20.85,22.98,23.95,11.8,139.32,17.26,15.14,11.8
2026-05-15,KXINXU-26MAY15H1600,KXINXU-26MAY15H1600-T7524.9999,KXINXU,7525.0,0,7408.5,0.04,0.05,246.75,4085.57,1778851860,7445.10986328125,7408.5,7501.240234375,0.008211269209796883,17.26,15.14,20.85,22.98,23.95,11.8,139.32,17.26,15.14,11.8
2026-05-15,KXINXU-26MAY15H1600,KXINXU-26MAY15H1600-T7599.9999,KXINXU,7600.0,0,7408.5,0.0,0.01,200.0,964.3,1778851860,7445.10986328125,7408.5,7501.240234375,0.008211269209796883,17.26,15.14,20.85,22.98,23.95,11.8,139.32,17.26,15.14,11.8
2026-05-18,KXINXU-26MAY18H1600,KXINXU-26MAY18H1600-T7274.9999,KXINXU,7275.0,1,7403.05,0.97,0.99,0.0,20.16,1779111060,7415.06982421875,7403.0498046875,7408.5,0.008524387650231573,18.43,16.37,21.36,23.25,24.04,16.75,145.77,18.43,16.37,16.75
2026-05-18,KXINXU-26MAY18H1600,KXINXU-26MAY18H1600-T7349.9999,KXINXU,7350.0,1,7403.05,0.9,0.91,293.97,2993.48,1779111060,7415.06982421875,7403.0498046875,7408.5,0.008524387650231573,18.43,16.37,21.36,23.25,24.04,16.75,145.77,18.43,16.37,16.75
2026-05-18,KXINXU-26MAY18H1600,KXINXU-26MAY18H1600-T7424.9999,KXINXU,7425.0,0,7403.05,0.48,0.51,5166.1900000000005,9994.19,1779111060,7415.06982421875,7403.0498046875,7408.5,0.008524387650231573,18.43,16.37,21.36,23.25,24.04,16.75,145.77,18.43,16.37,16.75
2026-05-18,KXINXU-26MAY18H1600,KXINXU-26MAY18H1600-T7499.9999,KXINXU,7500.0,0,7403.05,0.04,0.05,319.28,601.19,1779111060,7415.06982421875,7403.0498046875,7408.5,0.008524387650231573,18.43,16.37,21.36,23.25,24.04,16.75,145.77,18.43,16.37,16.75
2026-05-19,KXINXU-26MAY19H1600,KXINXU-26MAY19H1600-T7274.9999,KXINXU,7275.0,1,7353.61,0.95,0.96,693.4,694.4,1779197460,7375.75,7353.60986328125,7403.0498046875,0.008266666058912289,17.82,16.86,20.92,22.86,23.69,13.1,138.4,17.82,16.86,13.1
2026-05-19,KXINXU-26MAY19H1600,KXINXU-26MAY19H1600-T7349.9999,KXINXU,7350.0,1,7353.61,0.65,0.66,281.0,1691.95,1779197460,7375.75,7353.60986328125,7403.0498046875,0.008266666058912289,17.82,16.86,20.92,22.86,23.69,13.1,138.4,17.82,16.86,13.1
2026-05-19,KXINXU-26MAY19H1600,KXINXU-26MAY19H1600-T7424.9999,KXINXU,7425.0,0,7353.61,0.12,0.13,38.09,1186.83,1779197460,7375.75,7353.60986328125,7403.0498046875,0.008266666058912289,17.82,16.86,20.92,22.86,23.69,13.1,138.4,17.82,16.86,13.1
2026-05-20,KXINXU-26MAY20H1600,KXINXU-26MAY20H1600-T7299.9999,KXINXU,7300.0,1,7432.97,0.92,0.95,14.0,245.39,1779283860,7369.18994140625,7432.97021484375,7353.60986328125,0.008181166621507707,18.06,16.64,21.12,23.01,23.79,13.3,135.5,18.06,16.64,13.3
2026-05-20,KXINXU-26MAY20H1600,KXINXU-26MAY20H1600-T7374.9999,KXINXU,7375.0,1,7432.97,0.52,0.55,427.0,4107.54,1779283860,7369.18994140625,7432.97021484375,7353.60986328125,0.008181166621507707,18.06,16.64,21.12,23.01,23.79,13.3,135.5,18.06,16.64,13.3
2026-05-20,KXINXU-26MAY20H1600,KXINXU-26MAY20H1600-T7449.9999,KXINXU,7450.0,0,7432.97,0.03,0.06,0.0,10.69,1779283860,7369.18994140625,7432.97021484375,7353.60986328125,0.008181166621507707,18.06,16.64,21.12,23.01,23.79,13.3,135.5,18.06,16.64,13.3
2026-05-21,KXINXU-26MAY21H1600,KXINXU-26MAY21H1600-T7299.9999,KXINXU,7300.0,1,7445.72,0.92,0.96,0.0,1704.99,1779370260,7410.77978515625,7445.72021484375,7432.97021484375,0.008356370638036034,17.44,15.14,20.76,22.81,23.71,16.21,132.31,17.44,15.14,16.21
2026-05-21,KXINXU-26MAY21H1600,KXINXU-26MAY21H1600-T7374.9999,KXINXU,7375.0,1,7445.72,0.7,0.72,160.61,534.44,1779370260,7410.77978515625,7445.72021484375,7432.97021484375,0.008356370638036034,17.44,15.14,20.76,22.81,23.71,16.21,132.31,17.44,15.14,16.21
2026-05-21,KXINXU-26MAY21H1600,KXINXU-26MAY21H1600-T7449.9999,KXINXU,7450.0,0,7445.72,0.16,0.2,0.0,1239.23,1779370260,7410.77978515625,7445.72021484375,7432.97021484375,0.008356370638036034,17.44,15.14,20.76,22.81,23.71,16.21,132.31,17.44,15.14,16.21
2026-05-21,KXINXU-26MAY21H1600,KXINXU-26MAY21H1600-T7524.9999,KXINXU,7525.0,0,7445.72,0.01,0.04,0.0,442.18,1779370260,7410.77978515625,7445.72021484375,7432.97021484375,0.008356370638036034,17.44,15.14,20.76,22.81,23.71,16.21,132.31,17.44,15.14,16.21
2026-05-22,KXINXU-26MAY22H1600,KXINXU-26MAY22H1600-T7299.9999,KXINXU,7300.0,1,7473.47,0.97,1.0,0.0,65.0,1779456660,7468.81982421875,7473.47021484375,7445.72021484375,0.008112671174994214,16.76,14.08,20.0,22.27,23.37,14.02,136.96,16.76,14.08,14.02
2026-05-22,KXINXU-26MAY22H1600,KXINXU-26MAY22H1600-T7374.9999,KXINXU,7375.0,1,7473.47,0.96,0.99,0.0,636.92,1779456660,7468.81982421875,7473.47021484375,7445.72021484375,0.008112671174994214,16.76,14.08,20.0,22.27,23.37,14.02,136.96,16.76,14.08,14.02
2026-05-22,KXINXU-26MAY22H1600,KXINXU-26MAY22H1600-T7449.9999,KXINXU,7450.0,1,7473.47,0.78,0.8,799.0799999999999,2512.15,1779456660,7468.81982421875,7473.47021484375,7445.72021484375,0.008112671174994214,16.76,14.08,20.0,22.27,23.37,14.02,136.96,16.76,14.08,14.02
2026-05-22,KXINXU-26MAY22H1600,KXINXU-26MAY22H1600-T7524.9999,KXINXU,7525.0,0,7473.47,0.17,0.19,641.4299999999998,447.2,1779456660,7468.81982421875,7473.47021484375,7445.72021484375,0.008112671174994214,16.76,14.08,20.0,22.27,23.37,14.02,136.96,16.76,14.08,14.02
2026-05-26,KXINXU-26MAY26H1600,KXINXU-26MAY26H1600-T7399.9999,KXINXU,7400.0,1,7519.12,0.97,1.0,0.0,62.0,1779802260,7511.7900390625,7519.1201171875,7473.47021484375,0.007918133103254094,16.7,14.07,20.03,22.35,23.44,17.42,137.39,16.7,14.07,17.42
2026-05-26,KXINXU-26MAY26H1600,KXINXU-26MAY26H1600-T7474.9999,KXINXU,7475.0,1,7519.12,0.88,0.89,83.0,1060.67,1779802260,7511.7900390625,7519.1201171875,7473.47021484375,0.007918133103254094,16.7,14.07,20.03,22.35,23.44,17.42,137.39,16.7,14.07,17.42
2026-05-26,KXINXU-26MAY26H1600,KXINXU-26MAY26H1600-T7549.9999,KXINXU,7550.0,0,7519.12,0.17,0.2,0.0,3984.99,1779802260,7511.7900390625,7519.1201171875,7473.47021484375,0.007918133103254094,16.7,14.07,20.03,22.35,23.44,17.42,137.39,16.7,14.07,17.42
2026-05-27,KXINXU-26MAY27H1600,KXINXU-26MAY27H1600-T7449.9999,KXINXU,7450.0,1,7520.36,0.96,0.98,0.0,1000.99,1779888660,7526.009765625,7520.35986328125,7519.1201171875,0.007820491298786482,17.01,14.84,19.89,22.46,23.49,11.13,139.04,17.01,14.84,11.13
2026-05-27,KXINXU-26MAY27H1600,KXINXU-26MAY27H1600-T7524.9999,KXINXU,7525.0,0,7520.36,0.55,0.56,89.13,4438.67,1779888660,7526.009765625,7520.35986328125,7519.1201171875,0.007820491298786482,17.01,14.84,19.89,22.46,23.49,11.13,139.04,17.01,14.84,11.13
2026-05-27,KXINXU-26MAY27H1600,KXINXU-26MAY27H1600-T7599.9999,KXINXU,7600.0,0,7520.36,0.03,0.04,4.0,209.0,1779888660,7526.009765625,7520.35986328125,7519.1201171875,0.007820491298786482,17.01,14.84,19.89,22.46,23.49,11.13,139.04,17.01,14.84,11.13
2026-05-28,KXINXU-26MAY28H1600,KXINXU-26MAY28H1600-T7449.9999,KXINXU,7450.0,1,7563.63,0.95,0.97,0.0,1994.07,1779975060,7519.81982421875,7563.6298828125,7520.35986328125,0.007582355215383268,16.29,13.27,19.45,22.11,23.41,10.07,138.57,16.29,13.27,10.07
2026-05-28,KXINXU-26MAY28H1600,KXINXU-26MAY28H1600-T7524.9999,KXINXU,7525.0,1,7563.63,0.43,0.49,262.24,4669.94,1779975060,7519.81982421875,7563.6298828125,7520.35986328125,0.007582355215383268,16.29,13.27,19.45,22.11,23.41,10.07,138.57,16.29,13.27,10.07
2026-05-28,KXINXU-26MAY28H1600,KXINXU-26MAY28H1600-T7599.9999,KXINXU,7600.0,0,7563.63,0.01,0.03,0.0,875.8,1779975060,7519.81982421875,7563.6298828125,7520.35986328125,0.007582355215383268,16.29,13.27,19.45,22.11,23.41,10.07,138.57,16.29,13.27,10.07
2026-05-29,KXINXU-26MAY29H1600,KXINXU-26MAY29H1600-T7499.9999,KXINXU,7500.0,1,7580.06,0.96,0.98,0.0,1813.11,1780061460,7579.330078125,7580.06005859375,7563.6298828125,0.007484485866857311,15.74,12.98,19.11,21.95,23.34,10.86,139.52,15.74,12.98,10.86
2026-05-29,KXINXU-26MAY29H1600,KXINXU-26MAY29H1600-T7574.9999,KXINXU,7575.0,1,7580.06,0.5,0.51,396.19,1976.08,1780061460,7579.330078125,7580.06005859375,7563.6298828125,0.007484485866857311,15.74,12.98,19.11,21.95,23.34,10.86,139.52,15.74,12.98,10.86
2026-05-29,KXINXU-26MAY29H1600,KXINXU-26MAY29H1600-T7649.9999,KXINXU,7650.0,0,7580.06,0.03,0.04,0.0,20.0,1780061460,7579.330078125,7580.06005859375,7563.6298828125,0.007484485866857311,15.74,12.98,19.11,21.95,23.34,10.86,139.52,15.74,12.98,10.86
2026-06-01,KXINXU-26JUN01H1600,KXINXU-26JUN01H1600-T7449.9999,KXINXU,7450.0,1,7599.96,0.96,0.99,0.0,3.0,1780320660,7582.2900390625,7599.9599609375,7580.06005859375,0.0072759178194389046,15.32,12.59,18.66,21.6,23.06,12.44,144.18,15.32,12.59,12.44
2026-06-01,KXINXU-26JUN01H1600,KXINXU-26JUN01H1600-T7524.9999,KXINXU,7525.0,1,7599.96,0.86,0.87,115.0,1435.61,1780320660,7582.2900390625,7599.9599609375,7580.06005859375,0.0072759178194389046,15.32,12.59,18.66,21.6,23.06,12.44,144.18,15.32,12.59,12.44
2026-06-01,KXINXU-26JUN01H1600,KXINXU-26JUN01H1600-T7599.9999,KXINXU,7600.0,0,7599.96,0.19,0.23,1353.44,2770.14,1780320660,7582.2900390625,7599.9599609375,7580.06005859375,0.0072759178194389046,15.32,12.59,18.66,21.6,23.06,12.44,144.18,15.32,12.59,12.44
2026-06-01,KXINXU-26JUN01H1600,KXINXU-26JUN01H1600-T7674.9999,KXINXU,7675.0,0,7599.96,0.01,0.03,0.0,1704.17,1780320660,7582.2900390625,7599.9599609375,7580.06005859375,0.0072759178194389046,15.32,12.59,18.66,21.6,23.06,12.44,144.18,15.32,12.59,12.44
2026-06-02,KXINXU-26JUN02H1600,KXINXU-26JUN02H1600-T7524.9999,KXINXU,7525.0,1,7609.78,0.94,0.97,305.0,2239.67,1780407060,7595.39990234375,7609.77978515625,7599.9599609375,0.007083437944217257,16.05,13.76,19.43,22.13,23.4,9.6,142.46,16.05,13.76,9.6
2026-06-02,KXINXU-26JUN02H1600,KXINXU-26JUN02H1600-T7599.9999,KXINXU,7600.0,1,7609.78,0.37,0.39,662.0,3557.57,1780407060,7595.39990234375,7609.77978515625,7599.9599609375,0.007083437944217257,16.05,13.76,19.43,22.13,23.4,9.6,142.46,16.05,13.76,9.6
2026-06-02,KXINXU-26JUN02H1600,KXINXU-26JUN02H1600-T7674.9999,KXINXU,7675.0,0,7609.78,0.01,0.02,0.0,1096.59,1780406700,7595.39990234375,7609.77978515625,7599.9599609375,0.007083437944217257,16.05,13.76,19.43,22.13,23.4,9.6,142.46,16.05,13.76,9.6
2026-06-03,KXINXU-26JUN03H1600,KXINXU-26JUN03H1600-T7474.9999,KXINXU,7475.0,1,7553.68,0.97,1.0,0.0,432.74,1780493460,7605.31005859375,7553.68017578125,7609.77978515625,0.006874927741891323,15.77,13.19,19.49,22.13,23.45,8.88,143.24,15.77,13.19,8.88
2026-06-03,KXINXU-26JUN03H1600,KXINXU-26JUN03H1600-T7549.9999,KXINXU,7550.0,1,7553.68,0.92,0.93,119.0,4954.94,1780493460,7605.31005859375,7553.68017578125,7609.77978515625,0.006874927741891323,15.77,13.19,19.49,22.13,23.45,8.88,143.24,15.77,13.19,8.88
2026-06-03,KXINXU-26JUN03H1600,KXINXU-26JUN03H1600-T7624.9999,KXINXU,7625.0,0,7553.68,0.18,0.22,33.96,6998.33,1780493460,7605.31005859375,7553.68017578125,7609.77978515625,0.006874927741891323,15.77,13.19,19.49,22.13,23.45,8.88,143.24,15.77,13.19,8.88
2026-06-03,KXINXU-26JUN03H1600,KXINXU-26JUN03H1600-T7699.9999,KXINXU,7700.0,0,7553.68,0.01,0.02,79.0,7669.0,1780493460,7605.31005859375,7553.68017578125,7609.77978515625,0.006874927741891323,15.77,13.19,19.49,22.13,23.45,8.88,143.24,15.77,13.19,8.88
2026-06-04,KXINXU-26JUN04H1600,KXINXU-26JUN04H1600-T7424.9999,KXINXU,7425.0,1,7584.31,0.96,0.99,0.0,2665.52,1780579860,7516.5400390625,7584.31005859375,7553.68017578125,0.006907519174183326,16.06,13.41,19.76,22.32,24.1,11.48,136.86,16.06,13.41,11.48
2026-06-04,KXINXU-26JUN04H1600,KXINXU-26JUN04H1600-T7499.9999,KXINXU,7500.0,1,7584.31,0.78,0.82,240.0,1815.48,1780579860,7516.5400390625,7584.31005859375,7553.68017578125,0.006907519174183326,16.06,13.41,19.76,22.32,24.1,11.48,136.86,16.06,13.41,11.48
2026-06-04,KXINXU-26JUN04H1600,KXINXU-26JUN04H1600-T7574.9999,KXINXU,7575.0,1,7584.31,0.1,0.12,371.65,3237.37,1780579860,7516.5400390625,7584.31005859375,7553.68017578125,0.006907519174183326,16.06,13.41,19.76,22.32,24.1,11.48,136.86,16.06,13.41,11.48
2026-06-04,KXINXU-26JUN04H1600,KXINXU-26JUN04H1600-T7649.9999,KXINXU,7650.0,0,7584.31,0.0,0.03,0.0,159.85,1780579860,7516.5400390625,7584.31005859375,7553.68017578125,0.006907519174183326,16.06,13.41,19.76,22.32,24.1,11.48,136.86,16.06,13.41,11.48
2026-06-05,KXINXU-26JUN05H1600,KXINXU-26JUN05H1600-T7449.9999,KXINXU,7450.0,0,7383.74,0.95,0.98,0.0,4108.6,1780666260,7537.35986328125,7383.740234375,7584.31005859375,0.006770049967507814,15.4,12.65,19.23,21.89,23.37,10.59,142.15,15.4,12.65,10.59
2026-06-05,KXINXU-26JUN05H1600,KXINXU-26JUN05H1600-T7524.9999,KXINXU,7525.0,0,7383.74,0.58,0.62,441.86,4627.37,1780666260,7537.35986328125,7383.740234375,7584.31005859375,0.006770049967507814,15.4,12.65,19.23,21.89,23.37,10.59,142.15,15.4,12.65,10.59
2026-06-05,KXINXU-26JUN05H1600,KXINXU-26JUN05H1600-T7599.9999,KXINXU,7600.0,0,7383.74,0.04,0.06,30.0,11668.49,1780666260,7537.35986328125,7383.740234375,7584.31005859375,0.006770049967507814,15.4,12.65,19.23,21.89,23.37,10.59,142.15,15.4,12.65,10.59
2026-06-08,KXINXU-26JUN08H1600,KXINXU-26JUN08H1600-T7249.9999,KXINXU,7250.0,1,7405.73,0.99,1.0,0.0,1847.11,1780925400,7440.56982421875,7405.72998046875,7383.740234375,0.009283443197960645,21.51,23.92,21.82,23.49,24.33,28.7,152.25,21.51,23.92,28.7
2026-06-08,KXINXU-26JUN08H1600,KXINXU-26JUN08H1600-T7324.9999,KXINXU,7325.0,1,7405.73,0.96,0.98,10.0,3879.96,1780925460,7440.56982421875,7405.72998046875,7383.740234375,0.009283443197960645,21.51,23.92,21.82,23.49,24.33,28.7,152.25,21.51,23.92,28.7
2026-06-08,KXINXU-26JUN08H1600,KXINXU-26JUN08H1600-T7399.9999,KXINXU,7400.0,1,7405.73,0.83,0.86,370.1,28044.71,1780925460,7440.56982421875,7405.72998046875,7383.740234375,0.009283443197960645,21.51,23.92,21.82,23.49,24.33,28.7,152.25,21.51,23.92,28.7
2026-06-08,KXINXU-26JUN08H1600,KXINXU-26JUN08H1600-T7474.9999,KXINXU,7475.0,0,7405.73,0.37,0.39,4917.58,6186.9,1780925460,7440.56982421875,7405.72998046875,7383.740234375,0.009283443197960645,21.51,23.92,21.82,23.49,24.33,28.7,152.25,21.51,23.92,28.7
2026-06-09,KXINXU-26JUN09H1600,KXINXU-26JUN09H1600-T7274.9999,KXINXU,7275.0,1,7386.65,0.99,1.0,6006.72,1208.72,1781011320,7438.66015625,7386.64990234375,7405.72998046875,0.009030059035303182,18.92,19.69,20.79,22.67,23.7,16.02,145.0,18.92,19.69,16.02
2026-06-09,KXINXU-26JUN09H1600,KXINXU-26JUN09H1600-T7349.9999,KXINXU,7350.0,1,7386.65,0.97,0.98,51.0,10253.36,1781011860,7438.66015625,7386.64990234375,7405.72998046875,0.009030059035303182,18.92,19.69,20.79,22.67,23.7,16.02,145.0,18.92,19.69,16.02
2026-06-09,KXINXU-26JUN09H1600,KXINXU-26JUN09H1600-T7424.9999,KXINXU,7425.0,0,7386.65,0.73,0.76,3083.21,9418.07,1781011860,7438.66015625,7386.64990234375,7405.72998046875,0.009030059035303182,18.92,19.69,20.79,22.67,23.7,16.02,145.0,18.92,19.69,16.02
2026-06-09,KXINXU-26JUN09H1600,KXINXU-26JUN09H1600-T7499.9999,KXINXU,7500.0,0,7386.65,0.09,0.1,4024.0,7899.0,1781011860,7438.66015625,7386.64990234375,7405.72998046875,0.009030059035303182,18.92,19.69,20.79,22.67,23.7,16.02,145.0,18.92,19.69,16.02
2026-06-10,KXINXU-26JUN10H1600,KXINXU-26JUN10H1600-T7249.9999,KXINXU,7250.0,1,7266.99,0.89,0.91,39.0,5442.3,1781098260,7350.5400390625,7266.990234375,7386.64990234375,0.00877774127067953,19.87,22.14,21.31,22.97,23.87,20.6,141.97,19.87,22.14,20.6
2026-06-10,KXINXU-26JUN10H1600,KXINXU-26JUN10H1600-T7324.9999,KXINXU,7325.0,0,7266.99,0.66,0.67,122.49,2841.66,1781098260,7350.5400390625,7266.990234375,7386.64990234375,0.00877774127067953,19.87,22.14,21.31,22.97,23.87,20.6,141.97,19.87,22.14,20.6
2026-06-10,KXINXU-26JUN10H1600,KXINXU-26JUN10H1600-T7399.9999,KXINXU,7400.0,0,7266.99,0.25,0.27,452.0,4602.14,1781098260,7350.5400390625,7266.990234375,7386.64990234375,0.00877774127067953,19.87,22.14,21.31,22.97,23.87,20.6,141.97,19.87,22.14,20.6
2026-06-10,KXINXU-26JUN10H1600,KXINXU-26JUN10H1600-T7474.9999,KXINXU,7475.0,0,7266.99,0.03,0.05,1.0,5054.54,1781098260,7350.5400390625,7266.990234375,7386.64990234375,0.00877774127067953,19.87,22.14,21.31,22.97,23.87,20.6,141.97,19.87,22.14,20.6
2026-06-11,KXINXU-26JUN11H1600,KXINXU-26JUN11H1600-T7124.9999,KXINXU,7125.0,1,7394.3,0.95,0.98,0.0,1338.0,1781184660,7287.669921875,7394.2998046875,7266.990234375,0.00940373052318842,22.22,25.67,22.89,24.13,24.6,23.85,143.08,22.22,25.67,23.85
2026-06-11,KXINXU-26JUN11H1600,KXINXU-26JUN11H1600-T7199.9999,KXINXU,7200.0,1,7394.3,0.89,0.91,38.0,2698.81,1781184660,7287.669921875,7394.2998046875,7266.990234375,0.00940373052318842,22.22,25.67,22.89,24.13,24.6,23.85,143.08,22.22,25.67,23.85
2026-06-11,KXINXU-26JUN11H1600,KXINXU-26JUN11H1600-T7274.9999,KXINXU,7275.0,1,7394.3,0.64,0.68,168.0,2513.91,1781184660,7287.669921875,7394.2998046875,7266.990234375,0.00940373052318842,22.22,25.67,22.89,24.13,24.6,23.85,143.08,22.22,25.67,23.85
2026-06-11,KXINXU-26JUN11H1600,KXINXU-26JUN11H1600-T7349.9999,KXINXU,7350.0,1,7394.3,0.24,0.28,20.0,2890.66,1781184660,7287.669921875,7394.2998046875,7266.990234375,0.00940373052318842,22.22,25.67,22.89,24.13,24.6,23.85,143.08,22.22,25.67,23.85
2026-06-12,KXINXU-26JUN12H1600,KXINXU-26JUN12H1600-T7249.9999,KXINXU,7250.0,1,7431.46,0.95,0.98,201.0,336.0,1781271060,7410.85009765625,7431.4599609375,7394.2998046875,0.010060896433088364,19.44,20.66,21.42,23.14,23.95,21.09,142.98,19.44,20.66,21.09
2026-06-12,KXINXU-26JUN12H1600,KXINXU-26JUN12H1600-T7324.9999,KXINXU,7325.0,1,7431.46,0.84,0.85,82.0,1663.4,1781271060,7410.85009765625,7431.4599609375,7394.2998046875,0.010060896433088364,19.44,20.66,21.42,23.14,23.95,21.09,142.98,19.44,20.66,21.09
2026-06-12,KXINXU-26JUN12H1600,KXINXU-26JUN12H1600-T7399.9999,KXINXU,7400.0,1,7431.46,0.54,0.55,381.0,4263.89,1781271060,7410.85009765625,7431.4599609375,7394.2998046875,0.010060896433088364,19.44,20.66,21.42,23.14,23.95,21.09,142.98,19.44,20.66,21.09
2026-06-12,KXINXU-26JUN12H1600,KXINXU-26JUN12H1600-T7474.9999,KXINXU,7475.0,0,7431.46,0.16,0.17,459.43,1044.43,1781271060,7410.85009765625,7431.4599609375,7394.2998046875,0.010060896433088364,19.44,20.66,21.42,23.14,23.95,21.09,142.98,19.44,20.66,21.09
2026-06-15,KXINXU-26JUN15H1600,KXINXU-26JUN15H1600-T7299.9999,KXINXU,7300.0,1,7554.29,0.98,1.0,0.0,4107.05,1781530140,7516.75,7554.2900390625,7431.4599609375,0.009831383066092155,17.68,17.26,20.51,22.59,23.75,19.12,142.6,17.68,17.26,19.12
2026-06-15,KXINXU-26JUN15H1600,KXINXU-26JUN15H1600-T7374.9999,KXINXU,7375.0,1,7554.29,0.98,1.0,4.0,4124.65,1781530140,7516.75,7554.2900390625,7431.4599609375,0.009831383066092155,17.68,17.26,20.51,22.59,23.75,19.12,142.6,17.68,17.26,19.12
2026-06-15,KXINXU-26JUN15H1600,KXINXU-26JUN15H1600-T7449.9999,KXINXU,7450.0,1,7554.29,0.94,0.95,2372.63,6713.84,1781530260,7516.75,7554.2900390625,7431.4599609375,0.009831383066092155,17.68,17.26,20.51,22.59,23.75,19.12,142.6,17.68,17.26,19.12
2026-06-15,KXINXU-26JUN15H1600,KXINXU-26JUN15H1600-T7524.9999,KXINXU,7525.0,1,7554.29,0.65,0.66,678.4300000000001,9416.98,1781530260,7516.75,7554.2900390625,7431.4599609375,0.009831383066092155,17.68,17.26,20.51,22.59,23.75,19.12,142.6,17.68,17.26,19.12
2026-06-16,KXINXU-26JUN16H1600,KXINXU-26JUN16H1600-T7499.9999,KXINXU,7500.0,1,7511.35,0.9,0.95,83.0,2328.05,1781616660,7548.77978515625,7511.35009765625,7554.2900390625,0.010343166477976748,16.2,15.58,19.36,21.77,23.32,12.92,144.32,16.2,15.58,12.92
2026-06-16,KXINXU-26JUN16H1600,KXINXU-26JUN16H1600-T7574.9999,KXINXU,7575.0,0,7511.35,0.28,0.32,914.3,6146.17,1781616660,7548.77978515625,7511.35009765625,7554.2900390625,0.010343166477976748,16.2,15.58,19.36,21.77,23.32,12.92,144.32,16.2,15.58,12.92
2026-06-16,KXINXU-26JUN16H1600,KXINXU-26JUN16H1600-T7649.9999,KXINXU,7650.0,0,7511.35,0.0,0.04,0.0,52.0,1781616660,7548.77978515625,7511.35009765625,7554.2900390625,0.010343166477976748,16.2,15.58,19.36,21.77,23.32,12.92,144.32,16.2,15.58,12.92
2026-06-17,KXINXU-26JUN17H1600,KXINXU-26JUN17H1600-T7374.9999,KXINXU,7375.0,1,7420.1,0.94,0.99,0.0,111.22,1781702940,7524.5,7420.10009765625,7511.35009765625,0.010124816219577351,16.41,15.77,19.53,21.87,23.38,16.09,142.66,16.41,15.77,16.09
2026-06-17,KXINXU-26JUN17H1600,KXINXU-26JUN17H1600-T7449.9999,KXINXU,7450.0,0,7420.1,0.85,0.9,66.55,204.92,1781703060,7524.5,7420.10009765625,7511.35009765625,0.010124816219577351,16.41,15.77,19.53,21.87,23.38,16.09,142.66,16.41,15.77,16.09
2026-06-17,KXINXU-26JUN17H1600,KXINXU-26JUN17H1600-T7524.9999,KXINXU,7525.0,0,7420.1,0.49,0.52,425.4,6789.07,1781703060,7524.5,7420.10009765625,7511.35009765625,0.010124816219577351,16.41,15.77,19.53,21.87,23.38,16.09,142.66,16.41,15.77,16.09
2026-06-17,KXINXU-26JUN17H1600,KXINXU-26JUN17H1600-T7599.9999,KXINXU,7600.0,0,7420.1,0.06,0.1,119.0,1271.16,1781703060,7524.5,7420.10009765625,7511.35009765625,0.010124816219577351,16.41,15.77,19.53,21.87,23.38,16.09,142.66,16.41,15.77,16.09
2026-06-18,KXINXU-26JUN18H1600,KXINXU-26JUN18H1600-T7274.9999,KXINXU,7275.0,1,7500.58,0.96,1.0,0.0,3353.11,1781789340,7487.35986328125,7500.580078125,7420.10009765625,0.010262787995481887,18.44,18.63,20.62,22.62,23.86,20.68,142.62,18.44,18.63,20.68
2026-06-18,KXINXU-26JUN18H1600,KXINXU-26JUN18H1600-T7349.9999,KXINXU,7350.0,1,7500.58,0.95,0.99,0.0,1668.0,1781789340,7487.35986328125,7500.580078125,7420.10009765625,0.010262787995481887,18.44,18.63,20.62,22.62,23.86,20.68,142.62,18.44,18.63,20.68
2026-06-18,KXINXU-26JUN18H1600,KXINXU-26JUN18H1600-T7424.9999,KXINXU,7425.0,1,7500.58,0.91,0.94,50.0,1874.05,1781789460,7487.35986328125,7500.580078125,7420.10009765625,0.010262787995481887,18.44,18.63,20.62,22.62,23.86,20.68,142.62,18.44,18.63,20.68
2026-06-18,KXINXU-26JUN18H1600,KXINXU-26JUN18H1600-T7499.9999,KXINXU,7500.0,1,7500.58,0.61,0.64,4807.58,50368.42,1781789460,7487.35986328125,7500.580078125,7420.10009765625,0.010262787995481887,18.44,18.63,20.62,22.62,23.86,20.68,142.62,18.44,18.63,20.68
2026-06-22,KXINXU-26JUN22H1600,KXINXU-26JUN22H1600-T7374.9999,KXINXU,7375.0,1,7472.79,0.98,0.99,0.0,5014.7,1782135060,7500.43994140625,7472.7900390625,7500.580078125,0.010295044815514713,16.4,13.93,19.57,21.99,23.85,15.68,146.72,16.4,13.93,15.68
2026-06-22,KXINXU-26JUN22H1600,KXINXU-26JUN22H1600-T7449.9999,KXINXU,7450.0,1,7472.79,0.93,0.95,66.28,6039.34,1782135060,7500.43994140625,7472.7900390625,7500.580078125,0.010295044815514713,16.4,13.93,19.57,21.99,23.85,15.68,146.72,16.4,13.93,15.68
2026-06-22,KXINXU-26JUN22H1600,KXINXU-26JUN22H1600-T7524.9999,KXINXU,7525.0,0,7472.79,0.44,0.48,1807.56,16646.35,1782135060,7500.43994140625,7472.7900390625,7500.580078125,0.010295044815514713,16.4,13.93,19.57,21.99,23.85,15.68,146.72,16.4,13.93,15.68
2026-06-22,KXINXU-26JUN22H1600,KXINXU-26JUN22H1600-T7599.9999,KXINXU,7600.0,0,7472.79,0.01,0.04,500.0,24571.12,1782135060,7500.43994140625,7472.7900390625,7500.580078125,0.010295044815514713,16.4,13.93,19.57,21.99,23.85,15.68,146.72,16.4,13.93,15.68
2026-06-23,KXINXU-26JUN23H1600,KXINXU-26JUN23H1600-T7324.9999,KXINXU,7325.0,1,7365.46,0.71,0.72,4513.0,2710.89,1782221460,7366.509765625,7365.4599609375,7472.7900390625,0.010022742899654095,17.28,16.29,19.76,22.15,23.54,12.42,141.85,17.28,16.29,12.42
2026-06-23,KXINXU-26JUN23H1600,KXINXU-26JUN23H1600-T7399.9999,KXINXU,7400.0,0,7365.46,0.25,0.27,1609.5,5995.68,1782221460,7366.509765625,7365.4599609375,7472.7900390625,0.010022742899654095,17.28,16.29,19.76,22.15,23.54,12.42,141.85,17.28,16.29,12.42
2026-06-23,KXINXU-26JUN23H1600,KXINXU-26JUN23H1600-T7474.9999,KXINXU,7475.0,0,7365.46,0.02,0.04,4560.43,47734.85,1782221460,7366.509765625,7365.4599609375,7472.7900390625,0.010022742899654095,17.28,16.29,19.76,22.15,23.54,12.42,141.85,17.28,16.29,12.42
2026-06-23,KXINXU-26JUN23H1600,KXINXU-26JUN23H1600-T7549.9999,KXINXU,7550.0,0,7365.46,0.0,0.02,0.0,7635.91,1782221340,7366.509765625,7365.4599609375,7472.7900390625,0.010022742899654095,17.28,16.29,19.76,22.15,23.54,12.42,141.85,17.28,16.29,12.42
2026-06-24,KXINXU-26JUN24H1600,KXINXU-26JUN24H1600-T7224.9999,KXINXU,7225.0,1,7358.22,0.97,1.0,2000.0,3034.0,1782307860,7370.8798828125,7358.22021484375,7365.4599609375,0.01034338220567067,19.49,19.47,21.06,22.97,24.28,16.67,143.14,19.49,19.47,16.67
2026-06-24,KXINXU-26JUN24H1600,KXINXU-26JUN24H1600-T7299.9999,KXINXU,7300.0,1,7358.22,0.9,0.92,24.0,4231.04,1782307860,7370.8798828125,7358.22021484375,7365.4599609375,0.01034338220567067,19.49,19.47,21.06,22.97,24.28,16.67,143.14,19.49,19.47,16.67
2026-06-24,KXINXU-26JUN24H1600,KXINXU-26JUN24H1600-T7374.9999,KXINXU,7375.0,0,7358.22,0.52,0.56,968.73,3586.03,1782307860,7370.8798828125,7358.22021484375,7365.4599609375,0.01034338220567067,19.49,19.47,21.06,22.97,24.28,16.67,143.14,19.49,19.47,16.67
2026-06-24,KXINXU-26JUN24H1600,KXINXU-26JUN24H1600-T7449.9999,KXINXU,7450.0,0,7358.22,0.08,0.09,30.0,1123.94,1782307860,7370.8798828125,7358.22021484375,7365.4599609375,0.01034338220567067,19.49,19.47,21.06,22.97,24.28,16.67,143.14,19.49,19.47,16.67
2026-06-25,KXINXU-26JUN25H1600,KXINXU-26JUN25H1600-T7224.9999,KXINXU,7225.0,1,7357.49,0.98,1.0,0.0,6020.67,1782394140,7404.91015625,7357.490234375,7358.22021484375,0.010031174036179341,18.63,18.07,20.37,22.4,23.58,16.68,145.3,18.63,18.07,16.68
2026-06-25,KXINXU-26JUN25H1600,KXINXU-26JUN25H1600-T7299.9999,KXINXU,7300.0,1,7357.49,0.96,0.98,0.0,594.14,1782394260,7404.91015625,7357.490234375,7358.22021484375,0.010031174036179341,18.63,18.07,20.37,22.4,23.58,16.68,145.3,18.63,18.07,16.68
2026-06-25,KXINXU-26JUN25H1600,KXINXU-26JUN25H1600-T7374.9999,KXINXU,7375.0,0,7357.49,0.8,0.84,187.0,2949.61,1782394260,7404.91015625,7357.490234375,7358.22021484375,0.010031174036179341,18.63,18.07,20.37,22.4,23.58,16.68,145.3,18.63,18.07,16.68
2026-06-25,KXINXU-26JUN25H1600,KXINXU-26JUN25H1600-T7449.9999,KXINXU,7450.0,0,7357.49,0.27,0.31,357.0,2678.11,1782394260,7404.91015625,7357.490234375,7358.22021484375,0.010031174036179341,18.63,18.07,20.37,22.4,23.58,16.68,145.3,18.63,18.07,16.68
2026-06-26,KXINXU-26JUN26H1600,KXINXU-26JUN26H1600-T7224.9999,KXINXU,7225.0,1,7354.02,0.89,0.92,305.0,589.52,1782480660,7312.740234375,7354.02001953125,7357.490234375,0.009725614427527875,18.89,17.92,20.33,22.35,23.5,15.97,139.89,18.89,17.92,15.97
2026-06-26,KXINXU-26JUN26H1600,KXINXU-26JUN26H1600-T7299.9999,KXINXU,7300.0,1,7354.02,0.6,0.61,331.0,3557.74,1782480660,7312.740234375,7354.02001953125,7357.490234375,0.009725614427527875,18.89,17.92,20.33,22.35,23.5,15.97,139.89,18.89,17.92,15.97
2026-06-26,KXINXU-26JUN26H1600,KXINXU-26JUN26H1600-T7374.9999,KXINXU,7375.0,0,7354.02,0.18,0.19,509.56,1485.55,1782480660,7312.740234375,7354.02001953125,7357.490234375,0.009725614427527875,18.89,17.92,20.33,22.35,23.5,15.97,139.89,18.89,17.92,15.97
2026-06-26,KXINXU-26JUN26H1600,KXINXU-26JUN26H1600-T7449.9999,KXINXU,7450.0,0,7354.02,0.01,0.03,1240.0,3576.29,1782480660,7312.740234375,7354.02001953125,7357.490234375,0.009725614427527875,18.89,17.92,20.33,22.35,23.5,15.97,139.89,18.89,17.92,15.97
2026-06-29,KXINXU-26JUN29H1600,KXINXU-26JUN29H1600-T7224.9999,KXINXU,7225.0,1,7440.43,0.98,1.0,0.0,1844.36,1782739860,7391.8798828125,7440.43017578125,7354.02001953125,0.009430041024395323,18.41,16.8,20.13,22.26,23.45,17.56,139.4,18.41,16.8,17.56
2026-06-29,KXINXU-26JUN29H1600,KXINXU-26JUN29H1600-T7299.9999,KXINXU,7300.0,1,7440.43,0.92,0.94,407.0,3338.84,1782739860,7391.8798828125,7440.43017578125,7354.02001953125,0.009430041024395323,18.41,16.8,20.13,22.26,23.45,17.56,139.4,18.41,16.8,17.56
2026-06-29,KXINXU-26JUN29H1600,KXINXU-26JUN29H1600-T7374.9999,KXINXU,7375.0,1,7440.43,0.64,0.67,31.0,33978.58,1782739860,7391.8798828125,7440.43017578125,7354.02001953125,0.009430041024395323,18.41,16.8,20.13,22.26,23.45,17.56,139.4,18.41,16.8,17.56
2026-06-29,KXINXU-26JUN29H1600,KXINXU-26JUN29H1600-T7449.9999,KXINXU,7450.0,0,7440.43,0.09,0.11,103.22,9172.86,1782739860,7391.8798828125,7440.43017578125,7354.02001953125,0.009430041024395323,18.41,16.8,20.13,22.26,23.45,17.56,139.4,18.41,16.8,17.56
2026-06-30,KXINXU-26JUN30H1600,KXINXU-26JUN30H1600-T7299.9999,KXINXU,7300.0,1,7499.36,0.97,1.0,0.0,1000.0,1782826260,7441.27001953125,7499.35986328125,7440.43017578125,0.009580064532744396,17.65,15.51,19.53,21.8,23.16,13.56,144.46,17.65,15.51,13.56
2026-06-30,KXINXU-26JUN30H1600,KXINXU-26JUN30H1600-T7374.9999,KXINXU,7375.0,1,7499.36,0.88,0.91,124.93,2162.33,1782826260,7441.27001953125,7499.35986328125,7440.43017578125,0.009580064532744396,17.65,15.51,19.53,21.8,23.16,13.56,144.46,17.65,15.51,13.56
2026-06-30,KXINXU-26JUN30H1600,KXINXU-26JUN30H1600-T7449.9999,KXINXU,7450.0,1,7499.36,0.46,0.49,1349.6,8717.18,1782826260,7441.27001953125,7499.35986328125,7440.43017578125,0.009580064532744396,17.65,15.51,19.53,21.8,23.16,13.56,144.46,17.65,15.51,13.56
2026-06-30,KXINXU-26JUN30H1600,KXINXU-26JUN30H1600-T7524.9999,KXINXU,7525.0,0,7499.36,0.03,0.05,0.0,9063.36,1782826260,7441.27001953125,7499.35986328125,7440.43017578125,0.009580064532744396,17.65,15.51,19.53,21.8,23.16,13.56,144.46,17.65,15.51,13.56
2026-07-01,KXINXU-26JUL01H1600,KXINXU-26JUL01H1600-T7409.9999,KXINXU,7410.0,1,7483.23,0.88,0.92,16.0,493.0,1782912660,7478.83984375,7483.22998046875,7499.35986328125,0.009487106832368135,16.45,13.73,19.0,21.5,23.03,11.61,149.6,16.45,13.73,11.61
2026-07-01,KXINXU-26JUL01H1600,KXINXU-26JUL01H1600-T7424.9999,KXINXU,7425.0,1,7483.23,0.82,0.91,0.0,3250.34,1782912660,7478.83984375,7483.22998046875,7499.35986328125,0.009487106832368135,16.45,13.73,19.0,21.5,23.03,11.61,149.6,16.45,13.73,11.61
2026-07-01,KXINXU-26JUL01H1600,KXINXU-26JUL01H1600-T7514.9999,KXINXU,7515.0,0,7483.23,0.13,0.17,12.84,582.84,1782912660,7478.83984375,7483.22998046875,7499.35986328125,0.009487106832368135,16.45,13.73,19.0,21.5,23.03,11.61,149.6,16.45,13.73,11.61
2026-07-01,KXINXU-26JUL01H1600,KXINXU-26JUL01H1600-T7529.9999,KXINXU,7530.0,0,7483.23,0.08,0.12,1.0,3103.0,1782912660,7478.83984375,7483.22998046875,7499.35986328125,0.009487106832368135,16.45,13.73,19.0,21.5,23.03,11.61,149.6,16.45,13.73,11.61
2026-07-01,KXINXU-26JUL01H1600,KXINXU-26JUL01H1600-T7544.9999,KXINXU,7545.0,0,7483.23,0.03,0.08,0.0,3943.71,1782912660,7478.83984375,7483.22998046875,7499.35986328125,0.009487106832368135,16.45,13.73,19.0,21.5,23.03,11.61,149.6,16.45,13.73,11.61
2026-07-01,KXINXU-26JUL01H1600,KXINXU-26JUL01H1600-T7559.9999,KXINXU,7560.0,0,7483.23,0.02,0.06,0.0,2635.0,1782912660,7478.83984375,7483.22998046875,7499.35986328125,0.009487106832368135,16.45,13.73,19.0,21.5,23.03,11.61,149.6,16.45,13.73,11.61
2026-07-02,KXINXU-26JUL02H1600,KXINXU-26JUL02H1600-T7364.9999,KXINXU,7365.0,1,7483.24,0.98,1.0,45.24,45.24,1782999060,7495.14013671875,7483.240234375,7483.22998046875,0.009213199871483413,16.59,13.14,19.16,21.63,23.19,13.02,154.82,16.59,13.14,13.02
2026-07-02,KXINXU-26JUL02H1600,KXINXU-26JUL02H1600-T7379.9999,KXINXU,7380.0,1,7483.24,0.97,0.99,46.24,25.24,1782999060,7495.14013671875,7483.240234375,7483.22998046875,0.009213199871483413,16.59,13.14,19.16,21.63,23.19,13.02,154.82,16.59,13.14,13.02
2026-07-02,KXINXU-26JUL02H1600,KXINXU-26JUL02H1600-T7394.9999,KXINXU,7395.0,1,7483.24,0.97,0.99,174.01,174.01,1782999060,7495.14013671875,7483.240234375,7483.22998046875,0.009213199871483413,16.59,13.14,19.16,21.63,23.19,13.02,154.82,16.59,13.14,13.02
2026-07-02,KXINXU-26JUL02H1600,KXINXU-26JUL02H1600-T7409.9999,KXINXU,7410.0,1,7483.24,0.95,0.98,1.0,1.0,1782999060,7495.14013671875,7483.240234375,7483.22998046875,0.009213199871483413,16.59,13.14,19.16,21.63,23.19,13.02,154.82,16.59,13.14,13.02
2026-07-02,KXINXU-26JUL02H1600,KXINXU-26JUL02H1600-T7424.9999,KXINXU,7425.0,1,7483.24,0.94,0.96,61.0,61.0,1782999060,7495.14013671875,7483.240234375,7483.22998046875,0.009213199871483413,16.59,13.14,19.16,21.63,23.19,13.02,154.82,16.59,13.14,13.02
2026-07-02,KXINXU-26JUL02H1600,KXINXU-26JUL02H1600-T7484.9999,KXINXU,7485.0,0,7483.24,0.71,0.75,1.0,1.0,1782999060,7495.14013671875,7483.240234375,7483.22998046875,0.009213199871483413,16.59,13.14,19.16,21.63,23.19,13.02,154.82,16.59,13.14,13.02
2026-07-02,KXINXU-26JUL02H1600,KXINXU-26JUL02H1600-T7499.9999,KXINXU,7500.0,0,7483.24,0.58,0.63,1144.21,1144.21,1782999060,7495.14013671875,7483.240234375,7483.22998046875,0.009213199871483413,16.59,13.14,19.16,21.63,23.19,13.02,154.82,16.59,13.14,13.02
2026-07-02,KXINXU-26JUL02H1600,KXINXU-26JUL02H1600-T7529.9999,KXINXU,7530.0,0,7483.24,0.27,0.32,67.0,67.0,1782999060,7495.14013671875,7483.240234375,7483.22998046875,0.009213199871483413,16.59,13.14,19.16,21.63,23.19,13.02,154.82,16.59,13.14,13.02
2026-07-02,KXINXU-26JUL02H1600,KXINXU-26JUL02H1600-T7559.9999,KXINXU,7560.0,0,7483.24,0.06,0.11,872.5,872.5,1782999060,7495.14013671875,7483.240234375,7483.22998046875,0.009213199871483413,16.59,13.14,19.16,21.63,23.19,13.02,154.82,16.59,13.14,13.02
2026-07-06,KXINXU-26JUL06H1600,KXINXU-26JUL06H1600-T7409.9999,KXINXU,7410.0,1,7537.43,0.97,0.99,20.0,20.0,1783344660,7506.9599609375,7537.43017578125,7483.240234375,0.00893252869386564,16.15,12.37,19.04,21.5,23.16,13.22,150.02,16.15,12.37,13.22
2026-07-06,KXINXU-26JUL06H1600,KXINXU-26JUL06H1600-T7424.9999,KXINXU,7425.0,1,7537.43,0.96,0.98,20.0,20.0,1783344660,7506.9599609375,7537.43017578125,7483.240234375,0.00893252869386564,16.15,12.37,19.04,21.5,23.16,13.22,150.02,16.15,12.37,13.22
2026-07-06,KXINXU-26JUL06H1600,KXINXU-26JUL06H1600-T7439.9999,KXINXU,7440.0,1,7537.43,0.95,0.97,1.0,1.0,1783344660,7506.9599609375,7537.43017578125,7483.240234375,0.00893252869386564,16.15,12.37,19.04,21.5,23.16,13.22,150.02,16.15,12.37,13.22
2026-07-06,KXINXU-26JUL06H1600,KXINXU-26JUL06H1600-T7454.9999,KXINXU,7455.0,1,7537.43,0.93,0.94,439.93,428.93,1783344660,7506.9599609375,7537.43017578125,7483.240234375,0.00893252869386564,16.15,12.37,19.04,21.5,23.16,13.22,150.02,16.15,12.37,13.22
2026-07-06,KXINXU-26JUL06H1600,KXINXU-26JUL06H1600-T7469.9999,KXINXU,7470.0,1,7537.43,0.89,0.9,115.54,115.54,1783344660,7506.9599609375,7537.43017578125,7483.240234375,0.00893252869386564,16.15,12.37,19.04,21.5,23.16,13.22,150.02,16.15,12.37,13.22
2026-07-06,KXINXU-26JUL06H1600,KXINXU-26JUL06H1600-T7484.9999,KXINXU,7485.0,1,7537.43,0.83,0.87,35.0,35.0,1783344660,7506.9599609375,7537.43017578125,7483.240234375,0.00893252869386564,16.15,12.37,19.04,21.5,23.16,13.22,150.02,16.15,12.37,13.22
2026-07-06,KXINXU-26JUL06H1600,KXINXU-26JUL06H1600-T7499.9999,KXINXU,7500.0,1,7537.43,0.72,0.77,130.21,125.26,1783344660,7506.9599609375,7537.43017578125,7483.240234375,0.00893252869386564,16.15,12.37,19.04,21.5,23.16,13.22,150.02,16.15,12.37,13.22
2026-07-06,KXINXU-26JUL06H1600,KXINXU-26JUL06H1600-T7514.9999,KXINXU,7515.0,1,7537.43,0.57,0.61,30.0,30.0,1783344660,7506.9599609375,7537.43017578125,7483.240234375,0.00893252869386564,16.15,12.37,19.04,21.5,23.16,13.22,150.02,16.15,12.37,13.22
2026-07-06,KXINXU-26JUL06H1600,KXINXU-26JUL06H1600-T7529.9999,KXINXU,7530.0,1,7537.43,0.38,0.43,50.620000000000005,44.62,1783344660,7506.9599609375,7537.43017578125,7483.240234375,0.00893252869386564,16.15,12.37,19.04,21.5,23.16,13.22,150.02,16.15,12.37,13.22
2026-07-06,KXINXU-26JUL06H1600,KXINXU-26JUL06H1600-T7544.9999,KXINXU,7545.0,0,7537.43,0.21,0.24,54.94,54.94,1783344660,7506.9599609375,7537.43017578125,7483.240234375,0.00893252869386564,16.15,12.37,19.04,21.5,23.16,13.22,150.02,16.15,12.37,13.22
2026-07-07,KXINXU-26JUL07H1600,KXINXU-26JUL07H1600-T7389.9999,KXINXU,7390.0,1,7503.74,0.96,1.0,3.0,3.0,1783431060,7516.6298828125,7503.85009765625,7537.43017578125,0.008838914156457937,15.57,12.32,18.78,21.24,23.05,8.73,145.38,15.57,12.32,8.73
2026-07-07,KXINXU-26JUL07H1600,KXINXU-26JUL07H1600-T7464.9999,KXINXU,7465.0,1,7503.74,0.94,0.95,10.0,10.0,1783431060,7516.6298828125,7503.85009765625,7537.43017578125,0.008838914156457937,15.57,12.32,18.78,21.24,23.05,8.73,145.38,15.57,12.32,8.73
2026-07-07,KXINXU-26JUL07H1600,KXINXU-26JUL07H1600-T7509.9999,KXINXU,7510.0,0,7503.74,0.75,0.77,106.0,106.0,1783431060,7516.6298828125,7503.85009765625,7537.43017578125,0.008838914156457937,15.57,12.32,18.78,21.24,23.05,8.73,145.38,15.57,12.32,8.73
2026-07-07,KXINXU-26JUL07H1600,KXINXU-26JUL07H1600-T7524.9999,KXINXU,7525.0,0,7503.74,0.62,0.63,750.0,750.0,1783431060,7516.6298828125,7503.85009765625,7537.43017578125,0.008838914156457937,15.57,12.32,18.78,21.24,23.05,8.73,145.38,15.57,12.32,8.73
2026-07-07,KXINXU-26JUL07H1600,KXINXU-26JUL07H1600-T7539.9999,KXINXU,7540.0,0,7503.74,0.43,0.45,287.23,270.0,1783431060,7516.6298828125,7503.85009765625,7537.43017578125,0.008838914156457937,15.57,12.32,18.78,21.24,23.05,8.73,145.38,15.57,12.32,8.73
2026-07-07,KXINXU-26JUL07H1600,KXINXU-26JUL07H1600-T7554.9999,KXINXU,7555.0,0,7503.74,0.26,0.29,278.59,256.0,1783431060,7516.6298828125,7503.85009765625,7537.43017578125,0.008838914156457937,15.57,12.32,18.78,21.24,23.05,8.73,145.38,15.57,12.32,8.73
2026-07-07,KXINXU-26JUL07H1600,KXINXU-26JUL07H1600-T7569.9999,KXINXU,7570.0,0,7503.74,0.12,0.14,240.0,240.0,1783431060,7516.6298828125,7503.85009765625,7537.43017578125,0.008838914156457937,15.57,12.32,18.78,21.24,23.05,8.73,145.38,15.57,12.32,8.73
2026-07-08,KXINXU-26JUL08H1600,KXINXU-26JUL08H1600-T7374.9999,KXINXU,7375.0,1,7482.57,0.92,0.94,383.0,383.0,1783517460,7476.5400390625,7482.7099609375,7503.85009765625,0.008639611596506485,16.13,13.42,19.01,21.38,23.13,10.66,145.74,16.13,13.42,10.66
2026-07-08,KXINXU-26JUL08H1600,KXINXU-26JUL08H1600-T7389.9999,KXINXU,7390.0,1,7482.57,0.88,0.91,501.1,401.1,1783517460,7476.5400390625,7482.7099609375,7503.85009765625,0.008639611596506485,16.13,13.42,19.01,21.38,23.13,10.66,145.74,16.13,13.42,10.66
2026-07-08,KXINXU-26JUL08H1600,KXINXU-26JUL08H1600-T7419.9999,KXINXU,7420.0,1,7482.57,0.77,0.8,907.0,907.0,1783517460,7476.5400390625,7482.7099609375,7503.85009765625,0.008639611596506485,16.13,13.42,19.01,21.38,23.13,10.66,145.74,16.13,13.42,10.66
2026-07-08,KXINXU-26JUL08H1600,KXINXU-26JUL08H1600-T7434.9999,KXINXU,7435.0,1,7482.57,0.69,0.72,329.0,329.0,1783517460,7476.5400390625,7482.7099609375,7503.85009765625,0.008639611596506485,16.13,13.42,19.01,21.38,23.13,10.66,145.74,16.13,13.42,10.66
2026-07-08,KXINXU-26JUL08H1600,KXINXU-26JUL08H1600-T7449.9999,KXINXU,7450.0,1,7482.57,0.59,0.62,100.0,100.0,1783517460,7476.5400390625,7482.7099609375,7503.85009765625,0.008639611596506485,16.13,13.42,19.01,21.38,23.13,10.66,145.74,16.13,13.42,10.66
2026-07-08,KXINXU-26JUL08H1600,KXINXU-26JUL08H1600-T7464.9999,KXINXU,7465.0,1,7482.57,0.47,0.5,201.86,201.86,1783517460,7476.5400390625,7482.7099609375,7503.85009765625,0.008639611596506485,16.13,13.42,19.01,21.38,23.13,10.66,145.74,16.13,13.42,10.66
2026-07-08,KXINXU-26JUL08H1600,KXINXU-26JUL08H1600-T7479.9999,KXINXU,7480.0,1,7482.57,0.34,0.38,222.36,222.36,1783517460,7476.5400390625,7482.7099609375,7503.85009765625,0.008639611596506485,16.13,13.42,19.01,21.38,23.13,10.66,145.74,16.13,13.42,10.66
2026-07-08,KXINXU-26JUL08H1600,KXINXU-26JUL08H1600-T7494.9999,KXINXU,7495.0,0,7482.57,0.22,0.26,124.66,100.0,1783517460,7476.5400390625,7482.7099609375,7503.85009765625,0.008639611596506485,16.13,13.42,19.01,21.38,23.13,10.66,145.74,16.13,13.42,10.66
2026-07-08,KXINXU-26JUL08H1600,KXINXU-26JUL08H1600-T7509.9999,KXINXU,7510.0,0,7482.57,0.12,0.16,31.46,31.46,1783517460,7476.5400390625,7482.7099609375,7503.85009765625,0.008639611596506485,16.13,13.42,19.01,21.38,23.13,10.66,145.74,16.13,13.42,10.66
2026-07-09,KXINXU-26JUL09H1600,KXINXU-26JUL09H1600-T7409.9999,KXINXU,7410.0,1,7543.51,0.93,0.96,0.0,75.0,1783603860,7491.60009765625,7543.64013671875,7482.7099609375,0.008404953092124755,16.9,14.41,19.46,21.56,23.22,12.68,149.79,16.9,14.41,12.68
2026-07-09,KXINXU-26JUL09H1600,KXINXU-26JUL09H1600-T7424.9999,KXINXU,7425.0,1,7543.51,0.9,0.93,188.56,188.56,1783603860,7491.60009765625,7543.64013671875,7482.7099609375,0.008404953092124755,16.9,14.41,19.46,21.56,23.22,12.68,149.79,16.9,14.41,12.68
2026-07-09,KXINXU-26JUL09H1600,KXINXU-26JUL09H1600-T7439.9999,KXINXU,7440.0,1,7543.51,0.85,0.88,0.0,41.0,1783603860,7491.60009765625,7543.64013671875,7482.7099609375,0.008404953092124755,16.9,14.41,19.46,21.56,23.22,12.68,149.79,16.9,14.41,12.68
2026-07-09,KXINXU-26JUL09H1600,KXINXU-26JUL09H1600-T7454.9999,KXINXU,7455.0,1,7543.51,0.78,0.82,47.0,77.0,1783603860,7491.60009765625,7543.64013671875,7482.7099609375,0.008404953092124755,16.9,14.41,19.46,21.56,23.22,12.68,149.79,16.9,14.41,12.68
2026-07-09,KXINXU-26JUL09H1600,KXINXU-26JUL09H1600-T7469.9999,KXINXU,7470.0,1,7543.51,0.7,0.73,31.0,210.28,1783603860,7491.60009765625,7543.64013671875,7482.7099609375,0.008404953092124755,16.9,14.41,19.46,21.56,23.22,12.68,149.79,16.9,14.41,12.68
2026-07-09,KXINXU-26JUL09H1600,KXINXU-26JUL09H1600-T7484.9999,KXINXU,7485.0,1,7543.51,0.59,0.62,60.0,258.01,1783603860,7491.60009765625,7543.64013671875,7482.7099609375,0.008404953092124755,16.9,14.41,19.46,21.56,23.22,12.68,149.79,16.9,14.41,12.68
2026-07-09,KXINXU-26JUL09H1600,KXINXU-26JUL09H1600-T7499.9999,KXINXU,7500.0,1,7543.51,0.45,0.48,31.730000000000004,174.63,1783603860,7491.60009765625,7543.64013671875,7482.7099609375,0.008404953092124755,16.9,14.41,19.46,21.56,23.22,12.68,149.79,16.9,14.41,12.68
2026-07-09,KXINXU-26JUL09H1600,KXINXU-26JUL09H1600-T7514.9999,KXINXU,7515.0,1,7543.51,0.31,0.34,64.32,97.32,1783603860,7491.60009765625,7543.64013671875,7482.7099609375,0.008404953092124755,16.9,14.41,19.46,21.56,23.22,12.68,149.79,16.9,14.41,12.68
2026-07-09,KXINXU-26JUL09H1600,KXINXU-26JUL09H1600-T7529.9999,KXINXU,7530.0,1,7543.51,0.17,0.21,30.0,35.0,1783603860,7491.60009765625,7543.64013671875,7482.7099609375,0.008404953092124755,16.9,14.41,19.46,21.56,23.22,12.68,149.79,16.9,14.41,12.68
2026-07-09,KXINXU-26JUL09H1600,KXINXU-26JUL09H1600-T7544.9999,KXINXU,7545.0,0,7543.51,0.1,0.12,0.0,150.48,1783603860,7491.60009765625,7543.64013671875,7482.7099609375,0.008404953092124755,16.9,14.41,19.46,21.56,23.22,12.68,149.79,16.9,14.41,12.68
2026-07-09,KXINXU-26JUL09H1600,KXINXU-26JUL09H1600-T7604.9999,KXINXU,7605.0,0,7543.51,0.0,0.02,0.0,150.0,1783603860,7491.60009765625,7543.64013671875,7482.7099609375,0.008404953092124755,16.9,14.41,19.46,21.56,23.22,12.68,149.79,16.9,14.41,12.68
2026-07-10,KXINXU-26JUL10H1600,KXINXU-26JUL10H1600-T7499.9999,KXINXU,7500.0,1,7575.26,0.89,0.93,120.0,1522.56,1783690260,7547.64013671875,7575.39013671875,7543.64013671875,0.008387622386356855,15.84,12.5,18.99,21.32,23.09,10.13,144.67,15.84,12.5,10.13
2026-07-10,KXINXU-26JUL10H1600,KXINXU-26JUL10H1600-T7514.9999,KXINXU,7515.0,1,7575.26,0.83,0.87,63.0,153.0,1783690260,7547.64013671875,7575.39013671875,7543.64013671875,0.008387622386356855,15.84,12.5,18.99,21.32,23.09,10.13,144.67,15.84,12.5,10.13
2026-07-10,KXINXU-26JUL10H1600,KXINXU-26JUL10H1600-T7529.9999,KXINXU,7530.0,1,7575.26,0.73,0.77,81.55,245.06,1783690260,7547.64013671875,7575.39013671875,7543.64013671875,0.008387622386356855,15.84,12.5,18.99,21.32,23.09,10.13,144.67,15.84,12.5,10.13
2026-07-10,KXINXU-26JUL10H1600,KXINXU-26JUL10H1600-T7544.9999,KXINXU,7545.0,1,7575.26,0.59,0.63,48.36,579.99,1783690260,7547.64013671875,7575.39013671875,7543.64013671875,0.008387622386356855,15.84,12.5,18.99,21.32,23.09,10.13,144.67,15.84,12.5,10.13
2026-07-10,KXINXU-26JUL10H1600,KXINXU-26JUL10H1600-T7559.9999,KXINXU,7560.0,1,7575.26,0.42,0.46,0.0,220.0,1783690260,7547.64013671875,7575.39013671875,7543.64013671875,0.008387622386356855,15.84,12.5,18.99,21.32,23.09,10.13,144.67,15.84,12.5,10.13
2026-07-10,KXINXU-26JUL10H1600,KXINXU-26JUL10H1600-T7574.9999,KXINXU,7575.0,1,7575.26,0.24,0.29,0.0,1000.0,1783690260,7547.64013671875,7575.39013671875,7543.64013671875,0.008387622386356855,15.84,12.5,18.99,21.32,23.09,10.13,144.67,15.84,12.5,10.13
2026-07-10,KXINXU-26JUL10H1600,KXINXU-26JUL10H1600-T7589.9999,KXINXU,7590.0,0,7575.26,0.1,0.15,0.0,1000.0,1783690260,7547.64013671875,7575.39013671875,7543.64013671875,0.008387622386356855,15.84,12.5,18.99,21.32,23.09,10.13,144.67,15.84,12.5,10.13
2026-07-13,KXINXU-26JUL13H1600,KXINXU-26JUL13H1600-T7454.9999,KXINXU,7455.0,1,7515.84,0.97,1.0,0.0,10.63,1783949460,7547.52978515625,7515.33984375,7575.39013671875,0.008196921295246674,15.03,11.15,18.57,21.09,22.97,9.9,144.27,15.03,11.15,9.9
2026-07-13,KXINXU-26JUL13H1600,KXINXU-26JUL13H1600-T7469.9999,KXINXU,7470.0,1,7515.84,0.96,0.99,0.0,107.98,1783949460,7547.52978515625,7515.33984375,7575.39013671875,0.008196921295246674,15.03,11.15,18.57,21.09,22.97,9.9,144.27,15.03,11.15,9.9
2026-07-13,KXINXU-26JUL13H1600,KXINXU-26JUL13H1600-T7484.9999,KXINXU,7485.0,1,7515.84,0.95,0.97,0.0,496.62,1783949460,7547.52978515625,7515.33984375,7575.39013671875,0.008196921295246674,15.03,11.15,18.57,21.09,22.97,9.9,144.27,15.03,11.15,9.9
2026-07-13,KXINXU-26JUL13H1600,KXINXU-26JUL13H1600-T7499.9999,KXINXU,7500.0,1,7515.84,0.92,0.95,1943.17,1943.17,1783949460,7547.52978515625,7515.33984375,7575.39013671875,0.008196921295246674,15.03,11.15,18.57,21.09,22.97,9.9,144.27,15.03,11.15,9.9
2026-07-13,KXINXU-26JUL13H1600,KXINXU-26JUL13H1600-T7514.9999,KXINXU,7515.0,1,7515.84,0.87,0.91,0.0,2.0,1783949460,7547.52978515625,7515.33984375,7575.39013671875,0.008196921295246674,15.03,11.15,18.57,21.09,22.97,9.9,144.27,15.03,11.15,9.9
2026-07-13,KXINXU-26JUL13H1600,KXINXU-26JUL13H1600-T7529.9999,KXINXU,7530.0,0,7515.84,0.8,0.84,18.28,957.47,1783949460,7547.52978515625,7515.33984375,7575.39013671875,0.008196921295246674,15.03,11.15,18.57,21.09,22.97,9.9,144.27,15.03,11.15,9.9
2026-07-13,KXINXU-26JUL13H1600,KXINXU-26JUL13H1600-T7544.9999,KXINXU,7545.0,0,7515.84,0.68,0.7,1156.23,9497.76,1783949460,7547.52978515625,7515.33984375,7575.39013671875,0.008196921295246674,15.03,11.15,18.57,21.09,22.97,9.9,144.27,15.03,11.15,9.9
2026-07-13,KXINXU-26JUL13H1600,KXINXU-26JUL13H1600-T7559.9999,KXINXU,7560.0,0,7515.84,0.51,0.54,0.0,284.79,1783949460,7547.52978515625,7515.33984375,7575.39013671875,0.008196921295246674,15.03,11.15,18.57,21.09,22.97,9.9,144.27,15.03,11.15,9.9
2026-07-13,KXINXU-26JUL13H1600,KXINXU-26JUL13H1600-T7574.9999,KXINXU,7575.0,0,7515.84,0.31,0.36,0.0,307.19,1783949460,7547.52978515625,7515.33984375,7575.39013671875,0.008196921295246674,15.03,11.15,18.57,21.09,22.97,9.9,144.27,15.03,11.15,9.9
2026-07-13,KXINXU-26JUL13H1600,KXINXU-26JUL13H1600-T7589.9999,KXINXU,7590.0,0,7515.84,0.15,0.2,0.0,158.14,1783949460,7547.52978515625,7515.33984375,7575.39013671875,0.008196921295246674,15.03,11.15,18.57,21.09,22.97,9.9,144.27,15.03,11.15,9.9
2026-07-13,KXINXU-26JUL13H1600,KXINXU-26JUL13H1600-T7604.9999,KXINXU,7605.0,0,7515.84,0.05,0.1,0.0,465.0,1783949460,7547.52978515625,7515.33984375,7575.39013671875,0.008196921295246674,15.03,11.15,18.57,21.09,22.97,9.9,144.27,15.03,11.15,9.9
2026-07-13,KXINXU-26JUL13H1600,KXINXU-26JUL13H1600-T7619.9999,KXINXU,7620.0,0,7515.84,0.01,0.04,0.0,498.13,1783949460,7547.52978515625,7515.33984375,7575.39013671875,0.008196921295246674,15.03,11.15,18.57,21.09,22.97,9.9,144.27,15.03,11.15,9.9
2026-07-14,KXINXU-26JUL14H1600,KXINXU-26JUL14H1600-T7424.9999,KXINXU,7425.0,1,7543.88,0.96,0.99,0.0,525.39,1784035860,7536.7001953125,7543.58984375,7515.33984375,0.008177956498140857,17.16,15.13,19.64,21.69,23.42,14.63,145.69,17.16,15.13,14.63
2026-07-14,KXINXU-26JUL14H1600,KXINXU-26JUL14H1600-T7439.9999,KXINXU,7440.0,1,7543.88,0.95,0.97,0.0,1.0,1784035860,7536.7001953125,7543.58984375,7515.33984375,0.008177956498140857,17.16,15.13,19.64,21.69,23.42,14.63,145.69,17.16,15.13,14.63
2026-07-14,KXINXU-26JUL14H1600,KXINXU-26JUL14H1600-T7469.9999,KXINXU,7470.0,1,7543.88,0.89,0.92,0.0,2.0,1784035860,7536.7001953125,7543.58984375,7515.33984375,0.008177956498140857,17.16,15.13,19.64,21.69,23.42,14.63,145.69,17.16,15.13,14.63
2026-07-14,KXINXU-26JUL14H1600,KXINXU-26JUL14H1600-T7484.9999,KXINXU,7485.0,1,7543.88,0.83,0.87,0.0,461.0,1784035860,7536.7001953125,7543.58984375,7515.33984375,0.008177956498140857,17.16,15.13,19.64,21.69,23.42,14.63,145.69,17.16,15.13,14.63
2026-07-14,KXINXU-26JUL14H1600,KXINXU-26JUL14H1600-T7499.9999,KXINXU,7500.0,1,7543.88,0.76,0.79,41.0,426.18,1784035860,7536.7001953125,7543.58984375,7515.33984375,0.008177956498140857,17.16,15.13,19.64,21.69,23.42,14.63,145.69,17.16,15.13,14.63
2026-07-14,KXINXU-26JUL14H1600,KXINXU-26JUL14H1600-T7514.9999,KXINXU,7515.0,1,7543.88,0.65,0.69,0.0,2632.96,1784035860,7536.7001953125,7543.58984375,7515.33984375,0.008177956498140857,17.16,15.13,19.64,21.69,23.42,14.63,145.69,17.16,15.13,14.63
2026-07-14,KXINXU-26JUL14H1600,KXINXU-26JUL14H1600-T7529.9999,KXINXU,7530.0,1,7543.88,0.53,0.56,0.0,721.69,1784035860,7536.7001953125,7543.58984375,7515.33984375,0.008177956498140857,17.16,15.13,19.64,21.69,23.42,14.63,145.69,17.16,15.13,14.63
2026-07-14,KXINXU-26JUL14H1600,KXINXU-26JUL14H1600-T7544.9999,KXINXU,7545.0,0,7543.88,0.4,0.43,192.0,210.0,1784035860,7536.7001953125,7543.58984375,7515.33984375,0.008177956498140857,17.16,15.13,19.64,21.69,23.42,14.63,145.69,17.16,15.13,14.63
2026-07-14,KXINXU-26JUL14H1600,KXINXU-26JUL14H1600-T7559.9999,KXINXU,7560.0,0,7543.88,0.25,0.3,18.46,20.65,1784035860,7536.7001953125,7543.58984375,7515.33984375,0.008177956498140857,17.16,15.13,19.64,21.69,23.42,14.63,145.69,17.16,15.13,14.63
2026-07-14,KXINXU-26JUL14H1600,KXINXU-26JUL14H1600-T7574.9999,KXINXU,7575.0,0,7543.88,0.15,0.2,0.0,1.0,1784035860,7536.7001953125,7543.58984375,7515.33984375,0.008177956498140857,17.16,15.13,19.64,21.69,23.42,14.63,145.69,17.16,15.13,14.63
2026-07-14,KXINXU-26JUL14H1600,KXINXU-26JUL14H1600-T7589.9999,KXINXU,7590.0,0,7543.88,0.08,0.12,15.0,16.0,1784035860,7536.7001953125,7543.58984375,7515.33984375,0.008177956498140857,17.16,15.13,19.64,21.69,23.42,14.63,145.69,17.16,15.13,14.63
2026-07-14,KXINXU-26JUL14H1600,KXINXU-26JUL14H1600-T7604.9999,KXINXU,7605.0,0,7543.88,0.03,0.06,1.0,12.11,1784035860,7536.7001953125,7543.58984375,7515.33984375,0.008177956498140857,17.16,15.13,19.64,21.69,23.42,14.63,145.69,17.16,15.13,14.63
2026-07-14,KXINXU-26JUL14H1600,KXINXU-26JUL14H1600-T7619.9999,KXINXU,7620.0,0,7543.88,0.01,0.03,15.0,25.75,1784035860,7536.7001953125,7543.58984375,7515.33984375,0.008177956498140857,17.16,15.13,19.64,21.69,23.42,14.63,145.69,17.16,15.13,14.63
2026-07-14,KXINXU-26JUL14H1600,KXINXU-26JUL14H1600-T7634.9999,KXINXU,7635.0,0,7543.88,0.0,0.02,1.0,11.41,1784035500,7536.7001953125,7543.58984375,7515.33984375,0.008177956498140857,17.16,15.13,19.64,21.69,23.42,14.63,145.69,17.16,15.13,14.63
2026-07-15,KXINXU-26JUL15H1600,KXINXU-26JUL15H1600-T7484.9999,KXINXU,7485.0,1,7572.42,0.97,0.98,0.0,94.0,1784122260,7571.72021484375,7572.39990234375,7543.58984375,0.007981118686266194,16.5,13.46,19.3,21.52,23.28,10.57,145.13,16.5,13.46,10.57
2026-07-15,KXINXU-26JUL15H1600,KXINXU-26JUL15H1600-T7499.9999,KXINXU,7500.0,1,7572.42,0.95,0.98,0.0,1120.0,1784122260,7571.72021484375,7572.39990234375,7543.58984375,0.007981118686266194,16.5,13.46,19.3,21.52,23.28,10.57,145.13,16.5,13.46,10.57
2026-07-15,KXINXU-26JUL15H1600,KXINXU-26JUL15H1600-T7514.9999,KXINXU,7515.0,1,7572.42,0.92,0.95,19.0,19.0,1784122260,7571.72021484375,7572.39990234375,7543.58984375,0.007981118686266194,16.5,13.46,19.3,21.52,23.28,10.57,145.13,16.5,13.46,10.57
2026-07-15,KXINXU-26JUL15H1600,KXINXU-26JUL15H1600-T7529.9999,KXINXU,7530.0,1,7572.42,0.87,0.91,0.0,51.0,1784122260,7571.72021484375,7572.39990234375,7543.58984375,0.007981118686266194,16.5,13.46,19.3,21.52,23.28,10.57,145.13,16.5,13.46,10.57
2026-07-15,KXINXU-26JUL15H1600,KXINXU-26JUL15H1600-T7544.9999,KXINXU,7545.0,1,7572.42,0.78,0.83,0.0,4416.19,1784122260,7571.72021484375,7572.39990234375,7543.58984375,0.007981118686266194,16.5,13.46,19.3,21.52,23.28,10.57,145.13,16.5,13.46,10.57
2026-07-15,KXINXU-26JUL15H1600,KXINXU-26JUL15H1600-T7619.9999,KXINXU,7620.0,0,7572.42,0.02,0.06,0.0,2000.0,1784122260,7571.72021484375,7572.39990234375,7543.58984375,0.007981118686266194,16.5,13.46,19.3,21.52,23.28,10.57,145.13,16.5,13.46,10.57
2026-07-16,KXINXU-26JUL16H1600,KXINXU-26JUL16H1600-T7469.9999,KXINXU,7470.0,1,7533.89,0.96,0.99,0.0,100.0,1784208660,7558.7998046875,7533.77001953125,7572.39990234375,0.007793066037427506,15.67,12.06,18.91,21.23,23.13,9.51,148.51,15.67,12.06,9.51
2026-07-16,KXINXU-26JUL16H1600,KXINXU-26JUL16H1600-T7484.9999,KXINXU,7485.0,1,7533.89,0.94,0.97,0.0,100.0,1784208660,7558.7998046875,7533.77001953125,7572.39990234375,0.007793066037427506,15.67,12.06,18.91,21.23,23.13,9.51,148.51,15.67,12.06,9.51
2026-07-16,KXINXU-26JUL16H1600,KXINXU-26JUL16H1600-T7499.9999,KXINXU,7500.0,1,7533.89,0.91,0.99,800.18,903.38,1784208660,7558.7998046875,7533.77001953125,7572.39990234375,0.007793066037427506,15.67,12.06,18.91,21.23,23.13,9.51,148.51,15.67,12.06,9.51
2026-07-16,KXINXU-26JUL16H1600,KXINXU-26JUL16H1600-T7514.9999,KXINXU,7515.0,1,7533.89,0.86,0.89,0.0,121.95,1784208660,7558.7998046875,7533.77001953125,7572.39990234375,0.007793066037427506,15.67,12.06,18.91,21.23,23.13,9.51,148.51,15.67,12.06,9.51
2026-07-16,KXINXU-26JUL16H1600,KXINXU-26JUL16H1600-T7604.9999,KXINXU,7605.0,0,7533.89,0.05,0.07,0.0,6.0,1784208660,7558.7998046875,7533.77001953125,7572.39990234375,0.007793066037427506,15.67,12.06,18.91,21.23,23.13,9.51,148.51,15.67,12.06,9.51
2026-07-16,KXINXU-26JUL16H1600,KXINXU-26JUL16H1600-T7619.9999,KXINXU,7620.0,0,7533.89,0.01,0.03,0.0,188.94,1784208660,7558.7998046875,7533.77001953125,7572.39990234375,0.007793066037427506,15.67,12.06,18.91,21.23,23.13,9.51,148.51,15.67,12.06,9.51
2026-07-16,KXINXU-26JUL16H1600,KXINXU-26JUL16H1600-T7634.9999,KXINXU,7635.0,0,7533.89,0.0,0.02,0.0,408.0,1784208540,7558.7998046875,7533.77001953125,7572.39990234375,0.007793066037427506,15.67,12.06,18.91,21.23,23.13,9.51,148.51,15.67,12.06,9.51
2026-07-16,KXINXU-26JUL16H1600,KXINXU-26JUL16H1600-T7664.9999,KXINXU,7665.0,0,7533.89,0.0,0.01,0.0,827.0,1784208660,7558.7998046875,7533.77001953125,7572.39990234375,0.007793066037427506,15.67,12.06,18.91,21.23,23.13,9.51,148.51,15.67,12.06,9.51
2026-07-17,KXINXU-26JUL17H1600,KXINXU-26JUL17H1600-T7399.9999,KXINXU,7400.0,1,7457.67,0.76,0.85,29.0,83.51,1784295060,7447.52001953125,7457.68994140625,7533.77001953125,0.007658282726677381,16.73,13.98,19.5,21.68,23.41,12.72,145.72,16.73,13.98,12.72
2026-07-17,KXINXU-26JUL17H1600,KXINXU-26JUL17H1600-T7414.9999,KXINXU,7415.0,1,7457.67,0.7,0.77,1.0,48.41,1784295060,7447.52001953125,7457.68994140625,7533.77001953125,0.007658282726677381,16.73,13.98,19.5,21.68,23.41,12.72,145.72,16.73,13.98,12.72
2026-07-17,KXINXU-26JUL17H1600,KXINXU-26JUL17H1600-T7429.9999,KXINXU,7430.0,1,7457.67,0.61,0.68,101.0,490.99,1784295060,7447.52001953125,7457.68994140625,7533.77001953125,0.007658282726677381,16.73,13.98,19.5,21.68,23.41,12.72,145.72,16.73,13.98,12.72
2026-07-17,KXINXU-26JUL17H1600,KXINXU-26JUL17H1600-T7444.9999,KXINXU,7445.0,1,7457.67,0.54,0.57,104.94,149.05,1784295060,7447.52001953125,7457.68994140625,7533.77001953125,0.007658282726677381,16.73,13.98,19.5,21.68,23.41,12.72,145.72,16.73,13.98,12.72
2026-07-17,KXINXU-26JUL17H1600,KXINXU-26JUL17H1600-T7459.9999,KXINXU,7460.0,0,7457.67,0.44,0.47,401.93,506.2,1784295060,7447.52001953125,7457.68994140625,7533.77001953125,0.007658282726677381,16.73,13.98,19.5,21.68,23.41,12.72,145.72,16.73,13.98,12.72
2026-07-17,KXINXU-26JUL17H1600,KXINXU-26JUL17H1600-T7474.9999,KXINXU,7475.0,0,7457.67,0.3,0.37,111.99,321.11,1784295060,7447.52001953125,7457.68994140625,7533.77001953125,0.007658282726677381,16.73,13.98,19.5,21.68,23.41,12.72,145.72,16.73,13.98,12.72
2026-07-17,KXINXU-26JUL17H1600,KXINXU-26JUL17H1600-T7489.9999,KXINXU,7490.0,0,7457.67,0.2,0.29,18.71,29.71,1784295060,7447.52001953125,7457.68994140625,7533.77001953125,0.007658282726677381,16.73,13.98,19.5,21.68,23.41,12.72,145.72,16.73,13.98,12.72
2026-07-17,KXINXU-26JUL17H1600,KXINXU-26JUL17H1600-T7504.9999,KXINXU,7505.0,0,7457.67,0.12,0.21,0.0,17.55,1784295060,7447.52001953125,7457.68994140625,7533.77001953125,0.007658282726677381,16.73,13.98,19.5,21.68,23.41,12.72,145.72,16.73,13.98,12.72
2026-07-17,KXINXU-26JUL17H1600,KXINXU-26JUL17H1600-T7519.9999,KXINXU,7520.0,0,7457.67,0.1,0.14,1.0,26.1,1784295060,7447.52001953125,7457.68994140625,7533.77001953125,0.007658282726677381,16.73,13.98,19.5,21.68,23.41,12.72,145.72,16.73,13.98,12.72
2026-07-17,KXINXU-26JUL17H1600,KXINXU-26JUL17H1600-T7534.9999,KXINXU,7535.0,0,7457.67,0.06,0.09,3.0,314.62,1784295060,7447.52001953125,7457.68994140625,7533.77001953125,0.007658282726677381,16.73,13.98,19.5,21.68,23.41,12.72,145.72,16.73,13.98,12.72
2026-07-17,KXINXU-26JUL17H1600,KXINXU-26JUL17H1600-T7549.9999,KXINXU,7550.0,0,7457.67,0.03,0.05,2.0,96.0,1784295060,7447.52001953125,7457.68994140625,7533.77001953125,0.007658282726677381,16.73,13.98,19.5,21.68,23.41,12.72,145.72,16.73,13.98,12.72
2026-07-17,KXINXU-26JUL17H1600,KXINXU-26JUL17H1600-T7564.9999,KXINXU,7565.0,0,7457.67,0.02,0.04,1.0,10.15,1784295060,7447.52001953125,7457.68994140625,7533.77001953125,0.007658282726677381,16.73,13.98,19.5,21.68,23.41,12.72,145.72,16.73,13.98,12.72
2026-07-20,KXINXU-26JUL20H1600,KXINXU-26JUL20H1600-T7324.9999,KXINXU,7325.0,1,7443.48,0.98,1.0,10.0,215.0,1784553900,7489.18017578125,7443.27978515625,7457.68994140625,0.007831616087402588,18.77,16.85,20.54,22.28,23.82,16.69,147.28,18.77,16.85,16.69
2026-07-20,KXINXU-26JUL20H1600,KXINXU-26JUL20H1600-T7339.9999,KXINXU,7340.0,1,7443.48,0.98,1.0,0.0,107.07,1784553900,7489.18017578125,7443.27978515625,7457.68994140625,0.007831616087402588,18.77,16.85,20.54,22.28,23.82,16.69,147.28,18.77,16.85,16.69
2026-07-20,KXINXU-26JUL20H1600,KXINXU-26JUL20H1600-T7354.9999,KXINXU,7355.0,1,7443.48,0.98,1.0,0.0,1169.0,1784554260,7489.18017578125,7443.27978515625,7457.68994140625,0.007831616087402588,18.77,16.85,20.54,22.28,23.82,16.69,147.28,18.77,16.85,16.69
2026-07-20,KXINXU-26JUL20H1600,KXINXU-26JUL20H1600-T7369.9999,KXINXU,7370.0,1,7443.48,0.98,1.0,0.0,110.0,1784554260,7489.18017578125,7443.27978515625,7457.68994140625,0.007831616087402588,18.77,16.85,20.54,22.28,23.82,16.69,147.28,18.77,16.85,16.69
2026-07-20,KXINXU-26JUL20H1600,KXINXU-26JUL20H1600-T7384.9999,KXINXU,7385.0,1,7443.48,0.97,1.0,12.0,89.56,1784554260,7489.18017578125,7443.27978515625,7457.68994140625,0.007831616087402588,18.77,16.85,20.54,22.28,23.82,16.69,147.28,18.77,16.85,16.69
2026-07-20,KXINXU-26JUL20H1600,KXINXU-26JUL20H1600-T7399.9999,KXINXU,7400.0,1,7443.48,0.96,0.99,0.0,227.76,1784554260,7489.18017578125,7443.27978515625,7457.68994140625,0.007831616087402588,18.77,16.85,20.54,22.28,23.82,16.69,147.28,18.77,16.85,16.69
2026-07-20,KXINXU-26JUL20H1600,KXINXU-26JUL20H1600-T7414.9999,KXINXU,7415.0,1,7443.48,0.94,0.98,2.0,11.0,1784554260,7489.18017578125,7443.27978515625,7457.68994140625,0.007831616087402588,18.77,16.85,20.54,22.28,23.82,16.69,147.28,18.77,16.85,16.69
2026-07-20,KXINXU-26JUL20H1600,KXINXU-26JUL20H1600-T7429.9999,KXINXU,7430.0,1,7443.48,0.92,0.95,0.0,12.0,1784554260,7489.18017578125,7443.27978515625,7457.68994140625,0.007831616087402588,18.77,16.85,20.54,22.28,23.82,16.69,147.28,18.77,16.85,16.69
2026-07-20,KXINXU-26JUL20H1600,KXINXU-26JUL20H1600-T7444.9999,KXINXU,7445.0,0,7443.48,0.89,0.94,10.0,302.36,1784554260,7489.18017578125,7443.27978515625,7457.68994140625,0.007831616087402588,18.77,16.85,20.54,22.28,23.82,16.69,147.28,18.77,16.85,16.69
2026-07-20,KXINXU-26JUL20H1600,KXINXU-26JUL20H1600-T7459.9999,KXINXU,7460.0,0,7443.48,0.85,0.88,172.4,988.16,1784554260,7489.18017578125,7443.27978515625,7457.68994140625,0.007831616087402588,18.77,16.85,20.54,22.28,23.82,16.69,147.28,18.77,16.85,16.69
2026-07-20,KXINXU-26JUL20H1600,KXINXU-26JUL20H1600-T7474.9999,KXINXU,7475.0,0,7443.48,0.77,0.82,2.0,1040.8,1784554260,7489.18017578125,7443.27978515625,7457.68994140625,0.007831616087402588,18.77,16.85,20.54,22.28,23.82,16.69,147.28,18.77,16.85,16.69
2026-07-20,KXINXU-26JUL20H1600,KXINXU-26JUL20H1600-T7489.9999,KXINXU,7490.0,0,7443.48,0.64,0.7,13.63,399.5,1784554260,7489.18017578125,7443.27978515625,7457.68994140625,0.007831616087402588,18.77,16.85,20.54,22.28,23.82,16.69,147.28,18.77,16.85,16.69
2026-07-20,KXINXU-26JUL20H1600,KXINXU-26JUL20H1600-T7504.9999,KXINXU,7505.0,0,7443.48,0.48,0.53,0.0,268.56,1784554260,7489.18017578125,7443.27978515625,7457.68994140625,0.007831616087402588,18.77,16.85,20.54,22.28,23.82,16.69,147.28,18.77,16.85,16.69
2026-07-20,KXINXU-26JUL20H1600,KXINXU-26JUL20H1600-T7519.9999,KXINXU,7520.0,0,7443.48,0.31,0.35,0.0,3.0,1784554260,7489.18017578125,7443.27978515625,7457.68994140625,0.007831616087402588,18.77,16.85,20.54,22.28,23.82,16.69,147.28,18.77,16.85,16.69
2026-07-20,KXINXU-26JUL20H1600,KXINXU-26JUL20H1600-T7534.9999,KXINXU,7535.0,0,7443.48,0.15,0.21,5000.0,5008.25,1784554260,7489.18017578125,7443.27978515625,7457.68994140625,0.007831616087402588,18.77,16.85,20.54,22.28,23.82,16.69,147.28,18.77,16.85,16.69
2026-07-20,KXINXU-26JUL20H1600,KXINXU-26JUL20H1600-T7549.9999,KXINXU,7550.0,0,7443.48,0.06,0.11,0.0,6.99,1784554260,7489.18017578125,7443.27978515625,7457.68994140625,0.007831616087402588,18.77,16.85,20.54,22.28,23.82,16.69,147.28,18.77,16.85,16.69
2026-07-20,KXINXU-26JUL20H1600,KXINXU-26JUL20H1600-T7579.9999,KXINXU,7580.0,0,7443.48,0.0,0.03,0.0,467.9,1784554260,7489.18017578125,7443.27978515625,7457.68994140625,0.007831616087402588,18.77,16.85,20.54,22.28,23.82,16.69,147.28,18.77,16.85,16.69
2026-07-20,KXINXU-26JUL20H1600,KXINXU-26JUL20H1600-T7594.9999,KXINXU,7595.0,0,7443.48,0.0,0.02,0.0,46.79,1784553900,7489.18017578125,7443.27978515625,7457.68994140625,0.007831616087402588,18.77,16.85,20.54,22.28,23.82,16.69,147.28,18.77,16.85,16.69
2026-07-21,KXINXU-26JUL21H1600,KXINXU-26JUL21H1600-T7299.9999,KXINXU,7300.0,1,7509.21,0.99,1.0,0.0,287.52,1784640300,7489.9501953125,7509.2001953125,7443.27978515625,0.00760735150418696,18.65,17.78,20.4,22.2,23.67,13.43,146.05,18.65,17.78,13.43
2026-07-21,KXINXU-26JUL21H1600,KXINXU-26JUL21H1600-T7314.9999,KXINXU,7315.0,1,7509.21,0.98,1.0,0.0,31.21,1784640660,7489.9501953125,7509.2001953125,7443.27978515625,0.00760735150418696,18.65,17.78,20.4,22.2,23.67,13.43,146.05,18.65,17.78,13.43
2026-07-21,KXINXU-26JUL21H1600,KXINXU-26JUL21H1600-T7329.9999,KXINXU,7330.0,1,7509.21,0.98,1.0,0.0,10.52,1784640300,7489.9501953125,7509.2001953125,7443.27978515625,0.00760735150418696,18.65,17.78,20.4,22.2,23.67,13.43,146.05,18.65,17.78,13.43
2026-07-21,KXINXU-26JUL21H1600,KXINXU-26JUL21H1600-T7344.9999,KXINXU,7345.0,1,7509.21,0.98,1.0,0.0,10.86,1784640300,7489.9501953125,7509.2001953125,7443.27978515625,0.00760735150418696,18.65,17.78,20.4,22.2,23.67,13.43,146.05,18.65,17.78,13.43
2026-07-21,KXINXU-26JUL21H1600,KXINXU-26JUL21H1600-T7359.9999,KXINXU,7360.0,1,7509.21,0.98,1.0,0.0,619.17,1784640300,7489.9501953125,7509.2001953125,7443.27978515625,0.00760735150418696,18.65,17.78,20.4,22.2,23.67,13.43,146.05,18.65,17.78,13.43
2026-07-21,KXINXU-26JUL21H1600,KXINXU-26JUL21H1600-T7374.9999,KXINXU,7375.0,1,7509.21,0.97,1.0,0.0,20.0,1784640660,7489.9501953125,7509.2001953125,7443.27978515625,0.00760735150418696,18.65,17.78,20.4,22.2,23.67,13.43,146.05,18.65,17.78,13.43
2026-07-21,KXINXU-26JUL21H1600,KXINXU-26JUL21H1600-T7389.9999,KXINXU,7390.0,1,7509.21,0.96,0.99,0.0,3275.56,1784640660,7489.9501953125,7509.2001953125,7443.27978515625,0.00760735150418696,18.65,17.78,20.4,22.2,23.67,13.43,146.05,18.65,17.78,13.43
2026-07-21,KXINXU-26JUL21H1600,KXINXU-26JUL21H1600-T7404.9999,KXINXU,7405.0,1,7509.21,0.95,0.97,0.0,100.8,1784640660,7489.9501953125,7509.2001953125,7443.27978515625,0.00760735150418696,18.65,17.78,20.4,22.2,23.67,13.43,146.05,18.65,17.78,13.43
2026-07-21,KXINXU-26JUL21H1600,KXINXU-26JUL21H1600-T7419.9999,KXINXU,7420.0,1,7509.21,0.91,0.95,0.0,31.23,1784640660,7489.9501953125,7509.2001953125,7443.27978515625,0.00760735150418696,18.65,17.78,20.4,22.2,23.67,13.43,146.05,18.65,17.78,13.43
2026-07-21,KXINXU-26JUL21H1600,KXINXU-26JUL21H1600-T7434.9999,KXINXU,7435.0,1,7509.21,0.86,0.91,0.0,6043.72,1784640660,7489.9501953125,7509.2001953125,7443.27978515625,0.00760735150418696,18.65,17.78,20.4,22.2,23.67,13.43,146.05,18.65,17.78,13.43
2026-07-21,KXINXU-26JUL21H1600,KXINXU-26JUL21H1600-T7449.9999,KXINXU,7450.0,1,7509.21,0.79,0.85,236.61,1948.2,1784640660,7489.9501953125,7509.2001953125,7443.27978515625,0.00760735150418696,18.65,17.78,20.4,22.2,23.67,13.43,146.05,18.65,17.78,13.43
2026-07-21,KXINXU-26JUL21H1600,KXINXU-26JUL21H1600-T7464.9999,KXINXU,7465.0,1,7509.21,0.7,0.75,0.0,3363.31,1784640660,7489.9501953125,7509.2001953125,7443.27978515625,0.00760735150418696,18.65,17.78,20.4,22.2,23.67,13.43,146.05,18.65,17.78,13.43
2026-07-21,KXINXU-26JUL21H1600,KXINXU-26JUL21H1600-T7479.9999,KXINXU,7480.0,1,7509.21,0.57,0.62,338.72,1408.87,1784640660,7489.9501953125,7509.2001953125,7443.27978515625,0.00760735150418696,18.65,17.78,20.4,22.2,23.67,13.43,146.05,18.65,17.78,13.43
2026-07-21,KXINXU-26JUL21H1600,KXINXU-26JUL21H1600-T7494.9999,KXINXU,7495.0,1,7509.21,0.4,0.45,0.0,467.41,1784640660,7489.9501953125,7509.2001953125,7443.27978515625,0.00760735150418696,18.65,17.78,20.4,22.2,23.67,13.43,146.05,18.65,17.78,13.43
2026-07-21,KXINXU-26JUL21H1600,KXINXU-26JUL21H1600-T7509.9999,KXINXU,7510.0,0,7509.21,0.21,0.27,0.0,4007.0,1784640660,7489.9501953125,7509.2001953125,7443.27978515625,0.00760735150418696,18.65,17.78,20.4,22.2,23.67,13.43,146.05,18.65,17.78,13.43
2026-07-21,KXINXU-26JUL21H1600,KXINXU-26JUL21H1600-T7524.9999,KXINXU,7525.0,0,7509.21,0.07,0.12,0.0,1034.99,1784640660,7489.9501953125,7509.2001953125,7443.27978515625,0.00760735150418696,18.65,17.78,20.4,22.2,23.67,13.43,146.05,18.65,17.78,13.43
2026-07-21,KXINXU-26JUL21H1600,KXINXU-26JUL21H1600-T7554.9999,KXINXU,7555.0,0,7509.21,0.01,0.04,0.31,46.31,1784640660,7489.9501953125,7509.2001953125,7443.27978515625,0.00760735150418696,18.65,17.78,20.4,22.2,23.67,13.43,146.05,18.65,17.78,13.43
2026-07-22,KXINXU-26JUL22H1600,KXINXU-26JUL22H1600-T7374.9999,KXINXU,7375.0,1,7499.05,0.98,1.0,0.0,100.0,1784726940,7497.47021484375,7498.9599609375,7509.2001953125,0.007683568109119877,17.05,15.48,19.59,21.66,23.31,10.14,151.66,17.05,15.48,10.14
2026-07-22,KXINXU-26JUL22H1600,KXINXU-26JUL22H1600-T7404.9999,KXINXU,7405.0,1,7499.05,0.96,0.99,0.0,100.0,1784727060,7497.47021484375,7498.9599609375,7509.2001953125,0.007683568109119877,17.05,15.48,19.59,21.66,23.31,10.14,151.66,17.05,15.48,10.14
2026-07-22,KXINXU-26JUL22H1600,KXINXU-26JUL22H1600-T7419.9999,KXINXU,7420.0,1,7499.05,0.95,0.97,0.0,230.11,1784727060,7497.47021484375,7498.9599609375,7509.2001953125,0.007683568109119877,17.05,15.48,19.59,21.66,23.31,10.14,151.66,17.05,15.48,10.14
2026-07-22,KXINXU-26JUL22H1600,KXINXU-26JUL22H1600-T7434.9999,KXINXU,7435.0,1,7499.05,0.92,0.95,0.0,4150.4,1784727060,7497.47021484375,7498.9599609375,7509.2001953125,0.007683568109119877,17.05,15.48,19.59,21.66,23.31,10.14,151.66,17.05,15.48,10.14
2026-07-22,KXINXU-26JUL22H1600,KXINXU-26JUL22H1600-T7449.9999,KXINXU,7450.0,1,7499.05,0.86,0.9,0.0,268.74,1784727060,7497.47021484375,7498.9599609375,7509.2001953125,0.007683568109119877,17.05,15.48,19.59,21.66,23.31,10.14,151.66,17.05,15.48,10.14
2026-07-22,KXINXU-26JUL22H1600,KXINXU-26JUL22H1600-T7464.9999,KXINXU,7465.0,1,7499.05,0.78,0.83,0.0,1155.19,1784727060,7497.47021484375,7498.9599609375,7509.2001953125,0.007683568109119877,17.05,15.48,19.59,21.66,23.31,10.14,151.66,17.05,15.48,10.14
2026-07-22,KXINXU-26JUL22H1600,KXINXU-26JUL22H1600-T7479.9999,KXINXU,7480.0,1,7499.05,0.67,0.71,18.65,1393.77,1784727060,7497.47021484375,7498.9599609375,7509.2001953125,0.007683568109119877,17.05,15.48,19.59,21.66,23.31,10.14,151.66,17.05,15.48,10.14
2026-07-22,KXINXU-26JUL22H1600,KXINXU-26JUL22H1600-T7494.9999,KXINXU,7495.0,1,7499.05,0.53,0.56,24.32,609.89,1784727060,7497.47021484375,7498.9599609375,7509.2001953125,0.007683568109119877,17.05,15.48,19.59,21.66,23.31,10.14,151.66,17.05,15.48,10.14
2026-07-22,KXINXU-26JUL22H1600,KXINXU-26JUL22H1600-T7509.9999,KXINXU,7510.0,0,7499.05,0.34,0.39,158.13,4931.59,1784727060,7497.47021484375,7498.9599609375,7509.2001953125,0.007683568109119877,17.05,15.48,19.59,21.66,23.31,10.14,151.66,17.05,15.48,10.14
2026-07-22,KXINXU-26JUL22H1600,KXINXU-26JUL22H1600-T7524.9999,KXINXU,7525.0,0,7499.05,0.17,0.22,116.74,1519.07,1784727060,7497.47021484375,7498.9599609375,7509.2001953125,0.007683568109119877,17.05,15.48,19.59,21.66,23.31,10.14,151.66,17.05,15.48,10.14
2026-07-22,KXINXU-26JUL22H1600,KXINXU-26JUL22H1600-T7539.9999,KXINXU,7540.0,0,7499.05,0.05,0.1,73.0,2447.03,1784727060,7497.47021484375,7498.9599609375,7509.2001953125,0.007683568109119877,17.05,15.48,19.59,21.66,23.31,10.14,151.66,17.05,15.48,10.14
2026-07-22,KXINXU-26JUL22H1600,KXINXU-26JUL22H1600-T7554.9999,KXINXU,7555.0,0,7499.05,0.02,0.04,0.0,419.0,1784727060,7497.47021484375,7498.9599609375,7509.2001953125,0.007683568109119877,17.05,15.48,19.59,21.66,23.31,10.14,151.66,17.05,15.48,10.14
2026-07-22,KXINXU-26JUL22H1600,KXINXU-26JUL22H1600-T7569.9999,KXINXU,7570.0,0,7499.05,0.0,0.02,0.0,1600.0,1784726820,7497.47021484375,7498.9599609375,7509.2001953125,0.007683568109119877,17.05,15.48,19.59,21.66,23.31,10.14,151.66,17.05,15.48,10.14
2026-07-23,KXINXU-26JUL23H1600,KXINXU-26JUL23H1600-T7349.9999,KXINXU,7350.0,1,7408.11,0.86,0.9,2.0,47.79,1784813460,7418.2900390625,7408.2998046875,7498.9599609375,0.0074568741393259644,16.64,14.88,19.54,21.68,23.4,11.39,150.19,16.64,14.88,11.39
2026-07-23,KXINXU-26JUL23H1600,KXINXU-26JUL23H1600-T7364.9999,KXINXU,7365.0,1,7408.11,0.81,0.84,2.0,104.0,1784813460,7418.2900390625,7408.2998046875,7498.9599609375,0.0074568741393259644,16.64,14.88,19.54,21.68,23.4,11.39,150.19,16.64,14.88,11.39
2026-07-23,KXINXU-26JUL23H1600,KXINXU-26JUL23H1600-T7379.9999,KXINXU,7380.0,1,7408.11,0.74,0.77,3.0,17.41,1784813460,7418.2900390625,7408.2998046875,7498.9599609375,0.0074568741393259644,16.64,14.88,19.54,21.68,23.4,11.39,150.19,16.64,14.88,11.39
2026-07-23,KXINXU-26JUL23H1600,KXINXU-26JUL23H1600-T7394.9999,KXINXU,7395.0,1,7408.11,0.65,0.69,35.51,189.26,1784813460,7418.2900390625,7408.2998046875,7498.9599609375,0.0074568741393259644,16.64,14.88,19.54,21.68,23.4,11.39,150.19,16.64,14.88,11.39
2026-07-23,KXINXU-26JUL23H1600,KXINXU-26JUL23H1600-T7409.9999,KXINXU,7410.0,0,7408.11,0.56,0.58,10.25,158.36,1784813460,7418.2900390625,7408.2998046875,7498.9599609375,0.0074568741393259644,16.64,14.88,19.54,21.68,23.4,11.39,150.19,16.64,14.88,11.39
2026-07-23,KXINXU-26JUL23H1600,KXINXU-26JUL23H1600-T7424.9999,KXINXU,7425.0,0,7408.11,0.45,0.48,54.8,180.8,1784813460,7418.2900390625,7408.2998046875,7498.9599609375,0.0074568741393259644,16.64,14.88,19.54,21.68,23.4,11.39,150.19,16.64,14.88,11.39
2026-07-23,KXINXU-26JUL23H1600,KXINXU-26JUL23H1600-T7439.9999,KXINXU,7440.0,0,7408.11,0.34,0.37,438.36,2397.24,1784813460,7418.2900390625,7408.2998046875,7498.9599609375,0.0074568741393259644,16.64,14.88,19.54,21.68,23.4,11.39,150.19,16.64,14.88,11.39
2026-07-23,KXINXU-26JUL23H1600,KXINXU-26JUL23H1600-T7454.9999,KXINXU,7455.0,0,7408.11,0.23,0.27,5.96,300.17,1784813460,7418.2900390625,7408.2998046875,7498.9599609375,0.0074568741393259644,16.64,14.88,19.54,21.68,23.4,11.39,150.19,16.64,14.88,11.39
2026-07-23,KXINXU-26JUL23H1600,KXINXU-26JUL23H1600-T7469.9999,KXINXU,7470.0,0,7408.11,0.14,0.18,302.0,1396.15,1784813460,7418.2900390625,7408.2998046875,7498.9599609375,0.0074568741393259644,16.64,14.88,19.54,21.68,23.4,11.39,150.19,16.64,14.88,11.39
2026-07-23,KXINXU-26JUL23H1600,KXINXU-26JUL23H1600-T7484.9999,KXINXU,7485.0,0,7408.11,0.08,0.11,18.67,1336.94,1784813460,7418.2900390625,7408.2998046875,7498.9599609375,0.0074568741393259644,16.64,14.88,19.54,21.68,23.4,11.39,150.19,16.64,14.88,11.39
2026-07-23,KXINXU-26JUL23H1600,KXINXU-26JUL23H1600-T7499.9999,KXINXU,7500.0,0,7408.11,0.05,0.06,204.83,3007.54,1784813460,7418.2900390625,7408.2998046875,7498.9599609375,0.0074568741393259644,16.64,14.88,19.54,21.68,23.4,11.39,150.19,16.64,14.88,11.39
2026-07-23,KXINXU-26JUL23H1600,KXINXU-26JUL23H1600-T7514.9999,KXINXU,7515.0,0,7408.11,0.02,0.05,25.0,427.23,1784813460,7418.2900390625,7408.2998046875,7498.9599609375,0.0074568741393259644,16.64,14.88,19.54,21.68,23.4,11.39,150.19,16.64,14.88,11.39
2026-07-23,KXINXU-26JUL23H1600,KXINXU-26JUL23H1600-T7529.9999,KXINXU,7530.0,0,7408.11,0.01,0.04,6.0,78.51,1784813460,7418.2900390625,7408.2998046875,7498.9599609375,0.0074568741393259644,16.64,14.88,19.54,21.68,23.4,11.39,150.19,16.64,14.88,11.39
2026-07-23,KXINXU-26JUL23H1600,KXINXU-26JUL23H1600-T7544.9999,KXINXU,7545.0,0,7408.11,0.01,0.02,14.0,3222.26,1784813160,7418.2900390625,7408.2998046875,7498.9599609375,0.0074568741393259644,16.64,14.88,19.54,21.68,23.4,11.39,150.19,16.64,14.88,11.39
2026-07-23,KXINXU-26JUL23H1600,KXINXU-26JUL23H1600-T7559.9999,KXINXU,7560.0,0,7408.11,0.0,0.02,293.0,3818.0,1784813160,7418.2900390625,7408.2998046875,7498.9599609375,0.0074568741393259644,16.64,14.88,19.54,21.68,23.4,11.39,150.19,16.64,14.88,11.39
2026-07-23,KXINXU-26JUL23H1600,KXINXU-26JUL23H1600-T7574.9999,KXINXU,7575.0,0,7408.11,0.0,0.02,2.0,1404.0,1784813160,7418.2900390625,7408.2998046875,7498.9599609375,0.0074568741393259644,16.64,14.88,19.54,21.68,23.4,11.39,150.19,16.64,14.88,11.39
2026-07-23,KXINXU-26JUL23H1600,KXINXU-26JUL23H1600-T7589.9999,KXINXU,7590.0,0,7408.11,0.0,0.02,0.0,187.16,1784813160,7418.2900390625,7408.2998046875,7498.9599609375,0.0074568741393259644,16.64,14.88,19.54,21.68,23.4,11.39,150.19,16.64,14.88,11.39
2026-07-23,KXINXU-26JUL23H1600,KXINXU-26JUL23H1600-T7634.9999,KXINXU,7635.0,0,7408.11,0.0,0.01,0.0,1.0,1784813160,7418.2900390625,7408.2998046875,7498.9599609375,0.0074568741393259644,16.64,14.88,19.54,21.68,23.4,11.39,150.19,16.64,14.88,11.39
2026-07-24,KXINXU-26JUL24H1600,KXINXU-26JUL24H1600-T7324.9999,KXINXU,7325.0,1,7411.96,0.92,0.97,0.0,578.33,1784899860,7406.2998046875,7411.97998046875,7408.2998046875,0.007823077232863117,18.7,18.15,20.6,22.48,23.76,14.71,145.95,18.7,18.15,14.71
2026-07-24,KXINXU-26JUL24H1600,KXINXU-26JUL24H1600-T7339.9999,KXINXU,7340.0,1,7411.96,0.91,0.94,0.0,910.0,1784899860,7406.2998046875,7411.97998046875,7408.2998046875,0.007823077232863117,18.7,18.15,20.6,22.48,23.76,14.71,145.95,18.7,18.15,14.71
2026-07-24,KXINXU-26JUL24H1600,KXINXU-26JUL24H1600-T7354.9999,KXINXU,7355.0,1,7411.96,0.86,0.91,0.0,6352.6,1784899860,7406.2998046875,7411.97998046875,7408.2998046875,0.007823077232863117,18.7,18.15,20.6,22.48,23.76,14.71,145.95,18.7,18.15,14.71
2026-07-24,KXINXU-26JUL24H1600,KXINXU-26JUL24H1600-T7369.9999,KXINXU,7370.0,1,7411.96,0.81,0.85,10.0,2902.16,1784899860,7406.2998046875,7411.97998046875,7408.2998046875,0.007823077232863117,18.7,18.15,20.6,22.48,23.76,14.71,145.95,18.7,18.15,14.71
2026-07-24,KXINXU-26JUL24H1600,KXINXU-26JUL24H1600-T7384.9999,KXINXU,7385.0,1,7411.96,0.72,0.77,1.0,2476.92,1784899860,7406.2998046875,7411.97998046875,7408.2998046875,0.007823077232863117,18.7,18.15,20.6,22.48,23.76,14.71,145.95,18.7,18.15,14.71
2026-07-24,KXINXU-26JUL24H1600,KXINXU-26JUL24H1600-T7399.9999,KXINXU,7400.0,1,7411.96,0.6,0.67,1171.0,5027.46,1784899860,7406.2998046875,7411.97998046875,7408.2998046875,0.007823077232863117,18.7,18.15,20.6,22.48,23.76,14.71,145.95,18.7,18.15,14.71
2026-07-24,KXINXU-26JUL24H1600,KXINXU-26JUL24H1600-T7414.9999,KXINXU,7415.0,0,7411.96,0.51,0.54,117.0,1644.43,1784899860,7406.2998046875,7411.97998046875,7408.2998046875,0.007823077232863117,18.7,18.15,20.6,22.48,23.76,14.71,145.95,18.7,18.15,14.71
2026-07-24,KXINXU-26JUL24H1600,KXINXU-26JUL24H1600-T7429.9999,KXINXU,7430.0,0,7411.96,0.35,0.4,25.020000000000003,3635.26,1784899860,7406.2998046875,7411.97998046875,7408.2998046875,0.007823077232863117,18.7,18.15,20.6,22.48,23.76,14.71,145.95,18.7,18.15,14.71
2026-07-24,KXINXU-26JUL24H1600,KXINXU-26JUL24H1600-T7444.9999,KXINXU,7445.0,0,7411.96,0.22,0.28,14.25,3468.35,1784899860,7406.2998046875,7411.97998046875,7408.2998046875,0.007823077232863117,18.7,18.15,20.6,22.48,23.76,14.71,145.95,18.7,18.15,14.71
2026-07-24,KXINXU-26JUL24H1600,KXINXU-26JUL24H1600-T7459.9999,KXINXU,7460.0,0,7411.96,0.11,0.16,0.0,3884.54,1784899860,7406.2998046875,7411.97998046875,7408.2998046875,0.007823077232863117,18.7,18.15,20.6,22.48,23.76,14.71,145.95,18.7,18.15,14.71
2026-07-24,KXINXU-26JUL24H1600,KXINXU-26JUL24H1600-T7474.9999,KXINXU,7475.0,0,7411.96,0.06,0.1,2.0,1697.09,1784899860,7406.2998046875,7411.97998046875,7408.2998046875,0.007823077232863117,18.7,18.15,20.6,22.48,23.76,14.71,145.95,18.7,18.15,14.71
2026-07-24,KXINXU-26JUL24H1600,KXINXU-26JUL24H1600-T7489.9999,KXINXU,7490.0,0,7411.96,0.03,0.06,0.0,3138.91,1784899860,7406.2998046875,7411.97998046875,7408.2998046875,0.007823077232863117,18.7,18.15,20.6,22.48,23.76,14.71,145.95,18.7,18.15,14.71
2026-07-24,KXINXU-26JUL24H1600,KXINXU-26JUL24H1600-T7504.9999,KXINXU,7505.0,0,7411.96,0.01,0.03,1.0,122.89,1784899620,7406.2998046875,7411.97998046875,7408.2998046875,0.007823077232863117,18.7,18.15,20.6,22.48,23.76,14.71,145.95,18.7,18.15,14.71
2026-07-24,KXINXU-26JUL24H1600,KXINXU-26JUL24H1600-T7519.9999,KXINXU,7520.0,0,7411.96,0.0,0.02,0.0,7.0,1784899560,7406.2998046875,7411.97998046875,7408.2998046875,0.007823077232863117,18.7,18.15,20.6,22.48,23.76,14.71,145.95,18.7,18.15,14.71
2026-07-27,KXINXU-26JUL27H1600,KXINXU-26JUL27H1600-T7264.9999,KXINXU,7265.0,1,7413.24,0.98,1.0,0.0,100.0,1785159060,7464.2001953125,7413.18017578125,7411.97998046875,0.007585822437903689,18.58,17.62,20.51,22.43,23.76,15.43,147.28,18.58,17.62,15.43
2026-07-27,KXINXU-26JUL27H1600,KXINXU-26JUL27H1600-T7279.9999,KXINXU,7280.0,1,7413.24,0.98,1.0,0.0,100.0,1785158760,7464.2001953125,7413.18017578125,7411.97998046875,0.007585822437903689,18.58,17.62,20.51,22.43,23.76,15.43,147.28,18.58,17.62,15.43
2026-07-27,KXINXU-26JUL27H1600,KXINXU-26JUL27H1600-T7294.9999,KXINXU,7295.0,1,7413.24,0.98,1.0,0.0,70.88,1785158760,7464.2001953125,7413.18017578125,7411.97998046875,0.007585822437903689,18.58,17.62,20.51,22.43,23.76,15.43,147.28,18.58,17.62,15.43
2026-07-27,KXINXU-26JUL27H1600,KXINXU-26JUL27H1600-T7309.9999,KXINXU,7310.0,1,7413.24,0.98,1.0,0.0,18.81,1785158760,7464.2001953125,7413.18017578125,7411.97998046875,0.007585822437903689,18.58,17.62,20.51,22.43,23.76,15.43,147.28,18.58,17.62,15.43
2026-07-27,KXINXU-26JUL27H1600,KXINXU-26JUL27H1600-T7339.9999,KXINXU,7340.0,1,7413.24,0.98,1.0,0.0,62.46,1785158940,7464.2001953125,7413.18017578125,7411.97998046875,0.007585822437903689,18.58,17.62,20.51,22.43,23.76,15.43,147.28,18.58,17.62,15.43
2026-07-27,KXINXU-26JUL27H1600,KXINXU-26JUL27H1600-T7354.9999,KXINXU,7355.0,1,7413.24,0.97,1.0,0.0,104.0,1785159060,7464.2001953125,7413.18017578125,7411.97998046875,0.007585822437903689,18.58,17.62,20.51,22.43,23.76,15.43,147.28,18.58,17.62,15.43
2026-07-27,KXINXU-26JUL27H1600,KXINXU-26JUL27H1600-T7369.9999,KXINXU,7370.0,1,7413.24,0.98,0.99,0.0,131.58,1785159060,7464.2001953125,7413.18017578125,7411.97998046875,0.007585822437903689,18.58,17.62,20.51,22.43,23.76,15.43,147.28,18.58,17.62,15.43
2026-07-27,KXINXU-26JUL27H1600,KXINXU-26JUL27H1600-T7384.9999,KXINXU,7385.0,1,7413.24,0.96,0.98,0.0,500.12,1785159060,7464.2001953125,7413.18017578125,7411.97998046875,0.007585822437903689,18.58,17.62,20.51,22.43,23.76,15.43,147.28,18.58,17.62,15.43
2026-07-27,KXINXU-26JUL27H1600,KXINXU-26JUL27H1600-T7399.9999,KXINXU,7400.0,1,7413.24,0.95,0.97,1.0,1349.68,1785159060,7464.2001953125,7413.18017578125,7411.97998046875,0.007585822437903689,18.58,17.62,20.51,22.43,23.76,15.43,147.28,18.58,17.62,15.43
2026-07-27,KXINXU-26JUL27H1600,KXINXU-26JUL27H1600-T7414.9999,KXINXU,7415.0,0,7413.24,0.92,0.94,0.0,2178.88,1785159060,7464.2001953125,7413.18017578125,7411.97998046875,0.007585822437903689,18.58,17.62,20.51,22.43,23.76,15.43,147.28,18.58,17.62,15.43
2026-07-27,KXINXU-26JUL27H1600,KXINXU-26JUL27H1600-T7429.9999,KXINXU,7430.0,0,7413.24,0.86,0.89,0.0,961.56,1785159060,7464.2001953125,7413.18017578125,7411.97998046875,0.007585822437903689,18.58,17.62,20.51,22.43,23.76,15.43,147.28,18.58,17.62,15.43
2026-07-27,KXINXU-26JUL27H1600,KXINXU-26JUL27H1600-T7444.9999,KXINXU,7445.0,0,7413.24,0.77,0.82,0.0,7168.42,1785159060,7464.2001953125,7413.18017578125,7411.97998046875,0.007585822437903689,18.58,17.62,20.51,22.43,23.76,15.43,147.28,18.58,17.62,15.43
2026-07-27,KXINXU-26JUL27H1600,KXINXU-26JUL27H1600-T7459.9999,KXINXU,7460.0,0,7413.24,0.65,0.7,0.0,1318.7,1785159060,7464.2001953125,7413.18017578125,7411.97998046875,0.007585822437903689,18.58,17.62,20.51,22.43,23.76,15.43,147.28,18.58,17.62,15.43
2026-07-27,KXINXU-26JUL27H1600,KXINXU-26JUL27H1600-T7474.9999,KXINXU,7475.0,0,7413.24,0.49,0.51,217.1,7259.83,1785159060,7464.2001953125,7413.18017578125,7411.97998046875,0.007585822437903689,18.58,17.62,20.51,22.43,23.76,15.43,147.28,18.58,17.62,15.43
2026-07-27,KXINXU-26JUL27H1600,KXINXU-26JUL27H1600-T7489.9999,KXINXU,7490.0,0,7413.24,0.27,0.31,76.32000000000001,1706.19,1785159060,7464.2001953125,7413.18017578125,7411.97998046875,0.007585822437903689,18.58,17.62,20.51,22.43,23.76,15.43,147.28,18.58,17.62,15.43
2026-07-27,KXINXU-26JUL27H1600,KXINXU-26JUL27H1600-T7504.9999,KXINXU,7505.0,0,7413.24,0.11,0.16,0.0,49.8,1785159060,7464.2001953125,7413.18017578125,7411.97998046875,0.007585822437903689,18.58,17.62,20.51,22.43,23.76,15.43,147.28,18.58,17.62,15.43
2026-07-27,KXINXU-26JUL27H1600,KXINXU-26JUL27H1600-T7519.9999,KXINXU,7520.0,0,7413.24,0.07,0.08,0.0,1174.0,1785159060,7464.2001953125,7413.18017578125,7411.97998046875,0.007585822437903689,18.58,17.62,20.51,22.43,23.76,15.43,147.28,18.58,17.62,15.43
2026-07-27,KXINXU-26JUL27H1600,KXINXU-26JUL27H1600-T7534.9999,KXINXU,7535.0,0,7413.24,0.02,0.05,1.0,2581.62,1785159060,7464.2001953125,7413.18017578125,7411.97998046875,0.007585822437903689,18.58,17.62,20.51,22.43,23.76,15.43,147.28,18.58,17.62,15.43
2026-07-28,KXINXU-26JUL28H1600,KXINXU-26JUL28H1600-T7294.9999,KXINXU,7295.0,1,7429.22,0.95,1.0,0.0,120.83,1785245460,7395.5498046875,7428.77978515625,7413.18017578125,0.007354849353798942,18.67,18.13,20.2,22.11,23.53,13.09,146.6,18.67,18.13,13.09
2026-07-28,KXINXU-26JUL28H1600,KXINXU-26JUL28H1600-T7309.9999,KXINXU,7310.0,1,7429.22,0.94,0.99,0.0,121.5,1785245460,7395.5498046875,7428.77978515625,7413.18017578125,0.007354849353798942,18.67,18.13,20.2,22.11,23.53,13.09,146.6,18.67,18.13,13.09
2026-07-28,KXINXU-26JUL28H1600,KXINXU-26JUL28H1600-T7324.9999,KXINXU,7325.0,1,7429.22,0.92,0.97,0.0,261.02,1785245460,7395.5498046875,7428.77978515625,7413.18017578125,0.007354849353798942,18.67,18.13,20.2,22.11,23.53,13.09,146.6,18.67,18.13,13.09
2026-07-28,KXINXU-26JUL28H1600,KXINXU-26JUL28H1600-T7339.9999,KXINXU,7340.0,1,7429.22,0.9,0.95,0.0,103.0,1785245460,7395.5498046875,7428.77978515625,7413.18017578125,0.007354849353798942,18.67,18.13,20.2,22.11,23.53,13.09,146.6,18.67,18.13,13.09
2026-07-28,KXINXU-26JUL28H1600,KXINXU-26JUL28H1600-T7354.9999,KXINXU,7355.0,1,7429.22,0.9,0.91,0.0,102.0,1785245460,7395.5498046875,7428.77978515625,7413.18017578125,0.007354849353798942,18.67,18.13,20.2,22.11,23.53,13.09,146.6,18.67,18.13,13.09
2026-07-28,KXINXU-26JUL28H1600,KXINXU-26JUL28H1600-T7369.9999,KXINXU,7370.0,1,7429.22,0.81,0.86,1.0,381.12,1785245460,7395.5498046875,7428.77978515625,7413.18017578125,0.007354849353798942,18.67,18.13,20.2,22.11,23.53,13.09,146.6,18.67,18.13,13.09
2026-07-28,KXINXU-26JUL28H1600,KXINXU-26JUL28H1600-T7384.9999,KXINXU,7385.0,1,7429.22,0.74,0.79,1.0,631.0,1785245460,7395.5498046875,7428.77978515625,7413.18017578125,0.007354849353798942,18.67,18.13,20.2,22.11,23.53,13.09,146.6,18.67,18.13,13.09
2026-07-28,KXINXU-26JUL28H1600,KXINXU-26JUL28H1600-T7399.9999,KXINXU,7400.0,1,7429.22,0.65,0.7,41.2,1631.85,1785245460,7395.5498046875,7428.77978515625,7413.18017578125,0.007354849353798942,18.67,18.13,20.2,22.11,23.53,13.09,146.6,18.67,18.13,13.09
2026-07-28,KXINXU-26JUL28H1600,KXINXU-26JUL28H1600-T7414.9999,KXINXU,7415.0,1,7429.22,0.52,0.57,17.65,6879.08,1785245460,7395.5498046875,7428.77978515625,7413.18017578125,0.007354849353798942,18.67,18.13,20.2,22.11,23.53,13.09,146.6,18.67,18.13,13.09
2026-07-28,KXINXU-26JUL28H1600,KXINXU-26JUL28H1600-T7429.9999,KXINXU,7430.0,0,7429.22,0.37,0.43,101.15,1177.18,1785245460,7395.5498046875,7428.77978515625,7413.18017578125,0.007354849353798942,18.67,18.13,20.2,22.11,23.53,13.09,146.6,18.67,18.13,13.09
2026-07-28,KXINXU-26JUL28H1600,KXINXU-26JUL28H1600-T7444.9999,KXINXU,7445.0,0,7429.22,0.24,0.29,0.0,1081.0,1785245460,7395.5498046875,7428.77978515625,7413.18017578125,0.007354849353798942,18.67,18.13,20.2,22.11,23.53,13.09,146.6,18.67,18.13,13.09
2026-07-28,KXINXU-26JUL28H1600,KXINXU-26JUL28H1600-T7459.9999,KXINXU,7460.0,0,7429.22,0.12,0.17,0.0,184.0,1785245460,7395.5498046875,7428.77978515625,7413.18017578125,0.007354849353798942,18.67,18.13,20.2,22.11,23.53,13.09,146.6,18.67,18.13,13.09
2026-07-28,KXINXU-26JUL28H1600,KXINXU-26JUL28H1600-T7474.9999,KXINXU,7475.0,0,7429.22,0.06,0.09,0.0,1.0,1785245460,7395.5498046875,7428.77978515625,7413.18017578125,0.007354849353798942,18.67,18.13,20.2,22.11,23.53,13.09,146.6,18.67,18.13,13.09
2026-07-28,KXINXU-26JUL28H1600,KXINXU-26JUL28H1600-T7489.9999,KXINXU,7490.0,0,7429.22,0.02,0.06,0.0,4100.0,1785245460,7395.5498046875,7428.77978515625,7413.18017578125,0.007354849353798942,18.67,18.13,20.2,22.11,23.53,13.09,146.6,18.67,18.13,13.09
2026-07-29,KXINXU-26JUL29H1600,KXINXU-26JUL29H1600-T7299.9999,KXINXU,7300.0,1,7316.39,0.9,0.95,0.0,100.0,1785331860,7418.16015625,7316.14990234375,7428.77978515625,0.007150271187816188,18.21,17.25,19.86,21.82,23.29,15.77,142.98,18.21,17.25,15.77
2026-07-29,KXINXU-26JUL29H1600,KXINXU-26JUL29H1600-T7314.9999,KXINXU,7315.0,1,7316.39,0.88,0.93,20.0,196.02,1785331860,7418.16015625,7316.14990234375,7428.77978515625,0.007150271187816188,18.21,17.25,19.86,21.82,23.29,15.77,142.98,18.21,17.25,15.77
2026-07-29,KXINXU-26JUL29H1600,KXINXU-26JUL29H1600-T7329.9999,KXINXU,7330.0,0,7316.39,0.85,0.91,15.0,223.74,1785331860,7418.16015625,7316.14990234375,7428.77978515625,0.007150271187816188,18.21,17.25,19.86,21.82,23.29,15.77,142.98,18.21,17.25,15.77
2026-07-29,KXINXU-26JUL29H1600,KXINXU-26JUL29H1600-T7344.9999,KXINXU,7345.0,0,7316.39,0.81,0.86,0.0,102.0,1785331860,7418.16015625,7316.14990234375,7428.77978515625,0.007150271187816188,18.21,17.25,19.86,21.82,23.29,15.77,142.98,18.21,17.25,15.77
2026-07-29,KXINXU-26JUL29H1600,KXINXU-26JUL29H1600-T7359.9999,KXINXU,7360.0,0,7316.39,0.77,0.82,0.0,473.82,1785331860,7418.16015625,7316.14990234375,7428.77978515625,0.007150271187816188,18.21,17.25,19.86,21.82,23.29,15.77,142.98,18.21,17.25,15.77
2026-07-29,KXINXU-26JUL29H1600,KXINXU-26JUL29H1600-T7374.9999,KXINXU,7375.0,0,7316.39,0.73,0.78,0.0,106.2,1785331860,7418.16015625,7316.14990234375,7428.77978515625,0.007150271187816188,18.21,17.25,19.86,21.82,23.29,15.77,142.98,18.21,17.25,15.77
2026-07-29,KXINXU-26JUL29H1600,KXINXU-26JUL29H1600-T7389.9999,KXINXU,7390.0,0,7316.39,0.67,0.72,0.0,127.0,1785331860,7418.16015625,7316.14990234375,7428.77978515625,0.007150271187816188,18.21,17.25,19.86,21.82,23.29,15.77,142.98,18.21,17.25,15.77
2026-07-29,KXINXU-26JUL29H1600,KXINXU-26JUL29H1600-T7404.9999,KXINXU,7405.0,0,7316.39,0.61,0.65,0.0,332.94,1785331860,7418.16015625,7316.14990234375,7428.77978515625,0.007150271187816188,18.21,17.25,19.86,21.82,23.29,15.77,142.98,18.21,17.25,15.77
2026-07-29,KXINXU-26JUL29H1600,KXINXU-26JUL29H1600-T7419.9999,KXINXU,7420.0,0,7316.39,0.52,0.57,15.96,1860.36,1785331860,7418.16015625,7316.14990234375,7428.77978515625,0.007150271187816188,18.21,17.25,19.86,21.82,23.29,15.77,142.98,18.21,17.25,15.77
2026-07-29,KXINXU-26JUL29H1600,KXINXU-26JUL29H1600-T7434.9999,KXINXU,7435.0,0,7316.39,0.44,0.48,72.48,475.39,1785331860,7418.16015625,7316.14990234375,7428.77978515625,0.007150271187816188,18.21,17.25,19.86,21.82,23.29,15.77,142.98,18.21,17.25,15.77
2026-07-29,KXINXU-26JUL29H1600,KXINXU-26JUL29H1600-T7449.9999,KXINXU,7450.0,0,7316.39,0.33,0.39,232.18,11825.83,1785331860,7418.16015625,7316.14990234375,7428.77978515625,0.007150271187816188,18.21,17.25,19.86,21.82,23.29,15.77,142.98,18.21,17.25,15.77
2026-07-29,KXINXU-26JUL29H1600,KXINXU-26JUL29H1600-T7464.9999,KXINXU,7465.0,0,7316.39,0.25,0.3,0.0,99.23,1785331860,7418.16015625,7316.14990234375,7428.77978515625,0.007150271187816188,18.21,17.25,19.86,21.82,23.29,15.77,142.98,18.21,17.25,15.77
2026-07-29,KXINXU-26JUL29H1600,KXINXU-26JUL29H1600-T7479.9999,KXINXU,7480.0,0,7316.39,0.18,0.22,0.0,13706.93,1785331860,7418.16015625,7316.14990234375,7428.77978515625,0.007150271187816188,18.21,17.25,19.86,21.82,23.29,15.77,142.98,18.21,17.25,15.77
2026-07-29,KXINXU-26JUL29H1600,KXINXU-26JUL29H1600-T7494.9999,KXINXU,7495.0,0,7316.39,0.11,0.14,0.0,1257.56,1785331860,7418.16015625,7316.14990234375,7428.77978515625,0.007150271187816188,18.21,17.25,19.86,21.82,23.29,15.77,142.98,18.21,17.25,15.77
2026-07-29,KXINXU-26JUL29H1600,KXINXU-26JUL29H1600-T7509.9999,KXINXU,7510.0,0,7316.39,0.07,0.09,1.0,30.0,1785331860,7418.16015625,7316.14990234375,7428.77978515625,0.007150271187816188,18.21,17.25,19.86,21.82,23.29,15.77,142.98,18.21,17.25,15.77
2026-07-29,KXINXU-26JUL29H1600,KXINXU-26JUL29H1600-T7524.9999,KXINXU,7525.0,0,7316.39,0.03,0.06,2.0,6119.0,1785331860,7418.16015625,7316.14990234375,7428.77978515625,0.007150271187816188,18.21,17.25,19.86,21.82,23.29,15.77,142.98,18.21,17.25,15.77
2026-07-29,KXINXU-26JUL29H1600,KXINXU-26JUL29H1600-T7539.9999,KXINXU,7540.0,0,7316.39,0.01,0.03,4.0,22.3,1785331860,7418.16015625,7316.14990234375,7428.77978515625,0.007150271187816188,18.21,17.25,19.86,21.82,23.29,15.77,142.98,18.21,17.25,15.77
2026-07-30,KXINXU-26JUL30H1600,KXINXU-26JUL30H1600-T7274.9999,KXINXU,7275.0,1,7437.99,0.92,0.97,5.61,412.8,1785418260,7390.4501953125,7437.6298828125,7316.14990234375,0.007881068457897104,20.66,20.38,21.5,23.06,24.09,19.45,139.55,20.66,20.38,19.45
2026-07-30,KXINXU-26JUL30H1600,KXINXU-26JUL30H1600-T7289.9999,KXINXU,7290.0,1,7437.99,0.9,0.95,1.21,13.47,1785418260,7390.4501953125,7437.6298828125,7316.14990234375,0.007881068457897104,20.66,20.38,21.5,23.06,24.09,19.45,139.55,20.66,20.38,19.45
2026-07-30,KXINXU-26JUL30H1600,KXINXU-26JUL30H1600-T7304.9999,KXINXU,7305.0,1,7437.99,0.88,0.93,0.0,9.0,1785418260,7390.4501953125,7437.6298828125,7316.14990234375,0.007881068457897104,20.66,20.38,21.5,23.06,24.09,19.45,139.55,20.66,20.38,19.45
2026-07-30,KXINXU-26JUL30H1600,KXINXU-26JUL30H1600-T7319.9999,KXINXU,7320.0,1,7437.99,0.84,0.9,0.0,1351.82,1785418260,7390.4501953125,7437.6298828125,7316.14990234375,0.007881068457897104,20.66,20.38,21.5,23.06,24.09,19.45,139.55,20.66,20.38,19.45
2026-07-30,KXINXU-26JUL30H1600,KXINXU-26JUL30H1600-T7334.9999,KXINXU,7335.0,1,7437.99,0.79,0.84,0.0,346.2,1785418260,7390.4501953125,7437.6298828125,7316.14990234375,0.007881068457897104,20.66,20.38,21.5,23.06,24.09,19.45,139.55,20.66,20.38,19.45
2026-07-30,KXINXU-26JUL30H1600,KXINXU-26JUL30H1600-T7349.9999,KXINXU,7350.0,1,7437.99,0.72,0.78,9.47,336.47,1785418260,7390.4501953125,7437.6298828125,7316.14990234375,0.007881068457897104,20.66,20.38,21.5,23.06,24.09,19.45,139.55,20.66,20.38,19.45
2026-07-30,KXINXU-26JUL30H1600,KXINXU-26JUL30H1600-T7364.9999,KXINXU,7365.0,1,7437.99,0.64,0.69,2.0,371.17,1785418260,7390.4501953125,7437.6298828125,7316.14990234375,0.007881068457897104,20.66,20.38,21.5,23.06,24.09,19.45,139.55,20.66,20.38,19.45
2026-07-30,KXINXU-26JUL30H1600,KXINXU-26JUL30H1600-T7379.9999,KXINXU,7380.0,1,7437.99,0.52,0.58,19.38,1254.56,1785418260,7390.4501953125,7437.6298828125,7316.14990234375,0.007881068457897104,20.66,20.38,21.5,23.06,24.09,19.45,139.55,20.66,20.38,19.45
2026-07-30,KXINXU-26JUL30H1600,KXINXU-26JUL30H1600-T7394.9999,KXINXU,7395.0,1,7437.99,0.39,0.45,18.79,1249.85,1785418260,7390.4501953125,7437.6298828125,7316.14990234375,0.007881068457897104,20.66,20.38,21.5,23.06,24.09,19.45,139.55,20.66,20.38,19.45
2026-07-30,KXINXU-26JUL30H1600,KXINXU-26JUL30H1600-T7409.9999,KXINXU,7410.0,1,7437.99,0.25,0.31,7.8,1007.25,1785418260,7390.4501953125,7437.6298828125,7316.14990234375,0.007881068457897104,20.66,20.38,21.5,23.06,24.09,19.45,139.55,20.66,20.38,19.45
2026-07-30,KXINXU-26JUL30H1600,KXINXU-26JUL30H1600-T7424.9999,KXINXU,7425.0,1,7437.99,0.14,0.19,67.37,79.52,1785418260,7390.4501953125,7437.6298828125,7316.14990234375,0.007881068457897104,20.66,20.38,21.5,23.06,24.09,19.45,139.55,20.66,20.38,19.45
2026-07-30,KXINXU-26JUL30H1600,KXINXU-26JUL30H1600-T7439.9999,KXINXU,7440.0,0,7437.99,0.07,0.12,0.0,26.28,1785418260,7390.4501953125,7437.6298828125,7316.14990234375,0.007881068457897104,20.66,20.38,21.5,23.06,24.09,19.45,139.55,20.66,20.38,19.45
2026-07-30,KXINXU-26JUL30H1600,KXINXU-26JUL30H1600-T7454.9999,KXINXU,7455.0,0,7437.99,0.04,0.08,0.0,35.21,1785418260,7390.4501953125,7437.6298828125,7316.14990234375,0.007881068457897104,20.66,20.38,21.5,23.06,24.09,19.45,139.55,20.66,20.38,19.45
2026-07-31,KXINXU-26JUL31H1600,KXINXU-26JUL31H1600-T7349.9999,KXINXU,7350.0,1,7489.81,0.96,1.0,0.0,1370.66,1785504660,7462.1298828125,7489.72021484375,7437.6298828125,0.008642172048711445,17.09,14.85,19.5,21.61,23.12,14.14,139.9,17.09,14.85,14.14
2026-07-31,KXINXU-26JUL31H1600,KXINXU-26JUL31H1600-T7364.9999,KXINXU,7365.0,1,7489.81,0.95,1.0,0.0,14.85,1785504660,7462.1298828125,7489.72021484375,7437.6298828125,0.008642172048711445,17.09,14.85,19.5,21.61,23.12,14.14,139.9,17.09,14.85,14.14
2026-07-31,KXINXU-26JUL31H1600,KXINXU-26JUL31H1600-T7379.9999,KXINXU,7380.0,1,7489.81,0.94,0.98,0.0,1780.72,1785504660,7462.1298828125,7489.72021484375,7437.6298828125,0.008642172048711445,17.09,14.85,19.5,21.61,23.12,14.14,139.9,17.09,14.85,14.14
2026-07-31,KXINXU-26JUL31H1600,KXINXU-26JUL31H1600-T7394.9999,KXINXU,7395.0,1,7489.81,0.92,0.97,12.0,127.0,1785504660,7462.1298828125,7489.72021484375,7437.6298828125,0.008642172048711445,17.09,14.85,19.5,21.61,23.12,14.14,139.9,17.09,14.85,14.14
2026-07-31,KXINXU-26JUL31H1600,KXINXU-26JUL31H1600-T7409.9999,KXINXU,7410.0,1,7489.81,0.9,0.94,0.0,519.0,1785504660,7462.1298828125,7489.72021484375,7437.6298828125,0.008642172048711445,17.09,14.85,19.5,21.61,23.12,14.14,139.9,17.09,14.85,14.14
2026-07-31,KXINXU-26JUL31H1600,KXINXU-26JUL31H1600-T7424.9999,KXINXU,7425.0,1,7489.81,0.85,0.9,2.4,220.98,1785504660,7462.1298828125,7489.72021484375,7437.6298828125,0.008642172048711445,17.09,14.85,19.5,21.61,23.12,14.14,139.9,17.09,14.85,14.14
2026-07-31,KXINXU-26JUL31H1600,KXINXU-26JUL31H1600-T7439.9999,KXINXU,7440.0,1,7489.81,0.78,0.83,10.57,1086.93,1785504660,7462.1298828125,7489.72021484375,7437.6298828125,0.008642172048711445,17.09,14.85,19.5,21.61,23.12,14.14,139.9,17.09,14.85,14.14
2026-07-31,KXINXU-26JUL31H1600,KXINXU-26JUL31H1600-T7454.9999,KXINXU,7455.0,1,7489.81,0.67,0.74,117.65,1920.55,1785504660,7462.1298828125,7489.72021484375,7437.6298828125,0.008642172048711445,17.09,14.85,19.5,21.61,23.12,14.14,139.9,17.09,14.85,14.14
2026-07-31,KXINXU-26JUL31H1600,KXINXU-26JUL31H1600-T7469.9999,KXINXU,7470.0,1,7489.81,0.56,0.6,64.44,4753.92,1785504660,7462.1298828125,7489.72021484375,7437.6298828125,0.008642172048711445,17.09,14.85,19.5,21.61,23.12,14.14,139.9,17.09,14.85,14.14
2026-07-31,KXINXU-26JUL31H1600,KXINXU-26JUL31H1600-T7484.9999,KXINXU,7485.0,1,7489.81,0.4,0.46,0.0,1363.61,1785504660,7462.1298828125,7489.72021484375,7437.6298828125,0.008642172048711445,17.09,14.85,19.5,21.61,23.12,14.14,139.9,17.09,14.85,14.14
2026-08-03,KXINXU-26AUG03H1600,KXINXU-26AUG03H1600-T7374.9999,KXINXU,7375.0,1,7600.49,0.98,1.0,0.0,125.5,1785763860,7504.77978515625,7600.5,7489.72021484375,0.008549739192988109,15.99,13.05,19.02,21.34,22.94,12.29,141.23,15.99,13.05,12.29
2026-08-03,KXINXU-26AUG03H1600,KXINXU-26AUG03H1600-T7389.9999,KXINXU,7390.0,1,7600.49,0.97,0.99,0.0,4099.7,1785763860,7504.77978515625,7600.5,7489.72021484375,0.008549739192988109,15.99,13.05,19.02,21.34,22.94,12.29,141.23,15.99,13.05,12.29
2026-08-03,KXINXU-26AUG03H1600,KXINXU-26AUG03H1600-T7404.9999,KXINXU,7405.0,1,7600.49,0.97,0.99,0.0,104.0,1785763860,7504.77978515625,7600.5,7489.72021484375,0.008549739192988109,15.99,13.05,19.02,21.34,22.94,12.29,141.23,15.99,13.05,12.29
2026-08-03,KXINXU-26AUG03H1600,KXINXU-26AUG03H1600-T7419.9999,KXINXU,7420.0,1,7600.49,0.96,0.99,0.0,105.2,1785763860,7504.77978515625,7600.5,7489.72021484375,0.008549739192988109,15.99,13.05,19.02,21.34,22.94,12.29,141.23,15.99,13.05,12.29
2026-08-03,KXINXU-26AUG03H1600,KXINXU-26AUG03H1600-T7434.9999,KXINXU,7435.0,1,7600.49,0.95,0.98,0.0,1216.0,1785763860,7504.77978515625,7600.5,7489.72021484375,0.008549739192988109,15.99,13.05,19.02,21.34,22.94,12.29,141.23,15.99,13.05,12.29
2026-08-03,KXINXU-26AUG03H1600,KXINXU-26AUG03H1600-T7449.9999,KXINXU,7450.0,1,7600.49,0.93,0.96,0.0,1089.06,1785763860,7504.77978515625,7600.5,7489.72021484375,0.008549739192988109,15.99,13.05,19.02,21.34,22.94,12.29,141.23,15.99,13.05,12.29
2026-08-03,KXINXU-26AUG03H1600,KXINXU-26AUG03H1600-T7464.9999,KXINXU,7465.0,1,7600.49,0.89,0.93,0.0,2713.92,1785763860,7504.77978515625,7600.5,7489.72021484375,0.008549739192988109,15.99,13.05,19.02,21.34,22.94,12.29,141.23,15.99,13.05,12.29
2026-08-03,KXINXU-26AUG03H1600,KXINXU-26AUG03H1600-T7479.9999,KXINXU,7480.0,1,7600.49,0.84,0.88,0.0,2582.9,1785763860,7504.77978515625,7600.5,7489.72021484375,0.008549739192988109,15.99,13.05,19.02,21.34,22.94,12.29,141.23,15.99,13.05,12.29
2026-08-03,KXINXU-26AUG03H1600,KXINXU-26AUG03H1600-T7494.9999,KXINXU,7495.0,1,7600.49,0.76,0.8,490.06,1723.78,1785763860,7504.77978515625,7600.5,7489.72021484375,0.008549739192988109,15.99,13.05,19.02,21.34,22.94,12.29,141.23,15.99,13.05,12.29
2026-08-03,KXINXU-26AUG03H1600,KXINXU-26AUG03H1600-T7509.9999,KXINXU,7510.0,1,7600.49,0.65,0.69,4.0,2427.3,1785763860,7504.77978515625,7600.5,7489.72021484375,0.008549739192988109,15.99,13.05,19.02,21.34,22.94,12.29,141.23,15.99,13.05,12.29
2026-08-03,KXINXU-26AUG03H1600,KXINXU-26AUG03H1600-T7524.9999,KXINXU,7525.0,1,7600.49,0.51,0.54,0.0,2829.25,1785763860,7504.77978515625,7600.5,7489.72021484375,0.008549739192988109,15.99,13.05,19.02,21.34,22.94,12.29,141.23,15.99,13.05,12.29
2026-08-03,KXINXU-26AUG03H1600,KXINXU-26AUG03H1600-T7539.9999,KXINXU,7540.0,1,7600.49,0.35,0.37,209.18,2952.37,1785763860,7504.77978515625,7600.5,7489.72021484375,0.008549739192988109,15.99,13.05,19.02,21.34,22.94,12.29,141.23,15.99,13.05,12.29
2026-08-03,KXINXU-26AUG03H1600,KXINXU-26AUG03H1600-T7569.9999,KXINXU,7570.0,1,7600.49,0.06,0.09,503.7,2276.5,1785763860,7504.77978515625,7600.5,7489.72021484375,0.008549739192988109,15.99,13.05,19.02,21.34,22.94,12.29,141.23,15.99,13.05,12.29
2026-08-03,KXINXU-26AUG03H1600,KXINXU-26AUG03H1600-T7584.9999,KXINXU,7585.0,1,7600.49,0.02,0.03,1.0,3001.0,1785763860,7504.77978515625,7600.5,7489.72021484375,0.008549739192988109,15.99,13.05,19.02,21.34,22.94,12.29,141.23,15.99,13.05,12.29
2026-08-03,KXINXU-26AUG03H1600,KXINXU-26AUG03H1600-T7599.9999,KXINXU,7600.0,1,7600.49,0.0,0.02,829.0,3618.84,1785763800,7504.77978515625,7600.5,7489.72021484375,0.008549739192988109,15.99,13.05,19.02,21.34,22.94,12.29,141.23,15.99,13.05,12.29
2026-08-03,KXINXU-26AUG03H1600,KXINXU-26AUG03H1600-T7614.9999,KXINXU,7615.0,0,7600.49,0.0,0.02,0.0,20229.01,1785763740,7504.77978515625,7600.5,7489.72021484375,0.008549739192988109,15.99,13.05,19.02,21.34,22.94,12.29,141.23,15.99,13.05,12.29
2026-08-04,KXINXU-26AUG04H1600,KXINXU-26AUG04H1600-T7509.9999,KXINXU,7510.0,1,7736.49,0.98,0.99,0.0,1825.65,1785850260,7630.6201171875,7736.52001953125,7600.5,0.009034569163419636,15.86,13.28,18.93,21.2,22.9,9.43,139.96,15.86,13.28,9.43
2026-08-04,KXINXU-26AUG04H1600,KXINXU-26AUG04H1600-T7554.9999,KXINXU,7555.0,1,7736.49,0.96,0.99,0.0,80.0,1785850260,7630.6201171875,7736.52001953125,7600.5,0.009034569163419636,15.86,13.28,18.93,21.2,22.9,9.43,139.96,15.86,13.28,9.43
2026-08-04,KXINXU-26AUG04H1600,KXINXU-26AUG04H1600-T7569.9999,KXINXU,7570.0,1,7736.49,0.95,0.97,0.0,739.72,1785850260,7630.6201171875,7736.52001953125,7600.5,0.009034569163419636,15.86,13.28,18.93,21.2,22.9,9.43,139.96,15.86,13.28,9.43
2026-08-04,KXINXU-26AUG04H1600,KXINXU-26AUG04H1600-T7584.9999,KXINXU,7585.0,1,7736.49,0.92,0.95,0.0,508.2,1785850260,7630.6201171875,7736.52001953125,7600.5,0.009034569163419636,15.86,13.28,18.93,21.2,22.9,9.43,139.96,15.86,13.28,9.43
2026-08-04,KXINXU-26AUG04H1600,KXINXU-26AUG04H1600-T7599.9999,KXINXU,7600.0,1,7736.49,0.87,0.91,12.64,3074.27,1785850260,7630.6201171875,7736.52001953125,7600.5,0.009034569163419636,15.86,13.28,18.93,21.2,22.9,9.43,139.96,15.86,13.28,9.43
2026-08-04,KXINXU-26AUG04H1600,KXINXU-26AUG04H1600-T7614.9999,KXINXU,7615.0,1,7736.49,0.77,0.8,32.0,1402.03,1785850260,7630.6201171875,7736.52001953125,7600.5,0.009034569163419636,15.86,13.28,18.93,21.2,22.9,9.43,139.96,15.86,13.28,9.43
2026-08-04,KXINXU-26AUG04H1600,KXINXU-26AUG04H1600-T7629.9999,KXINXU,7630.0,1,7736.49,0.61,0.64,2363.33,1509.34,1785850260,7630.6201171875,7736.52001953125,7600.5,0.009034569163419636,15.86,13.28,18.93,21.2,22.9,9.43,139.96,15.86,13.28,9.43
2026-08-04,KXINXU-26AUG04H1600,KXINXU-26AUG04H1600-T7644.9999,KXINXU,7645.0,1,7736.49,0.38,0.42,13.4,1855.9,1785850260,7630.6201171875,7736.52001953125,7600.5,0.009034569163419636,15.86,13.28,18.93,21.2,22.9,9.43,139.96,15.86,13.28,9.43
2026-08-04,KXINXU-26AUG04H1600,KXINXU-26AUG04H1600-T7659.9999,KXINXU,7660.0,1,7736.49,0.19,0.24,0.0,1640.75,1785850260,7630.6201171875,7736.52001953125,7600.5,0.009034569163419636,15.86,13.28,18.93,21.2,22.9,9.43,139.96,15.86,13.28,9.43
2026-08-05,KXINXU-26AUG05H1600,KXINXU-26AUG05H1600-T7674.9999,KXINXU,7675.0,1,7723.53,0.96,0.98,172.87,201.87,1785936660,7771.6201171875,7723.5498046875,7736.52001953125,0.009777456234631962,16.5,15.04,19.34,21.35,22.89,13.86,126.41,16.5,15.04,13.86
2026-08-05,KXINXU-26AUG05H1600,KXINXU-26AUG05H1600-T7689.9999,KXINXU,7690.0,1,7723.53,0.94,0.95,0.0,23.44,1785936600,7771.6201171875,7723.5498046875,7736.52001953125,0.009777456234631962,16.5,15.04,19.34,21.35,22.89,13.86,126.41,16.5,15.04,13.86
2026-08-05,KXINXU-26AUG05H1600,KXINXU-26AUG05H1600-T7704.9999,KXINXU,7705.0,1,7723.53,0.92,0.94,0.0,36.0,1785936660,7771.6201171875,7723.5498046875,7736.52001953125,0.009777456234631962,16.5,15.04,19.34,21.35,22.89,13.86,126.41,16.5,15.04,13.86
2026-08-05,KXINXU-26AUG05H1600,KXINXU-26AUG05H1600-T7719.9999,KXINXU,7720.0,1,7723.53,0.88,0.91,0.0,184.53,1785936660,7771.6201171875,7723.5498046875,7736.52001953125,0.009777456234631962,16.5,15.04,19.34,21.35,22.89,13.86,126.41,16.5,15.04,13.86
2026-08-05,KXINXU-26AUG05H1600,KXINXU-26AUG05H1600-T7734.9999,KXINXU,7735.0,0,7723.53,0.82,0.85,200.0,217.2,1785936660,7771.6201171875,7723.5498046875,7736.52001953125,0.009777456234631962,16.5,15.04,19.34,21.35,22.89,13.86,126.41,16.5,15.04,13.86
2026-08-05,KXINXU-26AUG05H1600,KXINXU-26AUG05H1600-T7749.9999,KXINXU,7750.0,0,7723.53,0.74,0.77,80.77,111.16,1785936660,7771.6201171875,7723.5498046875,7736.52001953125,0.009777456234631962,16.5,15.04,19.34,21.35,22.89,13.86,126.41,16.5,15.04,13.86
2026-08-05,KXINXU-26AUG05H1600,KXINXU-26AUG05H1600-T7764.9999,KXINXU,7765.0,0,7723.53,0.64,0.67,0.0,376.75,1785936660,7771.6201171875,7723.5498046875,7736.52001953125,0.009777456234631962,16.5,15.04,19.34,21.35,22.89,13.86,126.41,16.5,15.04,13.86
2026-08-05,KXINXU-26AUG05H1600,KXINXU-26AUG05H1600-T7779.9999,KXINXU,7780.0,0,7723.53,0.51,0.54,102.0,354.81,1785936660,7771.6201171875,7723.5498046875,7736.52001953125,0.009777456234631962,16.5,15.04,19.34,21.35,22.89,13.86,126.41,16.5,15.04,13.86
2026-08-05,KXINXU-26AUG05H1600,KXINXU-26AUG05H1600-T7794.9999,KXINXU,7795.0,0,7723.53,0.39,0.41,41.35,1261.71,1785936660,7771.6201171875,7723.5498046875,7736.52001953125,0.009777456234631962,16.5,15.04,19.34,21.35,22.89,13.86,126.41,16.5,15.04,13.86
2026-08-05,KXINXU-26AUG05H1600,KXINXU-26AUG05H1600-T7809.9999,KXINXU,7810.0,0,7723.53,0.27,0.31,0.0,3.0,1785936660,7771.6201171875,7723.5498046875,7736.52001953125,0.009777456234631962,16.5,15.04,19.34,21.35,22.89,13.86,126.41,16.5,15.04,13.86
2026-08-05,KXINXU-26AUG05H1600,KXINXU-26AUG05H1600-T7824.9999,KXINXU,7825.0,0,7723.53,0.19,0.22,62.92,1062.92,1785936660,7771.6201171875,7723.5498046875,7736.52001953125,0.009777456234631962,16.5,15.04,19.34,21.35,22.89,13.86,126.41,16.5,15.04,13.86
2026-08-05,KXINXU-26AUG05H1600,KXINXU-26AUG05H1600-T7839.9999,KXINXU,7840.0,0,7723.53,0.13,0.16,0.0,94.13,1785936660,7771.6201171875,7723.5498046875,7736.52001953125,0.009777456234631962,16.5,15.04,19.34,21.35,22.89,13.86,126.41,16.5,15.04,13.86
2026-08-06,KXINXU-26AUG06H1600,KXINXU-26AUG06H1600-T7634.9999,KXINXU,7635.0,1,7709.98,0.95,0.98,0.0,120.71,1786023060,7713.7900390625,7709.9599609375,7723.5498046875,0.00948848708804301,15.81,13.79,18.95,21.06,22.67,12.12,133.32,15.81,13.79,12.12
2026-08-06,KXINXU-26AUG06H1600,KXINXU-26AUG06H1600-T7649.9999,KXINXU,7650.0,1,7709.98,0.93,0.96,0.0,0.07,1786023060,7713.7900390625,7709.9599609375,7723.5498046875,0.00948848708804301,15.81,13.79,18.95,21.06,22.67,12.12,133.32,15.81,13.79,12.12
2026-08-06,KXINXU-26AUG06H1600,KXINXU-26AUG06H1600-T7679.9999,KXINXU,7680.0,1,7709.98,0.84,0.88,0.0,117.0,1786023060,7713.7900390625,7709.9599609375,7723.5498046875,0.00948848708804301,15.81,13.79,18.95,21.06,22.67,12.12,133.32,15.81,13.79,12.12
2026-08-06,KXINXU-26AUG06H1600,KXINXU-26AUG06H1600-T7694.9999,KXINXU,7695.0,1,7709.98,0.77,0.81,0.0,101.0,1786023060,7713.7900390625,7709.9599609375,7723.5498046875,0.00948848708804301,15.81,13.79,18.95,21.06,22.67,12.12,133.32,15.81,13.79,12.12
2026-08-06,KXINXU-26AUG06H1600,KXINXU-26AUG06H1600-T7709.9999,KXINXU,7710.0,0,7709.98,0.66,0.7,13.66,252.89,1786023060,7713.7900390625,7709.9599609375,7723.5498046875,0.00948848708804301,15.81,13.79,18.95,21.06,22.67,12.12,133.32,15.81,13.79,12.12
2026-08-06,KXINXU-26AUG06H1600,KXINXU-26AUG06H1600-T7724.9999,KXINXU,7725.0,0,7709.98,0.54,0.56,208.0,422.57,1786023060,7713.7900390625,7709.9599609375,7723.5498046875,0.00948848708804301,15.81,13.79,18.95,21.06,22.67,12.12,133.32,15.81,13.79,12.12
2026-08-06,KXINXU-26AUG06H1600,KXINXU-26AUG06H1600-T7739.9999,KXINXU,7740.0,0,7709.98,0.37,0.41,25.98,592.13,1786023060,7713.7900390625,7709.9599609375,7723.5498046875,0.00948848708804301,15.81,13.79,18.95,21.06,22.67,12.12,133.32,15.81,13.79,12.12
2026-08-06,KXINXU-26AUG06H1600,KXINXU-26AUG06H1600-T7754.9999,KXINXU,7755.0,0,7709.98,0.22,0.27,19.0,35.21,1786023060,7713.7900390625,7709.9599609375,7723.5498046875,0.00948848708804301,15.81,13.79,18.95,21.06,22.67,12.12,133.32,15.81,13.79,12.12
2026-08-06,KXINXU-26AUG06H1600,KXINXU-26AUG06H1600-T7769.9999,KXINXU,7770.0,0,7709.98,0.11,0.16,11.8,96.86,1786023060,7713.7900390625,7709.9599609375,7723.5498046875,0.00948848708804301,15.81,13.79,18.95,21.06,22.67,12.12,133.32,15.81,13.79,12.12
2026-08-06,KXINXU-26AUG06H1600,KXINXU-26AUG06H1600-T7784.9999,KXINXU,7785.0,0,7709.98,0.07,0.09,0.0,674.75,1786023060,7713.7900390625,7709.9599609375,7723.5498046875,0.00948848708804301,15.81,13.79,18.95,21.06,22.67,12.12,133.32,15.81,13.79,12.12
2026-08-06,KXINXU-26AUG06H1600,KXINXU-26AUG06H1600-T7799.9999,KXINXU,7800.0,0,7709.98,0.04,0.05,0.0,85.0,1786023060,7713.7900390625,7709.9599609375,7723.5498046875,0.00948848708804301,15.81,13.79,18.95,21.06,22.67,12.12,133.32,15.81,13.79,12.12
2026-08-07,KXINXU-26AUG07H1600,KXINXU-26AUG07H1600-T7574.9999,KXINXU,7575.0,1,7757.46,0.98,1.0,0.0,100.0,1786109100,7735.18017578125,7757.64013671875,7709.9599609375,0.009209478772622482,15.15,12.66,18.69,20.91,22.56,12.55,134.73,15.15,12.66,12.55
2026-08-07,KXINXU-26AUG07H1600,KXINXU-26AUG07H1600-T7589.9999,KXINXU,7590.0,1,7757.46,0.98,1.0,0.0,120.95,1786109100,7735.18017578125,7757.64013671875,7709.9599609375,0.009209478772622482,15.15,12.66,18.69,20.91,22.56,12.55,134.73,15.15,12.66,12.55
2026-08-07,KXINXU-26AUG07H1600,KXINXU-26AUG07H1600-T7604.9999,KXINXU,7605.0,1,7757.46,0.98,1.0,0.0,126.5,1786109460,7735.18017578125,7757.64013671875,7709.9599609375,0.009209478772622482,15.15,12.66,18.69,20.91,22.56,12.55,134.73,15.15,12.66,12.55
2026-08-07,KXINXU-26AUG07H1600,KXINXU-26AUG07H1600-T7619.9999,KXINXU,7620.0,1,7757.46,0.97,1.0,0.0,101.0,1786109460,7735.18017578125,7757.64013671875,7709.9599609375,0.009209478772622482,15.15,12.66,18.69,20.91,22.56,12.55,134.73,15.15,12.66,12.55
2026-08-07,KXINXU-26AUG07H1600,KXINXU-26AUG07H1600-T7634.9999,KXINXU,7635.0,1,7757.46,0.95,1.0,0.0,1623.28,1786109460,7735.18017578125,7757.64013671875,7709.9599609375,0.009209478772622482,15.15,12.66,18.69,20.91,22.56,12.55,134.73,15.15,12.66,12.55
2026-08-07,KXINXU-26AUG07H1600,KXINXU-26AUG07H1600-T7649.9999,KXINXU,7650.0,1,7757.46,0.93,0.98,0.0,3467.48,1786109460,7735.18017578125,7757.64013671875,7709.9599609375,0.009209478772622482,15.15,12.66,18.69,20.91,22.56,12.55,134.73,15.15,12.66,12.55
2026-08-07,KXINXU-26AUG07H1600,KXINXU-26AUG07H1600-T7664.9999,KXINXU,7665.0,1,7757.46,0.89,0.96,25.0,144.93,1786109460,7735.18017578125,7757.64013671875,7709.9599609375,0.009209478772622482,15.15,12.66,18.69,20.91,22.56,12.55,134.73,15.15,12.66,12.55
2026-08-07,KXINXU-26AUG07H1600,KXINXU-26AUG07H1600-T7679.9999,KXINXU,7680.0,1,7757.46,0.84,0.91,12.0,10052.43,1786109460,7735.18017578125,7757.64013671875,7709.9599609375,0.009209478772622482,15.15,12.66,18.69,20.91,22.56,12.55,134.73,15.15,12.66,12.55
2026-08-07,KXINXU-26AUG07H1600,KXINXU-26AUG07H1600-T7694.9999,KXINXU,7695.0,1,7757.46,0.76,0.86,18.0,68.23,1786109460,7735.18017578125,7757.64013671875,7709.9599609375,0.009209478772622482,15.15,12.66,18.69,20.91,22.56,12.55,134.73,15.15,12.66,12.55
2026-08-07,KXINXU-26AUG07H1600,KXINXU-26AUG07H1600-T7709.9999,KXINXU,7710.0,1,7757.46,0.67,0.76,5.0,1849.79,1786109460,7735.18017578125,7757.64013671875,7709.9599609375,0.009209478772622482,15.15,12.66,18.69,20.91,22.56,12.55,134.73,15.15,12.66,12.55
2026-08-07,KXINXU-26AUG07H1600,KXINXU-26AUG07H1600-T7739.9999,KXINXU,7740.0,1,7757.46,0.45,0.49,201.01,3425.28,1786109460,7735.18017578125,7757.64013671875,7709.9599609375,0.009209478772622482,15.15,12.66,18.69,20.91,22.56,12.55,134.73,15.15,12.66,12.55
2026-08-07,KXINXU-26AUG07H1600,KXINXU-26AUG07H1600-T7784.9999,KXINXU,7785.0,0,7757.46,0.11,0.17,2036.0,3062.14,1786109460,7735.18017578125,7757.64013671875,7709.9599609375,0.009209478772622482,15.15,12.66,18.69,20.91,22.56,12.55,134.73,15.15,12.66,12.55
2026-08-07,KXINXU-26AUG07H1600,KXINXU-26AUG07H1600-T7799.9999,KXINXU,7800.0,0,7757.46,0.05,0.08,30.0,9001.0,1786109460,7735.18017578125,7757.64013671875,7709.9599609375,0.009209478772622482,15.15,12.66,18.69,20.91,22.56,12.55,134.73,15.15,12.66,12.55
2026-08-07,KXINXU-26AUG07H1600,KXINXU-26AUG07H1600-T7814.9999,KXINXU,7815.0,0,7757.46,0.02,0.05,0.0,68.34,1786109460,7735.18017578125,7757.64013671875,7709.9599609375,0.009209478772622482,15.15,12.66,18.69,20.91,22.56,12.55,134.73,15.15,12.66,12.55
2026-08-07,KXINXU-26AUG07H1600,KXINXU-26AUG07H1600-T7829.9999,KXINXU,7830.0,0,7757.46,0.01,0.03,1440.0,1440.0,1786109460,7735.18017578125,7757.64013671875,7709.9599609375,0.009209478772622482,15.15,12.66,18.69,20.91,22.56,12.55,134.73,15.15,12.66,12.55
2026-08-10,KXINXU-26AUG10H1600,KXINXU-26AUG10H1600-T7739.9999,KXINXU,7740.0,1,7753.02,0.7,0.74,223.99,,1786368660,7751.740234375,7753.10986328125,7757.64013671875,0.00905467499677293,14.9,11.96,18.72,21.02,22.66,11.36,132.57,14.9,11.96,11.36
2026-08-10,KXINXU-26AUG10H1600,KXINXU-26AUG10H1600-T7754.9999,KXINXU,7755.0,0,7753.02,0.53,0.55,614.1899999999999,,1786368660,7751.740234375,7753.10986328125,7757.64013671875,0.00905467499677293,14.9,11.96,18.72,21.02,22.66,11.36,132.57,14.9,11.96,11.36
2026-08-10,KXINXU-26AUG10H1600,KXINXU-26AUG10H1600-T7769.9999,KXINXU,7770.0,0,7753.02,0.32,0.36,143.57999999999998,,1786368660,7751.740234375,7753.10986328125,7757.64013671875,0.00905467499677293,14.9,11.96,18.72,21.02,22.66,11.36,132.57,14.9,11.96,11.36
2026-08-10,KXINXU-26AUG10H1600,KXINXU-26AUG10H1600-T7784.9999,KXINXU,7785.0,0,7753.02,0.16,0.21,17.0,,1786368660,7751.740234375,7753.10986328125,7757.64013671875,0.00905467499677293,14.9,11.96,18.72,21.02,22.66,11.36,132.57,14.9,11.96,11.36
2026-08-10,KXINXU-26AUG10H1600,KXINXU-26AUG10H1600-T7814.9999,KXINXU,7815.0,0,7753.02,0.03,0.06,23.42,,1786368660,7751.740234375,7753.10986328125,7757.64013671875,0.00905467499677293,14.9,11.96,18.72,21.02,22.66,11.36,132.57,14.9,11.96,11.36
2026-08-11,KXINXU-26AUG11H1600,KXINXU-26AUG11H1600-T7704.9999,KXINXU,7705.0,1,7728.09,0.94,0.97,40.0,,1786455060,7767.509765625,7728.2001953125,7753.10986328125,0.008779953156119081,15.46,12.77,18.98,21.14,22.76,9.34,137.13,15.46,12.77,9.34
2026-08-11,KXINXU-26AUG11H1600,KXINXU-26AUG11H1600-T7734.9999,KXINXU,7735.0,0,7728.09,0.81,0.85,43.510000000000005,,1786455060,7767.509765625,7728.2001953125,7753.10986328125,0.008779953156119081,15.46,12.77,18.98,21.14,22.76,9.34,137.13,15.46,12.77,9.34
2026-08-11,KXINXU-26AUG11H1600,KXINXU-26AUG11H1600-T7749.9999,KXINXU,7750.0,0,7728.09,0.66,0.71,110.03,,1786455060,7767.509765625,7728.2001953125,7753.10986328125,0.008779953156119081,15.46,12.77,18.98,21.14,22.76,9.34,137.13,15.46,12.77,9.34
2026-08-11,KXINXU-26AUG11H1600,KXINXU-26AUG11H1600-T7764.9999,KXINXU,7765.0,0,7728.09,0.48,0.5,4019.09,,1786455060,7767.509765625,7728.2001953125,7753.10986328125,0.008779953156119081,15.46,12.77,18.98,21.14,22.76,9.34,137.13,15.46,12.77,9.34
2026-08-12,KXINXU-26AUG12H1600,KXINXU-26AUG12H1600-T7719.9999,KXINXU,7720.0,1,7748.54,0.81,0.91,111.21,,1786541460,7765.4599609375,7748.5,7728.2001953125,0.008548958889219273,15.28,12.52,18.91,21.1,22.75,12.52,135.59,15.28,12.52,12.52
2026-08-12,KXINXU-26AUG12H1600,KXINXU-26AUG12H1600-T7734.9999,KXINXU,7735.0,1,7748.54,0.75,0.81,51.0,,1786541460,7765.4599609375,7748.5,7728.2001953125,0.008548958889219273,15.28,12.52,18.91,21.1,22.75,12.52,135.59,15.28,12.52,12.52
2026-08-12,KXINXU-26AUG12H1600,KXINXU-26AUG12H1600-T7749.9999,KXINXU,7750.0,0,7748.54,0.65,0.69,87.48,,1786541460,7765.4599609375,7748.5,7728.2001953125,0.008548958889219273,15.28,12.52,18.91,21.1,22.75,12.52,135.59,15.28,12.52,12.52
2026-08-12,KXINXU-26AUG12H1600,KXINXU-26AUG12H1600-T7764.9999,KXINXU,7765.0,0,7748.54,0.46,0.52,58.14,,1786541460,7765.4599609375,7748.5,7728.2001953125,0.008548958889219273,15.28,12.52,18.91,21.1,22.75,12.52,135.59,15.28,12.52,12.52
2026-08-12,KXINXU-26AUG12H1600,KXINXU-26AUG12H1600-T7779.9999,KXINXU,7780.0,0,7748.54,0.32,0.39,8.94,,1786541460,7765.4599609375,7748.5,7728.2001953125,0.008548958889219273,15.28,12.52,18.91,21.1,22.75,12.52,135.59,15.28,12.52,12.52
2026-08-12,KXINXU-26AUG12H1600,KXINXU-26AUG12H1600-T7794.9999,KXINXU,7795.0,0,7748.54,0.18,0.26,5.0,,1786541460,7765.4599609375,7748.5,7728.2001953125,0.008548958889219273,15.28,12.52,18.91,21.1,22.75,12.52,135.59,15.28,12.52,12.52
2026-08-13,KXINXU-26AUG13H1600,KXINXU-26AUG13H1600-T7714.9999,KXINXU,7715.0,1,7799.19,0.92,0.96,32.0,,1786627860,7763.18017578125,7798.990234375,7748.5,0.008313762484165309,14.55,11.09,18.53,20.82,22.62,9.46,136.54,14.55,11.09,9.46
2026-08-13,KXINXU-26AUG13H1600,KXINXU-26AUG13H1600-T7749.9999,KXINXU,7750.0,1,7799.19,0.72,0.77,132.54000000000002,,1786627860,7763.18017578125,7798.990234375,7748.5,0.008313762484165309,14.55,11.09,18.53,20.82,22.62,9.46,136.54,14.55,11.09,9.46
2026-08-13,KXINXU-26AUG13H1600,KXINXU-26AUG13H1600-T7779.9999,KXINXU,7780.0,1,7799.19,0.3,0.36,18.65,,1786627860,7763.18017578125,7798.990234375,7748.5,0.008313762484165309,14.55,11.09,18.53,20.82,22.62,9.46,136.54,14.55,11.09,9.46
2026-08-13,KXINXU-26AUG13H1600,KXINXU-26AUG13H1600-T7794.9999,KXINXU,7795.0,1,7799.19,0.12,0.18,43.1,,1786627860,7763.18017578125,7798.990234375,7748.5,0.008313762484165309,14.55,11.09,18.53,20.82,22.62,9.46,136.54,14.55,11.09,9.46
2026-08-14,KXINXU-26AUG14H1600,KXINXU-26AUG14H1600-T7779.9999,KXINXU,7780.0,1,7785.73,0.77,0.81,20.52,,1786714260,7806.60009765625,7785.759765625,7798.990234375,0.00821696952559989,14.63,11.37,18.61,20.93,22.82,9.49,134.37,14.63,11.37,9.49
2026-08-14,KXINXU-26AUG14H1600,KXINXU-26AUG14H1600-T7794.9999,KXINXU,7795.0,0,7785.73,0.6,0.64,1.0,,1786714260,7806.60009765625,7785.759765625,7798.990234375,0.00821696952559989,14.63,11.37,18.61,20.93,22.82,9.49,134.37,14.63,11.37,9.49
2026-08-14,KXINXU-26AUG14H1600,KXINXU-26AUG14H1600-T7809.9999,KXINXU,7810.0,0,7785.73,0.38,0.42,109.07,,1786714260,7806.60009765625,7785.759765625,7798.990234375,0.00821696952559989,14.63,11.37,18.61,20.93,22.82,9.49,134.37,14.63,11.37,9.49
2026-08-14,KXINXU-26AUG14H1600,KXINXU-26AUG14H1600-T7824.9999,KXINXU,7825.0,0,7785.73,0.18,0.23,28.18,,1786714260,7806.60009765625,7785.759765625,7798.990234375,0.00821696952559989,14.63,11.37,18.61,20.93,22.82,9.49,134.37,14.63,11.37,9.49
2026-08-14,KXINXU-26AUG14H1600,KXINXU-26AUG14H1600-T7839.9999,KXINXU,7840.0,0,7785.73,0.1,0.11,62.92,,1786714260,7806.60009765625,7785.759765625,7798.990234375,0.00821696952559989,14.63,11.37,18.61,20.93,22.82,9.49,134.37,14.63,11.37,9.49
2026-08-17,KXINXU-26AUG17H1600,KXINXU-26AUG17H1600-T7739.9999,KXINXU,7740.0,1,7745.44,0.93,0.97,23.0,,1786973460,7790.68017578125,7745.06005859375,7785.759765625,0.007977874975840687,14.25,10.61,18.46,20.8,22.75,9.18,138.36,14.25,10.61,9.18
2026-08-17,KXINXU-26AUG17H1600,KXINXU-26AUG17H1600-T7754.9999,KXINXU,7755.0,0,7745.44,0.87,0.92,78.49,,1786973460,7790.68017578125,7745.06005859375,7785.759765625,0.007977874975840687,14.25,10.61,18.46,20.8,22.75,9.18,138.36,14.25,10.61,9.18
2026-08-17,KXINXU-26AUG17H1600,KXINXU-26AUG17H1600-T7769.9999,KXINXU,7770.0,0,7745.44,0.76,0.81,72.16,,1786973460,7790.68017578125,7745.06005859375,7785.759765625,0.007977874975840687,14.25,10.61,18.46,20.8,22.75,9.18,138.36,14.25,10.61,9.18
2026-08-17,KXINXU-26AUG17H1600,KXINXU-26AUG17H1600-T7784.9999,KXINXU,7785.0,0,7745.44,0.56,0.6,19.380000000000003,,1786973460,7790.68017578125,7745.06005859375,7785.759765625,0.007977874975840687,14.25,10.61,18.46,20.8,22.75,9.18,138.36,14.25,10.61,9.18
2026-08-17,KXINXU-26AUG17H1600,KXINXU-26AUG17H1600-T7799.9999,KXINXU,7800.0,0,7745.44,0.29,0.35,17.0,,1786973460,7790.68017578125,7745.06005859375,7785.759765625,0.007977874975840687,14.25,10.61,18.46,20.8,22.75,9.18,138.36,14.25,10.61,9.18
2026-08-18,KXINXU-26AUG18H1600,KXINXU-26AUG18H1600-T7669.9999,KXINXU,7670.0,1,7691.97,0.84,0.89,0.88,,1787059860,7700.0400390625,7691.759765625,7745.06005859375,0.007838545760355429,15.19,12.39,19.04,21.33,23.04,8.32,142.91,15.19,12.39,8.32
2026-08-18,KXINXU-26AUG18H1600,KXINXU-26AUG18H1600-T7684.9999,KXINXU,7685.0,1,7691.97,0.76,0.8,45.38,,1787059860,7700.0400390625,7691.759765625,7745.06005859375,0.007838545760355429,15.19,12.39,19.04,21.33,23.04,8.32,142.91,15.19,12.39,8.32
2026-08-18,KXINXU-26AUG18H1600,KXINXU-26AUG18H1600-T7699.9999,KXINXU,7700.0,0,7691.97,0.62,0.66,122.49,,1787059860,7700.0400390625,7691.759765625,7745.06005859375,0.007838545760355429,15.19,12.39,19.04,21.33,23.04,8.32,142.91,15.19,12.39,8.32
2026-08-18,KXINXU-26AUG18H1600,KXINXU-26AUG18H1600-T7714.9999,KXINXU,7715.0,0,7691.97,0.44,0.47,11.64,,1787059860,7700.0400390625,7691.759765625,7745.06005859375,0.007838545760355429,15.19,12.39,19.04,21.33,23.04,8.32,142.91,15.19,12.39,8.32
2026-08-18,KXINXU-26AUG18H1600,KXINXU-26AUG18H1600-T7729.9999,KXINXU,7730.0,0,7691.97,0.23,0.29,6.2,,1787059860,7700.0400390625,7691.759765625,7745.06005859375,0.007838545760355429,15.19,12.39,19.04,21.33,23.04,8.32,142.91,15.19,12.39,8.32
2026-08-18,KXINXU-26AUG18H1600,KXINXU-26AUG18H1600-T7744.9999,KXINXU,7745.0,0,7691.97,0.09,0.15,52.0,,1787059860,7700.0400390625,7691.759765625,7745.06005859375,0.007838545760355429,15.19,12.39,19.04,21.33,23.04,8.32,142.91,15.19,12.39,8.32
2026-08-18,KXINXU-26AUG18H1600,KXINXU-26AUG18H1600-T7759.9999,KXINXU,7760.0,0,7691.97,0.03,0.07,138.51,,1787059860,7700.0400390625,7691.759765625,7745.06005859375,0.007838545760355429,15.19,12.39,19.04,21.33,23.04,8.32,142.91,15.19,12.39,8.32
2026-08-18,KXINXU-26AUG18H1600,KXINXU-26AUG18H1600-T7774.9999,KXINXU,7775.0,0,7691.97,0.01,0.03,4.0,,1787059860,7700.0400390625,7691.759765625,7745.06005859375,0.007838545760355429,15.19,12.39,19.04,21.33,23.04,8.32,142.91,15.19,12.39,8.32
2026-08-18,KXINXU-26AUG18H1600,KXINXU-26AUG18H1600-T7789.9999,KXINXU,7790.0,0,7691.97,0.0,0.02,8.0,,1787059860,7700.0400390625,7691.759765625,7745.06005859375,0.007838545760355429,15.19,12.39,19.04,21.33,23.04,8.32,142.91,15.19,12.39,8.32
2026-08-19,KXINXU-26AUG19H1600,KXINXU-26AUG19H1600-T7604.9999,KXINXU,7605.0,1,7708.35,0.98,1.0,50.0,,1787146260,7716.740234375,7707.97998046875,7691.759765625,0.0077868817214530265,15.84,13.59,19.27,21.37,22.94,10.06,143.6,15.84,13.59,10.06
2026-08-19,KXINXU-26AUG19H1600,KXINXU-26AUG19H1600-T7619.9999,KXINXU,7620.0,1,7708.35,0.98,1.0,50.0,,1787146260,7716.740234375,7707.97998046875,7691.759765625,0.0077868817214530265,15.84,13.59,19.27,21.37,22.94,10.06,143.6,15.84,13.59,10.06
2026-08-19,KXINXU-26AUG19H1600,KXINXU-26AUG19H1600-T7649.9999,KXINXU,7650.0,1,7708.35,0.96,0.99,380.0,,1787146260,7716.740234375,7707.97998046875,7691.759765625,0.0077868817214530265,15.84,13.59,19.27,21.37,22.94,10.06,143.6,15.84,13.59,10.06
2026-08-19,KXINXU-26AUG19H1600,KXINXU-26AUG19H1600-T7694.9999,KXINXU,7695.0,1,7708.35,0.81,0.84,68.0,,1787146260,7716.740234375,7707.97998046875,7691.759765625,0.0077868817214530265,15.84,13.59,19.27,21.37,22.94,10.06,143.6,15.84,13.59,10.06
2026-08-19,KXINXU-26AUG19H1600,KXINXU-26AUG19H1600-T7709.9999,KXINXU,7710.0,0,7708.35,0.66,0.7,50.21,,1787146260,7716.740234375,7707.97998046875,7691.759765625,0.0077868817214530265,15.84,13.59,19.27,21.37,22.94,10.06,143.6,15.84,13.59,10.06
2026-08-19,KXINXU-26AUG19H1600,KXINXU-26AUG19H1600-T7724.9999,KXINXU,7725.0,0,7708.35,0.47,0.5,96.4,,1787146260,7716.740234375,7707.97998046875,7691.759765625,0.0077868817214530265,15.84,13.59,19.27,21.37,22.94,10.06,143.6,15.84,13.59,10.06
2026-08-19,KXINXU-26AUG19H1600,KXINXU-26AUG19H1600-T7739.9999,KXINXU,7740.0,0,7708.35,0.27,0.32,1.38,,1787146260,7716.740234375,7707.97998046875,7691.759765625,0.0077868817214530265,15.84,13.59,19.27,21.37,22.94,10.06,143.6,15.84,13.59,10.06
2026-08-19,KXINXU-26AUG19H1600,KXINXU-26AUG19H1600-T7754.9999,KXINXU,7755.0,0,7708.35,0.12,0.17,50.0,,1787146260,7716.740234375,7707.97998046875,7691.759765625,0.0077868817214530265,15.84,13.59,19.27,21.37,22.94,10.06,143.6,15.84,13.59,10.06
2026-08-20,KXINXU-26AUG20H1600,KXINXU-26AUG20H1600-T7554.9999,KXINXU,7555.0,1,7641.82,0.98,1.0,50.0,,1787232660,7690.490234375,7641.16015625,7707.97998046875,0.007567621925275884,14.89,12.66,18.57,20.9,22.69,9.76,142.93,14.89,12.66,9.76
2026-08-20,KXINXU-26AUG20H1600,KXINXU-26AUG20H1600-T7644.9999,KXINXU,7645.0,0,7641.82,0.81,0.85,49.8,,1787232660,7690.490234375,7641.16015625,7707.97998046875,0.007567621925275884,14.89,12.66,18.57,20.9,22.69,9.76,142.93,14.89,12.66,9.76
2026-08-20,KXINXU-26AUG20H1600,KXINXU-26AUG20H1600-T7659.9999,KXINXU,7660.0,0,7641.82,0.71,0.76,29.56,,1787232660,7690.490234375,7641.16015625,7707.97998046875,0.007567621925275884,14.89,12.66,18.57,20.9,22.69,9.76,142.93,14.89,12.66,9.76
2026-08-20,KXINXU-26AUG20H1600,KXINXU-26AUG20H1600-T7674.9999,KXINXU,7675.0,0,7641.82,0.57,0.6,32.6,,1787232660,7690.490234375,7641.16015625,7707.97998046875,0.007567621925275884,14.89,12.66,18.57,20.9,22.69,9.76,142.93,14.89,12.66,9.76
2026-08-20,KXINXU-26AUG20H1600,KXINXU-26AUG20H1600-T7704.9999,KXINXU,7705.0,0,7641.82,0.2,0.25,5000.0,,1787232660,7690.490234375,7641.16015625,7707.97998046875,0.007567621925275884,14.89,12.66,18.57,20.9,22.69,9.76,142.93,14.89,12.66,9.76
2026-08-20,KXINXU-26AUG20H1600,KXINXU-26AUG20H1600-T7719.9999,KXINXU,7720.0,0,7641.82,0.08,0.12,1.0,,1787232660,7690.490234375,7641.16015625,7707.97998046875,0.007567621925275884,14.89,12.66,18.57,20.9,22.69,9.76,142.93,14.89,12.66,9.76
2026-08-21,KXINXU-26AUG21H1600,KXINXU-26AUG21H1600-T7549.9999,KXINXU,7550.0,1,7674.3,0.98,1.0,100.0,,1787319060,7665.68017578125,7674.3701171875,7641.16015625,0.007638140983727332,16.01,14.39,19.06,21.25,22.9,12.31,143.23,16.01,14.39,12.31
2026-08-21,KXINXU-26AUG21H1600,KXINXU-26AUG21H1600-T7564.9999,KXINXU,7565.0,1,7674.3,0.98,1.0,50.0,,1787319060,7665.68017578125,7674.3701171875,7641.16015625,0.007638140983727332,16.01,14.39,19.06,21.25,22.9,12.31,143.23,16.01,14.39,12.31
2026-08-21,KXINXU-26AUG21H1600,KXINXU-26AUG21H1600-T7654.9999,KXINXU,7655.0,1,7674.3,0.71,0.77,2.0,,1787319060,7665.68017578125,7674.3701171875,7641.16015625,0.007638140983727332,16.01,14.39,19.06,21.25,22.9,12.31,143.23,16.01,14.39,12.31
2026-08-21,KXINXU-26AUG21H1600,KXINXU-26AUG21H1600-T7669.9999,KXINXU,7670.0,1,7674.3,0.54,0.58,89.98,,1787319060,7665.68017578125,7674.3701171875,7641.16015625,0.007638140983727332,16.01,14.39,19.06,21.25,22.9,12.31,143.23,16.01,14.39,12.31
2026-08-21,KXINXU-26AUG21H1600,KXINXU-26AUG21H1600-T7684.9999,KXINXU,7685.0,0,7674.3,0.32,0.39,40.26,,1787319060,7665.68017578125,7674.3701171875,7641.16015625,0.007638140983727332,16.01,14.39,19.06,21.25,22.9,12.31,143.23,16.01,14.39,12.31
2026-08-21,KXINXU-26AUG21H1600,KXINXU-26AUG21H1600-T7699.9999,KXINXU,7700.0,0,7674.3,0.15,0.22,66.96000000000001,,1787319060,7665.68017578125,7674.3701171875,7641.16015625,0.007638140983727332,16.01,14.39,19.06,21.25,22.9,12.31,143.23,16.01,14.39,12.31
2026-08-21,KXINXU-26AUG21H1600,KXINXU-26AUG21H1600-T7714.9999,KXINXU,7715.0,0,7674.3,0.07,0.11,59.45,,1787319060,7665.68017578125,7674.3701171875,7641.16015625,0.007638140983727332,16.01,14.39,19.06,21.25,22.9,12.31,143.23,16.01,14.39,12.31
2026-08-21,KXINXU-26AUG21H1600,KXINXU-26AUG21H1600-T7744.9999,KXINXU,7745.0,0,7674.3,0.02,0.03,71.0,,1787319060,7665.68017578125,7674.3701171875,7641.16015625,0.007638140983727332,16.01,14.39,19.06,21.25,22.9,12.31,143.23,16.01,14.39,12.31
2026-08-24,KXINXU-26AUG24H1600,KXINXU-26AUG24H1600-T7629.9999,KXINXU,7630.0,1,7652.96,0.79,0.84,1.12,,1787578260,7663.3798828125,7652.85986328125,7674.3701171875,0.007477970177235679,15.13,12.58,18.5,20.9,22.64,10.0,143.9,15.13,12.58,10.0
2026-08-24,KXINXU-26AUG24H1600,KXINXU-26AUG24H1600-T7644.9999,KXINXU,7645.0,1,7652.96,0.65,0.69,20.72,,1787578260,7663.3798828125,7652.85986328125,7674.3701171875,0.007477970177235679,15.13,12.58,18.5,20.9,22.64,10.0,143.9,15.13,12.58,10.0
2026-08-24,KXINXU-26AUG24H1600,KXINXU-26AUG24H1600-T7659.9999,KXINXU,7660.0,0,7652.96,0.46,0.48,104.87,,1787578260,7663.3798828125,7652.85986328125,7674.3701171875,0.007477970177235679,15.13,12.58,18.5,20.9,22.64,10.0,143.9,15.13,12.58,10.0
2026-08-24,KXINXU-26AUG24H1600,KXINXU-26AUG24H1600-T7674.9999,KXINXU,7675.0,0,7652.96,0.24,0.29,61.21,,1787578260,7663.3798828125,7652.85986328125,7674.3701171875,0.007477970177235679,15.13,12.58,18.5,20.9,22.64,10.0,143.9,15.13,12.58,10.0
2026-08-24,KXINXU-26AUG24H1600,KXINXU-26AUG24H1600-T7689.9999,KXINXU,7690.0,0,7652.96,0.11,0.14,50.03,,1787578260,7663.3798828125,7652.85986328125,7674.3701171875,0.007477970177235679,15.13,12.58,18.5,20.9,22.64,10.0,143.9,15.13,12.58,10.0
2026-08-24,KXINXU-26AUG24H1600,KXINXU-26AUG24H1600-T7719.9999,KXINXU,7720.0,0,7652.96,0.02,0.03,1.0,,1787578260,7663.3798828125,7652.85986328125,7674.3701171875,0.007477970177235679,15.13,12.58,18.5,20.9,22.64,10.0,143.9,15.13,12.58,10.0
2026-08-25,KXINXU-26AUG25H1600,KXINXU-26AUG25H1600-T7694.9999,KXINXU,7695.0,0,7677.2,0.28,0.33,4.93,,1787664660,7676.66015625,7677.27978515625,7652.85986328125,0.007282174801607909,15.85,14.07,18.56,21.04,22.69,8.71,145.64,15.85,14.07,8.71
2026-08-25,KXINXU-26AUG25H1600,KXINXU-26AUG25H1600-T7709.9999,KXINXU,7710.0,0,7677.2,0.11,0.16,33.14,,1787664660,7676.66015625,7677.27978515625,7652.85986328125,0.007282174801607909,15.85,14.07,18.56,21.04,22.69,8.71,145.64,15.85,14.07,8.71
2026-08-25,KXINXU-26AUG25H1600,KXINXU-26AUG25H1600-T7724.9999,KXINXU,7725.0,0,7677.2,0.05,0.07,2.0,,1787664660,7676.66015625,7677.27978515625,7652.85986328125,0.007282174801607909,15.85,14.07,18.56,21.04,22.69,8.71,145.64,15.85,14.07,8.71
2026-08-26,KXINXU-26AUG26H1600,KXINXU-26AUG26H1600-T7584.9999,KXINXU,7585.0,1,7675.83,0.97,1.0,10.8,,1787751060,7666.8798828125,7675.7001953125,7677.27978515625,0.007102697420763803,15.45,13.45,18.21,20.84,22.61,8.41,143.27,15.45,13.45,8.41
2026-08-26,KXINXU-26AUG26H1600,KXINXU-26AUG26H1600-T7674.9999,KXINXU,7675.0,1,7675.83,0.36,0.4,4.79,,1787751060,7666.8798828125,7675.7001953125,7677.27978515625,0.007102697420763803,15.45,13.45,18.21,20.84,22.61,8.41,143.27,15.45,13.45,8.41
2026-08-26,KXINXU-26AUG26H1600,KXINXU-26AUG26H1600-T7689.9999,KXINXU,7690.0,0,7675.83,0.17,0.2,12.93,,1787751060,7666.8798828125,7675.7001953125,7677.27978515625,0.007102697420763803,15.45,13.45,18.21,20.84,22.61,8.41,143.27,15.45,13.45,8.41
2026-08-26,KXINXU-26AUG26H1600,KXINXU-26AUG26H1600-T7704.9999,KXINXU,7705.0,0,7675.83,0.06,0.09,75.12,,1787751060,7666.8798828125,7675.7001953125,7677.27978515625,0.007102697420763803,15.45,13.45,18.21,20.84,22.61,8.41,143.27,15.45,13.45,8.41
2026-08-26,KXINXU-26AUG26H1600,KXINXU-26AUG26H1600-T7734.9999,KXINXU,7735.0,0,7675.83,0.0,0.02,189.0,,1787751060,7666.8798828125,7675.7001953125,7677.27978515625,0.007102697420763803,15.45,13.45,18.21,20.84,22.61,8.41,143.27,15.45,13.45,8.41
2026-08-27,KXINXU-26AUG27H1600,KXINXU-26AUG27H1600-T7614.9999,KXINXU,7615.0,1,7730.78,0.97,1.0,5.0,,1787837460,7710.33984375,7730.990234375,7675.7001953125,0.006886459397051919,15.21,13.33,17.99,20.64,22.42,12.91,142.96,15.21,13.33,12.91
2026-08-27,KXINXU-26AUG27H1600,KXINXU-26AUG27H1600-T7674.9999,KXINXU,7675.0,1,7730.78,0.77,0.79,22.8,,1787837460,7710.33984375,7730.990234375,7675.7001953125,0.006886459397051919,15.21,13.33,17.99,20.64,22.42,12.91,142.96,15.21,13.33,12.91
2026-08-27,KXINXU-26AUG27H1600,KXINXU-26AUG27H1600-T7689.9999,KXINXU,7690.0,1,7730.78,0.65,0.68,10.35,,1787837460,7710.33984375,7730.990234375,7675.7001953125,0.006886459397051919,15.21,13.33,17.99,20.64,22.42,12.91,142.96,15.21,13.33,12.91
2026-08-27,KXINXU-26AUG27H1600,KXINXU-26AUG27H1600-T7704.9999,KXINXU,7705.0,1,7730.78,0.5,0.53,3.72,,1787837460,7710.33984375,7730.990234375,7675.7001953125,0.006886459397051919,15.21,13.33,17.99,20.64,22.42,12.91,142.96,15.21,13.33,12.91
2026-08-28,KXINXU-26AUG28H1600,KXINXU-26AUG28H1600-T7624.9999,KXINXU,7625.0,1,7711.49,0.97,0.99,189.0,,1787923860,7735.169921875,7711.759765625,7730.990234375,0.006901520794436795,14.51,12.1,17.56,20.36,22.24,11.52,144.05,14.51,12.1,11.52
2026-08-28,KXINXU-26AUG28H1600,KXINXU-26AUG28H1600-T7744.9999,KXINXU,7745.0,0,7711.49,0.46,0.48,241.57,,1787923860,7735.169921875,7711.759765625,7730.990234375,0.006901520794436795,14.51,12.1,17.56,20.36,22.24,11.52,144.05,14.51,12.1,11.52
2026-08-28,KXINXU-26AUG28H1600,KXINXU-26AUG28H1600-T7759.9999,KXINXU,7760.0,0,7711.49,0.3,0.34,5.96,,1787923860,7735.169921875,7711.759765625,7730.990234375,0.006901520794436795,14.51,12.1,17.56,20.36,22.24,11.52,144.05,14.51,12.1,11.52
2026-08-28,KXINXU-26AUG28H1600,KXINXU-26AUG28H1600-T7774.9999,KXINXU,7775.0,0,7711.49,0.18,0.22,9.96,,1787923860,7735.169921875,7711.759765625,7730.990234375,0.006901520794436795,14.51,12.1,17.56,20.36,22.24,11.52,144.05,14.51,12.1,11.52
2026-08-28,KXINXU-26AUG28H1600,KXINXU-26AUG28H1600-T7789.9999,KXINXU,7790.0,0,7711.49,0.08,0.12,1.0,,1787923860,7735.169921875,7711.759765625,7730.990234375,0.006901520794436795,14.51,12.1,17.56,20.36,22.24,11.52,144.05,14.51,12.1,11.52
2026-08-31,KXINXU-26AUG31H1600,KXINXU-26AUG31H1600-T7634.9999,KXINXU,7635.0,1,7686.38,0.93,0.96,532.9,,1788183060,7697.52001953125,7686.14013671875,7711.759765625,0.006719198738070189,14.43,11.22,17.48,20.3,22.16,10.21,149.77,14.43,11.22,10.21
2026-08-31,KXINXU-26AUG31H1600,KXINXU-26AUG31H1600-T7679.9999,KXINXU,7680.0,1,7686.38,0.66,0.7,5.0,,1788183060,7697.52001953125,7686.14013671875,7711.759765625,0.006719198738070189,14.43,11.22,17.48,20.3,22.16,10.21,149.77,14.43,11.22,10.21
2026-08-31,KXINXU-26AUG31H1600,KXINXU-26AUG31H1600-T7694.9999,KXINXU,7695.0,0,7686.38,0.47,0.51,16200.0,,1788183060,7697.52001953125,7686.14013671875,7711.759765625,0.006719198738070189,14.43,11.22,17.48,20.3,22.16,10.21,149.77,14.43,11.22,10.21
2026-09-01,KXINXU-26SEP01H1600,KXINXU-26SEP01H1600-T7609.9999,KXINXU,7610.0,1,7631.47,0.73,0.77,20.0,,1788269460,7635.47021484375,7631.47021484375,7686.14013671875,0.00656330815658274,14.92,12.34,17.53,20.17,21.87,8.91,148.53,14.92,12.34,8.91
2026-09-01,KXINXU-26SEP01H1600,KXINXU-26SEP01H1600-T7624.9999,KXINXU,7625.0,1,7631.47,0.59,0.62,1.0,,1788269460,7635.47021484375,7631.47021484375,7686.14013671875,0.00656330815658274,14.92,12.34,17.53,20.17,21.87,8.91,148.53,14.92,12.34,8.91
2026-09-01,KXINXU-26SEP01H1600,KXINXU-26SEP01H1600-T7639.9999,KXINXU,7640.0,0,7631.47,0.42,0.45,5.0,,1788269460,7635.47021484375,7631.47021484375,7686.14013671875,0.00656330815658274,14.92,12.34,17.53,20.17,21.87,8.91,148.53,14.92,12.34,8.91
2026-09-01,KXINXU-26SEP01H1600,KXINXU-26SEP01H1600-T7669.9999,KXINXU,7670.0,0,7631.47,0.11,0.15,19.0,,1788269460,7635.47021484375,7631.47021484375,7686.14013671875,0.00656330815658274,14.92,12.34,17.53,20.17,21.87,8.91,148.53,14.92,12.34,8.91
2026-09-01,KXINXU-26SEP01H1600,KXINXU-26SEP01H1600-T7684.9999,KXINXU,7685.0,0,7631.47,0.06,0.07,25.81,,1788269460,7635.47021484375,7631.47021484375,7686.14013671875,0.00656330815658274,14.92,12.34,17.53,20.17,21.87,8.91,148.53,14.92,12.34,8.91
2026-09-01,KXINXU-26SEP01H1600,KXINXU-26SEP01H1600-T7699.9999,KXINXU,7700.0,0,7631.47,0.02,0.04,3.99,,1788269460,7635.47021484375,7631.47021484375,7686.14013671875,0.00656330815658274,14.92,12.34,17.53,20.17,21.87,8.91,148.53,14.92,12.34,8.91
2026-09-02,KXINXU-26SEP02H1600,KXINXU-26SEP02H1600-T7539.9999,KXINXU,7540.0,1,7666.68,0.98,1.0,8.0,,1788355860,7634.580078125,7666.60009765625,7631.47021484375,0.00660124601151494,16.34,14.33,18.33,20.56,21.93,10.8,149.23,16.34,14.33,10.8
2026-09-02,KXINXU-26SEP02H1600,KXINXU-26SEP02H1600-T7584.9999,KXINXU,7585.0,1,7666.68,0.91,0.95,1003.0,,1788355860,7634.580078125,7666.60009765625,7631.47021484375,0.00660124601151494,16.34,14.33,18.33,20.56,21.93,10.8,149.23,16.34,14.33,10.8
2026-09-02,KXINXU-26SEP02H1600,KXINXU-26SEP02H1600-T7629.9999,KXINXU,7630.0,1,7666.68,0.59,0.63,1.0,,1788355860,7634.580078125,7666.60009765625,7631.47021484375,0.00660124601151494,16.34,14.33,18.33,20.56,21.93,10.8,149.23,16.34,14.33,10.8
2026-09-02,KXINXU-26SEP02H1600,KXINXU-26SEP02H1600-T7644.9999,KXINXU,7645.0,1,7666.68,0.39,0.44,173.73,,1788355860,7634.580078125,7666.60009765625,7631.47021484375,0.00660124601151494,16.34,14.33,18.33,20.56,21.93,10.8,149.23,16.34,14.33,10.8
2026-09-02,KXINXU-26SEP02H1600,KXINXU-26SEP02H1600-T7659.9999,KXINXU,7660.0,1,7666.68,0.2,0.26,26.97,,1788355860,7634.580078125,7666.60009765625,7631.47021484375,0.00660124601151494,16.34,14.33,18.33,20.56,21.93,10.8,149.23,16.34,14.33,10.8
2026-09-03,KXINXU-26SEP03H1600,KXINXU-26SEP03H1600-T7589.9999,KXINXU,7590.0,1,7747.6,0.99,1.0,190.0,,1788442260,7686.7099609375,7747.7099609375,7666.60009765625,0.006498708905602648,15.2,12.57,17.73,20.36,21.24,10.43,144.12,15.2,12.57,10.43
2026-09-03,KXINXU-26SEP03H1600,KXINXU-26SEP03H1600-T7604.9999,KXINXU,7605.0,1,7747.6,0.98,0.99,32.0,,1788442260,7686.7099609375,7747.7099609375,7666.60009765625,0.006498708905602648,15.2,12.57,17.73,20.36,21.24,10.43,144.12,15.2,12.57,10.43
2026-09-03,KXINXU-26SEP03H1600,KXINXU-26SEP03H1600-T7619.9999,KXINXU,7620.0,1,7747.6,0.97,0.98,31.0,,1788442260,7686.7099609375,7747.7099609375,7666.60009765625,0.006498708905602648,15.2,12.57,17.73,20.36,21.24,10.43,144.12,15.2,12.57,10.43
2026-09-03,KXINXU-26SEP03H1600,KXINXU-26SEP03H1600-T7634.9999,KXINXU,7635.0,1,7747.6,0.95,0.97,31.0,,1788442260,7686.7099609375,7747.7099609375,7666.60009765625,0.006498708905602648,15.2,12.57,17.73,20.36,21.24,10.43,144.12,15.2,12.57,10.43
2026-09-03,KXINXU-26SEP03H1600,KXINXU-26SEP03H1600-T7649.9999,KXINXU,7650.0,1,7747.6,0.91,0.93,4.0,,1788442260,7686.7099609375,7747.7099609375,7666.60009765625,0.006498708905602648,15.2,12.57,17.73,20.36,21.24,10.43,144.12,15.2,12.57,10.43
2026-09-03,KXINXU-26SEP03H1600,KXINXU-26SEP03H1600-T7664.9999,KXINXU,7665.0,1,7747.6,0.85,0.89,179.53,,1788442260,7686.7099609375,7747.7099609375,7666.60009765625,0.006498708905602648,15.2,12.57,17.73,20.36,21.24,10.43,144.12,15.2,12.57,10.43
2026-09-03,KXINXU-26SEP03H1600,KXINXU-26SEP03H1600-T7679.9999,KXINXU,7680.0,1,7747.6,0.75,0.78,1.0,,1788442260,7686.7099609375,7747.7099609375,7666.60009765625,0.006498708905602648,15.2,12.57,17.73,20.36,21.24,10.43,144.12,15.2,12.57,10.43
2026-09-03,KXINXU-26SEP03H1600,KXINXU-26SEP03H1600-T7694.9999,KXINXU,7695.0,1,7747.6,0.6,0.62,2.0,,1788442260,7686.7099609375,7747.7099609375,7666.60009765625,0.006498708905602648,15.2,12.57,17.73,20.36,21.24,10.43,144.12,15.2,12.57,10.43
2026-09-03,KXINXU-26SEP03H1600,KXINXU-26SEP03H1600-T7709.9999,KXINXU,7710.0,1,7747.6,0.39,0.43,15.78,,1788442260,7686.7099609375,7747.7099609375,7666.60009765625,0.006498708905602648,15.2,12.57,17.73,20.36,21.24,10.43,144.12,15.2,12.57,10.43
2026-09-03,KXINXU-26SEP03H1600,KXINXU-26SEP03H1600-T7724.9999,KXINXU,7725.0,1,7747.6,0.2,0.23,57.79,,1788442260,7686.7099609375,7747.7099609375,7666.60009765625,0.006498708905602648,15.2,12.57,17.73,20.36,21.24,10.43,144.12,15.2,12.57,10.43
2026-09-03,KXINXU-26SEP03H1600,KXINXU-26SEP03H1600-T7739.9999,KXINXU,7740.0,1,7747.6,0.06,0.11,1.0,,1788442260,7686.7099609375,7747.7099609375,7666.60009765625,0.006498708905602648,15.2,12.57,17.73,20.36,21.24,10.43,144.12,15.2,12.57,10.43
2026-09-04,KXINXU-26SEP04H1600,KXINXU-26SEP04H1600-T7729.9999,KXINXU,7730.0,0,7718.36,0.58,0.67,44.06,,1788528660,7750.18994140625,7718.60009765625,7747.7099609375,0.006805404721422478,14.32,11.68,17.42,19.78,21.43,10.84,150.63,14.32,11.68,10.84
2026-09-04,KXINXU-26SEP04H1600,KXINXU-26SEP04H1600-T7819.9999,KXINXU,7820.0,0,7718.36,0.0,0.02,146.0,,1788528660,7750.18994140625,7718.60009765625,7747.7099609375,0.006805404721422478,14.32,11.68,17.42,19.78,21.43,10.84,150.63,14.32,11.68,10.84
2026-09-08,KXINXU-26SEP08H1600,KXINXU-26SEP08H1600-T7609.9999,KXINXU,7610.0,1,7673.66,0.98,1.0,2.0,,1788874260,7717.81005859375,7673.52001953125,7718.60009765625,0.00666277533426658,14.53,11.97,17.61,19.89,21.49,12.03,151.58,14.53,11.97,12.03
2026-09-08,KXINXU-26SEP08H1600,KXINXU-26SEP08H1600-T7624.9999,KXINXU,7625.0,1,7673.66,0.97,1.0,4.0,,1788874260,7717.81005859375,7673.52001953125,7718.60009765625,0.00666277533426658,14.53,11.97,17.61,19.89,21.49,12.03,151.58,14.53,11.97,12.03
2026-09-08,KXINXU-26SEP08H1600,KXINXU-26SEP08H1600-T7639.9999,KXINXU,7640.0,1,7673.66,0.95,1.0,5.0,,1788874260,7717.81005859375,7673.52001953125,7718.60009765625,0.00666277533426658,14.53,11.97,17.61,19.89,21.49,12.03,151.58,14.53,11.97,12.03
2026-09-08,KXINXU-26SEP08H1600,KXINXU-26SEP08H1600-T7669.9999,KXINXU,7670.0,1,7673.66,0.85,0.9,17.7,,1788874260,7717.81005859375,7673.52001953125,7718.60009765625,0.00666277533426658,14.53,11.97,17.61,19.89,21.49,12.03,151.58,14.53,11.97,12.03
2026-09-09,KXINXU-26SEP09H1600,KXINXU-26SEP09H1600-T7579.9999,KXINXU,7580.0,1,7636.49,0.96,0.98,1.0,,1788960660,7660.68017578125,7636.35986328125,7673.52001953125,0.0066146161192443065,15.72,14.81,18.39,20.34,21.78,10.43,148.86,15.72,14.81,10.43
2026-09-09,KXINXU-26SEP09H1600,KXINXU-26SEP09H1600-T7594.9999,KXINXU,7595.0,1,7636.49,0.93,0.96,8.64,,1788960660,7660.68017578125,7636.35986328125,7673.52001953125,0.0066146161192443065,15.72,14.81,18.39,20.34,21.78,10.43,148.86,15.72,14.81,10.43
2026-09-09,KXINXU-26SEP09H1600,KXINXU-26SEP09H1600-T7609.9999,KXINXU,7610.0,1,7636.49,0.88,0.92,1.0,,1788960660,7660.68017578125,7636.35986328125,7673.52001953125,0.0066146161192443065,15.72,14.81,18.39,20.34,21.78,10.43,148.86,15.72,14.81,10.43
2026-09-09,KXINXU-26SEP09H1600,KXINXU-26SEP09H1600-T7624.9999,KXINXU,7625.0,1,7636.49,0.8,0.84,24.9,,1788960660,7660.68017578125,7636.35986328125,7673.52001953125,0.0066146161192443065,15.72,14.81,18.39,20.34,21.78,10.43,148.86,15.72,14.81,10.43
2026-09-09,KXINXU-26SEP09H1600,KXINXU-26SEP09H1600-T7639.9999,KXINXU,7640.0,0,7636.49,0.67,0.71,5.78,,1788960660,7660.68017578125,7636.35986328125,7673.52001953125,0.0066146161192443065,15.72,14.81,18.39,20.34,21.78,10.43,148.86,15.72,14.81,10.43
2026-09-09,KXINXU-26SEP09H1600,KXINXU-26SEP09H1600-T7669.9999,KXINXU,7670.0,0,7636.49,0.29,0.33,168.46000000000004,,1788960660,7660.68017578125,7636.35986328125,7673.52001953125,0.0066146161192443065,15.72,14.81,18.39,20.34,21.78,10.43,148.86,15.72,14.81,10.43
2026-09-09,KXINXU-26SEP09H1600,KXINXU-26SEP09H1600-T7684.9999,KXINXU,7685.0,0,7636.49,0.12,0.17,204.27,,1788960660,7660.68017578125,7636.35986328125,7673.52001953125,0.0066146161192443065,15.72,14.81,18.39,20.34,21.78,10.43,148.86,15.72,14.81,10.43
2026-09-09,KXINXU-26SEP09H1600,KXINXU-26SEP09H1600-T7714.9999,KXINXU,7715.0,0,7636.49,0.01,0.04,2.0,,1788960660,7660.68017578125,7636.35986328125,7673.52001953125,0.0066146161192443065,15.72,14.81,18.39,20.34,21.78,10.43,148.86,15.72,14.81,10.43
2026-09-09,KXINXU-26SEP09H1600,KXINXU-26SEP09H1600-T7729.9999,KXINXU,7730.0,0,7636.49,0.0,0.02,140.1,,1788960660,7660.68017578125,7636.35986328125,7673.52001953125,0.0066146161192443065,15.72,14.81,18.39,20.34,21.78,10.43,148.86,15.72,14.81,10.43
2026-09-10,KXINXU-26SEP10H1600,KXINXU-26SEP10H1600-T7574.9999,KXINXU,7575.0,1,7591.79,0.7,0.74,13.6,,1789047060,7594.740234375,7591.7001953125,7636.35986328125,0.0065224669886576265,16.46,15.59,18.87,20.63,21.97,11.45,149.25,16.46,15.59,11.45
2026-09-10,KXINXU-26SEP10H1600,KXINXU-26SEP10H1600-T7589.9999,KXINXU,7590.0,1,7591.79,0.57,0.6,9.79,,1789047060,7594.740234375,7591.7001953125,7636.35986328125,0.0065224669886576265,16.46,15.59,18.87,20.63,21.97,11.45,149.25,16.46,15.59,11.45
2026-09-10,KXINXU-26SEP10H1600,KXINXU-26SEP10H1600-T7604.9999,KXINXU,7605.0,0,7591.79,0.39,0.43,4.0,,1789047060,7594.740234375,7591.7001953125,7636.35986328125,0.0065224669886576265,16.46,15.59,18.87,20.63,21.97,11.45,149.25,16.46,15.59,11.45
2026-09-10,KXINXU-26SEP10H1600,KXINXU-26SEP10H1600-T7634.9999,KXINXU,7635.0,0,7591.79,0.13,0.15,31.0,,1789047060,7594.740234375,7591.7001953125,7636.35986328125,0.0065224669886576265,16.46,15.59,18.87,20.63,21.97,11.45,149.25,16.46,15.59,11.45
2026-09-10,KXINXU-26SEP10H1600,KXINXU-26SEP10H1600-T7649.9999,KXINXU,7650.0,0,7591.79,0.07,0.08,31.0,,1789047060,7594.740234375,7591.7001953125,7636.35986328125,0.0065224669886576265,16.46,15.59,18.87,20.63,21.97,11.45,149.25,16.46,15.59,11.45
2026-09-10,KXINXU-26SEP10H1600,KXINXU-26SEP10H1600-T7664.9999,KXINXU,7665.0,0,7591.79,0.02,0.04,12038.83,,1789047060,7594.740234375,7591.7001953125,7636.35986328125,0.0065224669886576265,16.46,15.59,18.87,20.63,21.97,11.45,149.25,16.46,15.59,11.45
2026-09-10,KXINXU-26SEP10H1600,KXINXU-26SEP10H1600-T7679.9999,KXINXU,7680.0,0,7591.79,0.0,0.02,30.0,,1789047060,7594.740234375,7591.7001953125,7636.35986328125,0.0065224669886576265,16.46,15.59,18.87,20.63,21.97,11.45,149.25,16.46,15.59,11.45
2026-09-11,KXINXU-26SEP11H1600,KXINXU-26SEP11H1600-T7489.9999,KXINXU,7490.0,1,7656.85,0.91,1.0,30.0,,1789133460,7636.75,7656.97998046875,7591.7001953125,0.006485206965008159,17.84,17.7,19.73,21.17,22.23,17.46,147.02,17.84,17.7,17.46
2026-09-11,KXINXU-26SEP11H1600,KXINXU-26SEP11H1600-T7534.9999,KXINXU,7535.0,1,7656.85,0.91,0.99,30.0,,1789133460,7636.75,7656.97998046875,7591.7001953125,0.006485206965008159,17.84,17.7,19.73,21.17,22.23,17.46,147.02,17.84,17.7,17.46
2026-09-11,KXINXU-26SEP11H1600,KXINXU-26SEP11H1600-T7549.9999,KXINXU,7550.0,1,7656.85,0.91,0.99,14.0,,1789133460,7636.75,7656.97998046875,7591.7001953125,0.006485206965008159,17.84,17.7,19.73,21.17,22.23,17.46,147.02,17.84,17.7,17.46
2026-09-11,KXINXU-26SEP11H1600,KXINXU-26SEP11H1600-T7579.9999,KXINXU,7580.0,1,7656.85,0.89,0.96,105.0,,1789133460,7636.75,7656.97998046875,7591.7001953125,0.006485206965008159,17.84,17.7,19.73,21.17,22.23,17.46,147.02,17.84,17.7,17.46
2026-09-11,KXINXU-26SEP11H1600,KXINXU-26SEP11H1600-T7594.9999,KXINXU,7595.0,1,7656.85,0.86,0.95,1.0,,1789133460,7636.75,7656.97998046875,7591.7001953125,0.006485206965008159,17.84,17.7,19.73,21.17,22.23,17.46,147.02,17.84,17.7,17.46
2026-09-11,KXINXU-26SEP11H1600,KXINXU-26SEP11H1600-T7609.9999,KXINXU,7610.0,1,7656.85,0.81,0.9,105.0,,1789133460,7636.75,7656.97998046875,7591.7001953125,0.006485206965008159,17.84,17.7,19.73,21.17,22.23,17.46,147.02,17.84,17.7,17.46
2026-09-14,KXINXU-26SEP14H1600,KXINXU-26SEP14H1600-T7594.9999,KXINXU,7595.0,1,7619.95,0.6,0.64,2.65,,1789392660,7611.43994140625,7619.97998046875,7656.97998046875,0.006625966983361731,15.84,14.47,18.6,20.39,21.75,12.98,154.49,15.84,14.47,12.98
2026-09-14,KXINXU-26SEP14H1600,KXINXU-26SEP14H1600-T7639.9999,KXINXU,7640.0,0,7619.95,0.12,0.13,5.0,,1789392660,7611.43994140625,7619.97998046875,7656.97998046875,0.006625966983361731,15.84,14.47,18.6,20.39,21.75,12.98,154.49,15.84,14.47,12.98
2026-09-14,KXINXU-26SEP14H1600,KXINXU-26SEP14H1600-T7654.9999,KXINXU,7655.0,0,7619.95,0.05,0.06,30.0,,1789392660,7611.43994140625,7619.97998046875,7656.97998046875,0.006625966983361731,15.84,14.47,18.6,20.39,21.75,12.98,154.49,15.84,14.47,12.98
2026-09-14,KXINXU-26SEP14H1600,KXINXU-26SEP14H1600-T7669.9999,KXINXU,7670.0,0,7619.95,0.01,0.02,31.0,,1789392660,7611.43994140625,7619.97998046875,7656.97998046875,0.006625966983361731,15.84,14.47,18.6,20.39,21.75,12.98,154.49,15.84,14.47,12.98
2026-09-14,KXINXU-26SEP14H1600,KXINXU-26SEP14H1600-T7684.9999,KXINXU,7685.0,0,7619.95,0.0,0.02,75.0,,1789392660,7611.43994140625,7619.97998046875,7656.97998046875,0.006625966983361731,15.84,14.47,18.6,20.39,21.75,12.98,154.49,15.84,14.47,12.98
2026-09-14,KXINXU-26SEP14H1600,KXINXU-26SEP14H1600-T7699.9999,KXINXU,7700.0,0,7619.95,0.0,0.01,5.0,,1789392360,7611.43994140625,7619.97998046875,7656.97998046875,0.006625966983361731,15.84,14.47,18.6,20.39,21.75,12.98,154.49,15.84,14.47,12.98
2026-09-15,KXINXU-26SEP15H1600,KXINXU-26SEP15H1600-T7544.9999,KXINXU,7545.0,1,7586.04,0.95,0.98,1.0,,1789479060,7612.2998046875,7585.72998046875,7619.97998046875,0.00653218699900036,17.1,16.91,19.28,20.71,21.97,12.02,152.09,17.1,16.91,12.02
2026-09-15,KXINXU-26SEP15H1600,KXINXU-26SEP15H1600-T7619.9999,KXINXU,7620.0,0,7586.04,0.39,0.41,78.71,,1789479060,7612.2998046875,7585.72998046875,7619.97998046875,0.00653218699900036,17.1,16.91,19.28,20.71,21.97,12.02,152.09,17.1,16.91,12.02
2026-09-15,KXINXU-26SEP15H1600,KXINXU-26SEP15H1600-T7634.9999,KXINXU,7635.0,0,7586.04,0.18,0.23,3.0,,1789479060,7612.2998046875,7585.72998046875,7619.97998046875,0.00653218699900036,17.1,16.91,19.28,20.71,21.97,12.02,152.09,17.1,16.91,12.02
2026-09-15,KXINXU-26SEP15H1600,KXINXU-26SEP15H1600-T7649.9999,KXINXU,7650.0,0,7586.04,0.08,0.11,29.51,,1789479060,7612.2998046875,7585.72998046875,7619.97998046875,0.00653218699900036,17.1,16.91,19.28,20.71,21.97,12.02,152.09,17.1,16.91,12.02
2026-09-15,KXINXU-26SEP15H1600,KXINXU-26SEP15H1600-T7679.9999,KXINXU,7680.0,0,7586.04,0.0,0.02,30.0,,1789479060,7612.2998046875,7585.72998046875,7619.97998046875,0.00653218699900036,17.1,16.91,19.28,20.71,21.97,12.02,152.09,17.1,16.91,12.02
2026-09-16,KXINXU-26SEP16H1600,KXINXU-26SEP16H1600-T7614.9999,KXINXU,7615.0,0,7552.25,0.47,0.5,32.5,,1789565460,7601.25,7551.81005859375,7585.72998046875,0.006426728883470885,17.2,17.21,19.36,20.76,21.88,17.14,146.61,17.2,17.21,17.14
2026-09-16,KXINXU-26SEP16H1600,KXINXU-26SEP16H1600-T7629.9999,KXINXU,7630.0,0,7552.25,0.36,0.4,40.0,,1789565460,7601.25,7551.81005859375,7585.72998046875,0.006426728883470885,17.2,17.21,19.36,20.76,21.88,17.14,146.61,17.2,17.21,17.14
2026-09-17,KXINXU-26SEP17H1600,KXINXU-26SEP17H1600-T7499.9999,KXINXU,7500.0,1,7637.71,0.99,1.0,20.0,,1789651860,7631.43994140625,7637.759765625,7551.81005859375,0.006326168653170087,17.71,17.4,19.73,21.03,22.07,17.01,145.95,17.71,17.4,17.01
2026-09-17,KXINXU-26SEP17H1600,KXINXU-26SEP17H1600-T7544.9999,KXINXU,7545.0,1,7637.71,0.98,1.0,1.0,,1789651860,7631.43994140625,7637.759765625,7551.81005859375,0.006326168653170087,17.71,17.4,19.73,21.03,22.07,17.01,145.95,17.71,17.4,17.01
2026-09-17,KXINXU-26SEP17H1600,KXINXU-26SEP17H1600-T7559.9999,KXINXU,7560.0,1,7637.71,0.97,0.98,1.0,,1789651860,7631.43994140625,7637.759765625,7551.81005859375,0.006326168653170087,17.71,17.4,19.73,21.03,22.07,17.01,145.95,17.71,17.4,17.01
2026-09-17,KXINXU-26SEP17H1600,KXINXU-26SEP17H1600-T7619.9999,KXINXU,7620.0,1,7637.71,0.75,0.79,1.0,,1789651860,7631.43994140625,7637.759765625,7551.81005859375,0.006326168653170087,17.71,17.4,19.73,21.03,22.07,17.01,145.95,17.71,17.4,17.01
2026-09-17,KXINXU-26SEP17H1600,KXINXU-26SEP17H1600-T7649.9999,KXINXU,7650.0,0,7637.71,0.41,0.45,17.3,,1789651860,7631.43994140625,7637.759765625,7551.81005859375,0.006326168653170087,17.71,17.4,19.73,21.03,22.07,17.01,145.95,17.71,17.4,17.01
2026-09-17,KXINXU-26SEP17H1600,KXINXU-26SEP17H1600-T7679.9999,KXINXU,7680.0,0,7637.71,0.1,0.11,1.0,,1789651860,7631.43994140625,7637.759765625,7551.81005859375,0.006326168653170087,17.71,17.4,19.73,21.03,22.07,17.01,145.95,17.71,17.4,17.01
2026-09-17,KXINXU-26SEP17H1600,KXINXU-26SEP17H1600-T7694.9999,KXINXU,7695.0,0,7637.71,0.02,0.04,596.63,,1789651860,7631.43994140625,7637.759765625,7551.81005859375,0.006326168653170087,17.71,17.4,19.73,21.03,22.07,17.01,145.95,17.71,17.4,17.01
2026-09-18,KXINXU-26SEP18H1600,KXINXU-26SEP18H1600-T7529.9999,KXINXU,7530.0,1,7650.12,0.98,1.0,6.46,,1789738140,7657.169921875,7650.5,7637.759765625,0.006724286151233242,15.44,13.39,18.55,20.3,21.72,13.12,145.7,15.44,13.39,13.12
2026-09-18,KXINXU-26SEP18H1600,KXINXU-26SEP18H1600-T7544.9999,KXINXU,7545.0,1,7650.12,0.97,0.99,1.0,,1789738260,7657.169921875,7650.5,7637.759765625,0.006724286151233242,15.44,13.39,18.55,20.3,21.72,13.12,145.7,15.44,13.39,13.12
2026-09-18,KXINXU-26SEP18H1600,KXINXU-26SEP18H1600-T7559.9999,KXINXU,7560.0,1,7650.12,0.97,0.98,1.0,,1789738260,7657.169921875,7650.5,7637.759765625,0.006724286151233242,15.44,13.39,18.55,20.3,21.72,13.12,145.7,15.44,13.39,13.12
2026-09-18,KXINXU-26SEP18H1600,KXINXU-26SEP18H1600-T7574.9999,KXINXU,7575.0,1,7650.12,0.95,0.96,35.0,,1789738260,7657.169921875,7650.5,7637.759765625,0.006724286151233242,15.44,13.39,18.55,20.3,21.72,13.12,145.7,15.44,13.39,13.12
2026-09-18,KXINXU-26SEP18H1600,KXINXU-26SEP18H1600-T7589.9999,KXINXU,7590.0,1,7650.12,0.92,0.94,19.0,,1789738260,7657.169921875,7650.5,7637.759765625,0.006724286151233242,15.44,13.39,18.55,20.3,21.72,13.12,145.7,15.44,13.39,13.12
2026-09-18,KXINXU-26SEP18H1600,KXINXU-26SEP18H1600-T7619.9999,KXINXU,7620.0,1,7650.12,0.75,0.79,3000.0,,1789738260,7657.169921875,7650.5,7637.759765625,0.006724286151233242,15.44,13.39,18.55,20.3,21.72,13.12,145.7,15.44,13.39,13.12
2026-09-18,KXINXU-26SEP18H1600,KXINXU-26SEP18H1600-T7634.9999,KXINXU,7635.0,1,7650.12,0.61,0.64,175.01999999999998,,1789738260,7657.169921875,7650.5,7637.759765625,0.006724286151233242,15.44,13.39,18.55,20.3,21.72,13.12,145.7,15.44,13.39,13.12
2026-09-18,KXINXU-26SEP18H1600,KXINXU-26SEP18H1600-T7649.9999,KXINXU,7650.0,1,7650.12,0.43,0.45,6.0,,1789738260,7657.169921875,7650.5,7637.759765625,0.006724286151233242,15.44,13.39,18.55,20.3,21.72,13.12,145.7,15.44,13.39,13.12
2026-09-18,KXINXU-26SEP18H1600,KXINXU-26SEP18H1600-T7664.9999,KXINXU,7665.0,0,7650.12,0.24,0.26,28.0,,1789738260,7657.169921875,7650.5,7637.759765625,0.006724286151233242,15.44,13.39,18.55,20.3,21.72,13.12,145.7,15.44,13.39,13.12
2026-09-18,KXINXU-26SEP18H1600,KXINXU-26SEP18H1600-T7679.9999,KXINXU,7680.0,0,7650.12,0.09,0.13,1168.57,,1789738260,7657.169921875,7650.5,7637.759765625,0.006724286151233242,15.44,13.39,18.55,20.3,21.72,13.12,145.7,15.44,13.39,13.12
2026-09-18,KXINXU-26SEP18H1600,KXINXU-26SEP18H1600-T7694.9999,KXINXU,7695.0,0,7650.12,0.03,0.05,203.0,,1789738260,7657.169921875,7650.5,7637.759765625,0.006724286151233242,15.44,13.39,18.55,20.3,21.72,13.12,145.7,15.44,13.39,13.12
2026-09-18,KXINXU-26SEP18H1600,KXINXU-26SEP18H1600-T7709.9999,KXINXU,7710.0,0,7650.12,0.01,0.03,52.0,,1789738260,7657.169921875,7650.5,7637.759765625,0.006724286151233242,15.44,13.39,18.55,20.3,21.72,13.12,145.7,15.44,13.39,13.12
2026-09-21,KXINXU-26SEP21H1600,KXINXU-26SEP21H1600-T7634.9999,KXINXU,7635.0,1,7764.8,0.97,0.99,1.0,,1789997460,7692.830078125,7764.7001953125,7650.5,0.006531554994341738,14.81,12.27,18.24,20.21,21.74,11.42,148.1,14.81,12.27,11.42
2026-09-21,KXINXU-26SEP21H1600,KXINXU-26SEP21H1600-T7649.9999,KXINXU,7650.0,1,7764.8,0.94,0.95,131.69,,1789997460,7692.830078125,7764.7001953125,7650.5,0.006531554994341738,14.81,12.27,18.24,20.21,21.74,11.42,148.1,14.81,12.27,11.42
2026-09-21,KXINXU-26SEP21H1600,KXINXU-26SEP21H1600-T7664.9999,KXINXU,7665.0,1,7764.8,0.87,0.93,1.0,,1789997460,7692.830078125,7764.7001953125,7650.5,0.006531554994341738,14.81,12.27,18.24,20.21,21.74,11.42,148.1,14.81,12.27,11.42
2026-09-21,KXINXU-26SEP21H1600,KXINXU-26SEP21H1600-T7679.9999,KXINXU,7680.0,1,7764.8,0.75,0.76,35.9,,1789997460,7692.830078125,7764.7001953125,7650.5,0.006531554994341738,14.81,12.27,18.24,20.21,21.74,11.42,148.1,14.81,12.27,11.42
2026-09-21,KXINXU-26SEP21H1600,KXINXU-26SEP21H1600-T7694.9999,KXINXU,7695.0,1,7764.8,0.51,0.55,487.5,,1789997460,7692.830078125,7764.7001953125,7650.5,0.006531554994341738,14.81,12.27,18.24,20.21,21.74,11.42,148.1,14.81,12.27,11.42
2026-09-21,KXINXU-26SEP21H1600,KXINXU-26SEP21H1600-T7709.9999,KXINXU,7710.0,1,7764.8,0.22,0.24,9360.0,,1789997460,7692.830078125,7764.7001953125,7650.5,0.006531554994341738,14.81,12.27,18.24,20.21,21.74,11.42,148.1,14.81,12.27,11.42
2026-09-23,KXINXU-26SEP23H1600,KXINXU-26SEP23H1600-T7744.9999,KXINXU,7745.0,0,7706.39,0.64,0.74,20.0,,1790170260,7761.93994140625,7706.02978515625,7764.64013671875,0.007083936287276659,14.21,12.13,17.61,19.79,21.59,8.83,144.8,14.21,12.13,8.83
2026-09-23,KXINXU-26SEP23H1600,KXINXU-26SEP23H1600-T7759.9999,KXINXU,7760.0,0,7706.39,0.39,0.48,22.33,,1790170260,7761.93994140625,7706.02978515625,7764.64013671875,0.007083936287276659,14.21,12.13,17.61,19.79,21.59,8.83,144.8,14.21,12.13,8.83
2026-09-24,KXINXU-26SEP24H1600,KXINXU-26SEP24H1600-T7599.9999,KXINXU,7600.0,1,7704.24,0.94,0.97,314.63,,1790256660,7666.990234375,7704.1298828125,7706.02978515625,0.0071127331418279404,15.18,13.45,18.11,20.11,21.69,10.71,146.15,15.18,13.45,10.71
2026-09-24,KXINXU-26SEP24H1600,KXINXU-26SEP24H1600-T7704.9999,KXINXU,7705.0,0,7704.24,0.11,0.16,5.88,,1790256660,7666.990234375,7704.1298828125,7706.02978515625,0.0071127331418279404,15.18,13.45,18.11,20.11,21.69,10.71,146.15,15.18,13.45,10.71
2026-09-24,KXINXU-26SEP24H1600,KXINXU-26SEP24H1600-T7719.9999,KXINXU,7720.0,0,7704.24,0.04,0.08,94.07,,1790256660,7666.990234375,7704.1298828125,7706.02978515625,0.0071127331418279404,15.18,13.45,18.11,20.11,21.69,10.71,146.15,15.18,13.45,10.71
2026-09-25,KXINXU-26SEP25H1600,KXINXU-26SEP25H1600-T7674.9999,KXINXU,7675.0,1,7743.41,0.86,0.91,24.0,,1790343060,7709.85986328125,7743.41015625,7704.1298828125,0.006896389329607959,15.67,14.11,18.43,20.35,21.82,12.1,146.04,15.67,14.11,12.1
2026-09-25,KXINXU-26SEP25H1600,KXINXU-26SEP25H1600-T7689.9999,KXINXU,7690.0,1,7743.41,0.75,0.81,12.0,,1790343060,7709.85986328125,7743.41015625,7704.1298828125,0.006896389329607959,15.67,14.11,18.43,20.35,21.82,12.1,146.04,15.67,14.11,12.1
2026-09-25,KXINXU-26SEP25H1600,KXINXU-26SEP25H1600-T7704.9999,KXINXU,7705.0,1,7743.41,0.61,0.63,3.0,,1790343060,7709.85986328125,7743.41015625,7704.1298828125,0.006896389329607959,15.67,14.11,18.43,20.35,21.82,12.1,146.04,15.67,14.11,12.1
2026-09-25,KXINXU-26SEP25H1600,KXINXU-26SEP25H1600-T7719.9999,KXINXU,7720.0,1,7743.41,0.39,0.43,3.0,,1790343060,7709.85986328125,7743.41015625,7704.1298828125,0.006896389329607959,15.67,14.11,18.43,20.35,21.82,12.1,146.04,15.67,14.11,12.1
2026-09-25,KXINXU-26SEP25H1600,KXINXU-26SEP25H1600-T7734.9999,KXINXU,7735.0,1,7743.41,0.18,0.26,75.02,,1790343060,7709.85986328125,7743.41015625,7704.1298828125,0.006896389329607959,15.67,14.11,18.43,20.35,21.82,12.1,146.04,15.67,14.11,12.1
2026-09-25,KXINXU-26SEP25H1600,KXINXU-26SEP25H1600-T7749.9999,KXINXU,7750.0,0,7743.41,0.06,0.13,8.0,,1790343060,7709.85986328125,7743.41015625,7704.1298828125,0.006896389329607959,15.67,14.11,18.43,20.35,21.82,12.1,146.04,15.67,14.11,12.1
2026-09-25,KXINXU-26SEP25H1600,KXINXU-26SEP25H1600-T7764.9999,KXINXU,7765.0,0,7743.41,0.01,0.06,128.36,,1790343060,7709.85986328125,7743.41015625,7704.1298828125,0.006896389329607959,15.67,14.11,18.43,20.35,21.82,12.1,146.04,15.67,14.11,12.1
2026-09-25,KXINXU-26SEP25H1600,KXINXU-26SEP25H1600-T7779.9999,KXINXU,7780.0,0,7743.41,0.01,0.03,150.0,,1790343060,7709.85986328125,7743.41015625,7704.1298828125,0.006896389329607959,15.67,14.11,18.43,20.35,21.82,12.1,146.04,15.67,14.11,12.1
2026-09-28,KXINXU-26SEP28H1600,KXINXU-26SEP28H1600-T7664.9999,KXINXU,7665.0,1,7683.69,0.89,0.91,2.0,,1790602260,7721.7001953125,7683.68994140625,7743.41015625,0.006800711681514284,14.87,12.76,17.93,20.01,21.6,12.51,144.91,14.87,12.76,12.51
2026-09-29,KXINXU-26SEP29H1600,KXINXU-26SEP29H1600-T7649.9999,KXINXU,7650.0,1,7670.84,0.86,0.89,1.0,,1790688660,7699.60009765625,7670.83984375,7683.68994140625,0.006860849265571307,16.07,14.39,18.23,20.25,21.66,11.27,146.25,16.07,14.39,11.27
2026-09-29,KXINXU-26SEP29H1600,KXINXU-26SEP29H1600-T7709.9999,KXINXU,7710.0,0,7670.84,0.27,0.32,12.79,,1790688660,7699.60009765625,7670.83984375,7683.68994140625,0.006860849265571307,16.07,14.39,18.23,20.25,21.66,11.27,146.25,16.07,14.39,11.27
2026-09-30,KXINXU-26SEP30H1600,KXINXU-26SEP30H1600-T7674.9999,KXINXU,7675.0,0,7651.54,0.71,0.75,37.0,,1790775060,7688.990234375,7651.5400390625,7670.83984375,0.006664463110975607,16.04,14.21,18.09,20.2,21.67,11.69,144.58,16.04,14.21,11.69
2026-09-30,KXINXU-26SEP30H1600,KXINXU-26SEP30H1600-T7689.9999,KXINXU,7690.0,0,7651.54,0.57,0.59,61.36,,1790775060,7688.990234375,7651.5400390625,7670.83984375,0.006664463110975607,16.04,14.21,18.09,20.2,21.67,11.69,144.58,16.04,14.21,11.69
2026-09-30,KXINXU-26SEP30H1600,KXINXU-26SEP30H1600-T7704.9999,KXINXU,7705.0,0,7651.54,0.4,0.42,43.08,,1790775060,7688.990234375,7651.5400390625,7670.83984375,0.006664463110975607,16.04,14.21,18.09,20.2,21.67,11.69,144.58,16.04,14.21,11.69
2026-09-30,KXINXU-26SEP30H1600,KXINXU-26SEP30H1600-T7734.9999,KXINXU,7735.0,0,7651.54,0.11,0.15,194.57,,1790775060,7688.990234375,7651.5400390625,7670.83984375,0.006664463110975607,16.04,14.21,18.09,20.2,21.67,11.69,144.58,16.04,14.21,11.69
2026-09-30,KXINXU-26SEP30H1600,KXINXU-26SEP30H1600-T7749.9999,KXINXU,7750.0,0,7651.54,0.03,0.08,200.0,,1790775060,7688.990234375,7651.5400390625,7670.83984375,0.006664463110975607,16.04,14.21,18.09,20.2,21.67,11.69,144.58,16.04,14.21,11.69
2026-10-01,KXINXU-26OCT01H1600,KXINXU-26OCT01H1600-T7619.9999,KXINXU,7620.0,1,7666.45,0.89,0.9,1.0,,1790861460,7666.47021484375,7666.4501953125,7651.5400390625,0.006490835401481295,16.34,14.2,18.37,20.35,21.8,12.2,141.92,16.34,14.2,12.2
2026-10-01,KXINXU-26OCT01H1600,KXINXU-26OCT01H1600-T7649.9999,KXINXU,7650.0,1,7666.45,0.7,0.72,2000.0,,1790861460,7666.47021484375,7666.4501953125,7651.5400390625,0.006490835401481295,16.34,14.2,18.37,20.35,21.8,12.2,141.92,16.34,14.2,12.2
2026-10-01,KXINXU-26OCT01H1600,KXINXU-26OCT01H1600-T7664.9999,KXINXU,7665.0,1,7666.45,0.54,0.58,34.0,,1790861460,7666.47021484375,7666.4501953125,7651.5400390625,0.006490835401481295,16.34,14.2,18.37,20.35,21.8,12.2,141.92,16.34,14.2,12.2
2026-10-01,KXINXU-26OCT01H1600,KXINXU-26OCT01H1600-T7679.9999,KXINXU,7680.0,0,7666.45,0.39,0.44,25.6,,1790861460,7666.47021484375,7666.4501953125,7651.5400390625,0.006490835401481295,16.34,14.2,18.37,20.35,21.8,12.2,141.92,16.34,14.2,12.2
2026-10-02,KXINXU-26OCT02H1600,KXINXU-26OCT02H1600-T7619.9999,KXINXU,7620.0,1,7722.72,0.96,1.0,103.0,,1790947680,7726.240234375,7722.72021484375,7666.4501953125,0.006311138827820145,16.39,14.0,18.58,20.52,21.93,13.85,142.77,16.39,14.0,13.85
2026-10-02,KXINXU-26OCT02H1600,KXINXU-26OCT02H1600-T7649.9999,KXINXU,7650.0,1,7722.72,0.93,0.98,1.0,,1790947740,7726.240234375,7722.72021484375,7666.4501953125,0.006311138827820145,16.39,14.0,18.58,20.52,21.93,13.85,142.77,16.39,14.0,13.85
2026-10-02,KXINXU-26OCT02H1600,KXINXU-26OCT02H1600-T7679.9999,KXINXU,7680.0,1,7722.72,0.89,0.93,162.4,,1790947860,7726.240234375,7722.72021484375,7666.4501953125,0.006311138827820145,16.39,14.0,18.58,20.52,21.93,13.85,142.77,16.39,14.0,13.85
2026-10-02,KXINXU-26OCT02H1600,KXINXU-26OCT02H1600-T7694.9999,KXINXU,7695.0,1,7722.72,0.86,0.87,6.0,,1790947860,7726.240234375,7722.72021484375,7666.4501953125,0.006311138827820145,16.39,14.0,18.58,20.52,21.93,13.85,142.77,16.39,14.0,13.85
2026-10-02,KXINXU-26OCT02H1600,KXINXU-26OCT02H1600-T7709.9999,KXINXU,7710.0,1,7722.72,0.73,0.77,202.0,,1790947860,7726.240234375,7722.72021484375,7666.4501953125,0.006311138827820145,16.39,14.0,18.58,20.52,21.93,13.85,142.77,16.39,14.0,13.85
2026-10-02,KXINXU-26OCT02H1600,KXINXU-26OCT02H1600-T7739.9999,KXINXU,7740.0,0,7722.72,0.4,0.44,60.38,,1790947860,7726.240234375,7722.72021484375,7666.4501953125,0.006311138827820145,16.39,14.0,18.58,20.52,21.93,13.85,142.77,16.39,14.0,13.85
2026-10-02,KXINXU-26OCT02H1600,KXINXU-26OCT02H1600-T7754.9999,KXINXU,7755.0,0,7722.72,0.23,0.27,35.0,,1790947860,7726.240234375,7722.72021484375,7666.4501953125,0.006311138827820145,16.39,14.0,18.58,20.52,21.93,13.85,142.77,16.39,14.0,13.85
2026-10-05,KXINXU-26OCT05H1600,KXINXU-26OCT05H1600-T7659.9999,KXINXU,7660.0,1,7773.95,0.94,0.95,1200.0,,1791207060,7730.85986328125,7773.9501953125,7722.72021484375,0.006375689343897321,15.31,12.06,18.01,20.15,21.76,10.76,144.88,15.31,12.06,10.76
2026-10-05,KXINXU-26OCT05H1600,KXINXU-26OCT05H1600-T7689.9999,KXINXU,7690.0,1,7773.95,0.85,0.89,1500.0,,1791207060,7730.85986328125,7773.9501953125,7722.72021484375,0.006375689343897321,15.31,12.06,18.01,20.15,21.76,10.76,144.88,15.31,12.06,10.76
2026-10-05,KXINXU-26OCT05H1600,KXINXU-26OCT05H1600-T7719.9999,KXINXU,7720.0,1,7773.95,0.62,0.64,18.95,,1791207060,7730.85986328125,7773.9501953125,7722.72021484375,0.006375689343897321,15.31,12.06,18.01,20.15,21.76,10.76,144.88,15.31,12.06,10.76
2026-10-05,KXINXU-26OCT05H1600,KXINXU-26OCT05H1600-T7749.9999,KXINXU,7750.0,1,7773.95,0.25,0.3,4.98,,1791207060,7730.85986328125,7773.9501953125,7722.72021484375,0.006375689343897321,15.31,12.06,18.01,20.15,21.76,10.76,144.88,15.31,12.06,10.76
2026-10-06,KXINXU-26OCT06H1600,KXINXU-26OCT06H1600-T7829.9999,KXINXU,7830.0,0,7818.93,0.28,0.32,19.78,,1791293460,7805.9599609375,7818.93017578125,7773.9501953125,0.006390099968264116,15.52,12.85,18.0,20.07,21.75,8.98,143.04,15.52,12.85,8.98
2026-10-07,KXINXU-26OCT07H1600,KXINXU-26OCT07H1600-T7784.9999,KXINXU,7785.0,1,7801.77,0.56,0.59,1.59,,1791379860,7792.97998046875,7801.77001953125,7818.93017578125,0.006354563341542795,15.01,12.03,17.64,19.84,21.65,8.69,141.21,15.01,12.03,8.69
2026-10-07,KXINXU-26OCT07H1600,KXINXU-26OCT07H1600-T7799.9999,KXINXU,7800.0,1,7801.77,0.36,0.4,2903.72,,1791379860,7792.97998046875,7801.77001953125,7818.93017578125,0.006354563341542795,15.01,12.03,17.64,19.84,21.65,8.69,141.21,15.01,12.03,8.69
2026-10-07,KXINXU-26OCT07H1600,KXINXU-26OCT07H1600-T7814.9999,KXINXU,7815.0,0,7801.77,0.18,0.23,13.0,,1791379860,7792.97998046875,7801.77001953125,7818.93017578125,0.006354563341542795,15.01,12.03,17.64,19.84,21.65,8.69,141.21,15.01,12.03,8.69
2026-10-07,KXINXU-26OCT07H1600,KXINXU-26OCT07H1600-T7829.9999,KXINXU,7830.0,0,7801.77,0.08,0.12,1.0,,1791379860,7792.97998046875,7801.77001953125,7818.93017578125,0.006354563341542795,15.01,12.03,17.64,19.84,21.65,8.69,141.21,15.01,12.03,8.69
2026-10-08,KXINXU-26OCT08H1600,KXINXU-26OCT08H1600-T7724.9999,KXINXU,7725.0,1,7765.36,0.9,0.94,49.85,,1791466260,7778.4501953125,7765.35986328125,7801.77001953125,0.0061844383603773395,15.08,11.78,17.72,19.86,21.67,9.3,141.84,15.08,11.78,9.3
2026-10-08,KXINXU-26OCT08H1600,KXINXU-26OCT08H1600-T7754.9999,KXINXU,7755.0,1,7765.36,0.72,0.76,85.03,,1791466260,7778.4501953125,7765.35986328125,7801.77001953125,0.0061844383603773395,15.08,11.78,17.72,19.86,21.67,9.3,141.84,15.08,11.78,9.3
2026-10-08,KXINXU-26OCT08H1600,KXINXU-26OCT08H1600-T7769.9999,KXINXU,7770.0,0,7765.36,0.56,0.59,330.55,,1791466260,7778.4501953125,7765.35986328125,7801.77001953125,0.0061844383603773395,15.08,11.78,17.72,19.86,21.67,9.3,141.84,15.08,11.78,9.3
2026-10-08,KXINXU-26OCT08H1600,KXINXU-26OCT08H1600-T7784.9999,KXINXU,7785.0,0,7765.36,0.36,0.39,247.14,,1791466260,7778.4501953125,7765.35986328125,7801.77001953125,0.0061844383603773395,15.08,11.78,17.72,19.86,21.67,9.3,141.84,15.08,11.78,9.3
2026-10-08,KXINXU-26OCT08H1600,KXINXU-26OCT08H1600-T7799.9999,KXINXU,7800.0,0,7765.36,0.23,0.24,50.0,,1791466260,7778.4501953125,7765.35986328125,7801.77001953125,0.0061844383603773395,15.08,11.78,17.72,19.86,21.67,9.3,141.84,15.08,11.78,9.3
